file,frame,bead,x_px,y_px,area_px,circularity,disc_mean,ring_mean,bg_mean,bg_sd,bg_n,bg_source,image_bg_mean,image_bg_sd,disc_max,timepoint,code,well,position,repeat,well_name,status,pixel_um,other_res,field,same_as,n_beads,image,treatment,dose,F,SNR,saturated
AD_2026.09.23-BW1.1_0002.oir,1,1,1304.4,224.6,1266,0.87,52.491,40.857,26.396,4.577,2139,local,26.234,4.665,99,before,P0.5,1,1,2,W1,used,0.1036,False,0,,8,W1.1,Probe 0.25,0.25,14.460999999999999,3.1594931177627266,False
AD_2026.09.23-BW1.1_0002.oir,1,2,770.5,271.1,1439,0.903,48.435,41.069,26.398,4.726,2298,local,26.234,4.665,86,before,P0.5,1,1,2,W1,used,0.1036,False,0,,8,W1.1,Probe 0.25,0.25,14.671000000000003,3.1043165467625906,False
AD_2026.09.23-BW1.1_0002.oir,1,3,1358.8,407.7,1558,0.896,47.268,38.865,26.223,4.563,2355,local,26.234,4.665,96,before,P0.5,1,1,2,W1,used,0.1036,False,0,,8,W1.1,Probe 0.25,0.25,12.642000000000003,2.7705456936226174,False
AD_2026.09.23-BW1.1_0002.oir,1,4,984.7,754.2,1760,0.892,46.728,43.194,26.124,4.686,2456,local,26.234,4.665,75,before,P0.5,1,1,2,W1,used,0.1036,False,0,,8,W1.1,Probe 0.25,0.25,17.070000000000004,3.642765685019207,False
AD_2026.09.23-BW1.1_0002.oir,1,5,1658.2,968.1,1254,0.887,46.959,40.972,26.174,4.643,2219,local,26.234,4.665,83,before,P0.5,1,1,2,W1,used,0.1036,False,0,,8,W1.1,Probe 0.25,0.25,14.798000000000002,3.187163471893173,False
AD_2026.09.23-BW1.1_0002.oir,1,6,705.1,1162.3,1416,0.87,65.907,54.601,26.011,4.753,2311,local,26.234,4.665,118,before,P0.5,1,1,2,W1,used,0.1036,False,0,,8,W1.1,Probe 0.25,0.25,28.59,6.015148327372186,False
AD_2026.09.23-BW1.1_0002.oir,1,7,1309.3,1814.0,1372,0.896,54.374,46.1,26.349,4.726,2275,local,26.234,4.665,96,before,P0.5,1,1,2,W1,used,0.1036,False,0,,8,W1.1,Probe 0.25,0.25,19.751,4.179221328819298,False
AD_2026.09.23-BW1.1_0002.oir,1,8,668.5,1867.3,2103,0.893,51.731,41.981,26.368,4.834,2599,local,26.234,4.665,96,before,P0.5,1,1,2,W1,used,0.1036,False,0,,8,W1.1,Probe 0.25,0.25,15.613000000000003,3.2298303682250733,False
AD_2026.09.23-BW1.2.oir,1,1,902.2,512.3,1463,0.892,67.587,54.556,26.345,4.533,2319,local,26.345,4.677,126,before,P0.5,1,2,0,W1,used,0.1036,False,0,,13,W1.2,Probe 0.25,0.25,28.211,6.223472314140745,False
AD_2026.09.23-BW1.2.oir,1,2,1544.9,527.0,1409,0.902,66.142,60.586,26.412,4.808,2287,local,26.345,4.677,106,before,P0.5,1,2,0,W1,used,0.1036,False,0,,13,W1.2,Probe 0.25,0.25,34.174,7.107737104825292,False
AD_2026.09.23-BW1.2.oir,1,3,525.0,707.3,1027,0.914,58.768,54.106,26.432,4.711,2077,local,26.345,4.677,109,before,P0.5,1,2,0,W1,used,0.1036,False,0,,13,W1.2,Probe 0.25,0.25,27.674000000000003,5.874336658883465,False
AD_2026.09.23-BW1.2.oir,1,4,235.5,993.4,914,0.88,34.776,33.793,26.421,4.668,2031,local,26.345,4.677,56,before,P0.5,1,2,0,W1,used,0.1036,False,0,,13,W1.2,Probe 0.25,0.25,7.372,1.5792630676949442,False
AD_2026.09.23-BW1.2.oir,1,5,1683.3,1051.5,1065,0.884,66.383,61.841,26.491,4.772,2120,local,26.345,4.677,124,before,P0.5,1,2,0,W1,used,0.1036,False,0,,13,W1.2,Probe 0.25,0.25,35.35,7.407795473595977,False
AD_2026.09.23-BW1.2.oir,1,6,694.3,1106.6,1085,0.888,64.861,56.259,26.561,4.644,2129,local,26.345,4.677,112,before,P0.5,1,2,0,W1,used,0.1036,False,0,,13,W1.2,Probe 0.25,0.25,29.698,6.394918173987941,False
AD_2026.09.23-BW1.2.oir,1,7,885.1,1405.8,981,0.861,37.319,31.513,26.672,4.669,1642,local,26.345,4.677,72,before,P0.5,1,2,0,W1,used,0.1036,False,0,,13,W1.2,Probe 0.25,0.25,4.841000000000001,1.0368387234953955,False
AD_2026.09.23-BW1.2.oir,1,8,834.2,1406.6,1193,0.801,36.876,31.156,26.529,4.793,1317,local,26.345,4.677,79,before,P0.5,1,2,0,W1,used,0.1036,False,0,,13,W1.2,Probe 0.25,0.25,4.626999999999999,0.9653661589818483,False
AD_2026.09.23-BW1.2.oir,1,9,1545.7,1589.7,1106,0.885,74.96,64.371,26.468,4.536,2139,local,26.345,4.677,127,before,P0.5,1,2,0,W1,used,0.1036,False,0,,13,W1.2,Probe 0.25,0.25,37.90299999999999,8.356040564373897,False
AD_2026.09.23-BW1.2.oir,1,10,1705.6,1682.2,1299,0.892,75.052,64.832,26.29,4.696,2238,local,26.345,4.677,133,before,P0.5,1,2,0,W1,used,0.1036,False,0,,13,W1.2,Probe 0.25,0.25,38.541999999999994,8.207410562180579,False
AD_2026.09.23-BW1.2.oir,1,11,558.5,1808.1,912,0.887,52.341,49.426,26.243,4.641,2028,local,26.345,4.677,90,before,P0.5,1,2,0,W1,used,0.1036,False,0,,13,W1.2,Probe 0.25,0.25,23.183000000000003,4.995259642318467,False
AD_2026.09.23-BW1.2.oir,1,12,1959.1,1914.6,1279,0.889,62.122,55.981,26.212,4.648,1892,local,26.345,4.677,110,before,P0.5,1,2,0,W1,used,0.1036,False,0,,13,W1.2,Probe 0.25,0.25,29.769000000000002,6.404690189328744,False
AD_2026.09.23-BW1.2.oir,1,13,1926.1,1956.0,1035,0.895,70.867,58.902,26.299,4.568,1740,local,26.345,4.677,121,before,P0.5,1,2,0,W1,used,0.1036,False,0,,13,W1.2,Probe 0.25,0.25,32.603,7.1372591943957975,False
AD_2026.09.23-BW1.3.oir,1,1,1414.1,222.1,837,0.77,26.588,26.636,26.607,4.765,1382,local,26.544,4.707,44,before,P0.5,1,3,0,W1,used,0.1036,False,0,,16,W1.3,Probe 0.25,0.25,0.028999999999999915,0.006086044071353602,False
AD_2026.09.23-BW1.3.oir,1,2,362.4,277.9,993,0.893,59.513,50.994,26.495,4.772,2073,local,26.544,4.707,106,before,P0.5,1,3,0,W1,used,0.1036,False,0,,16,W1.3,Probe 0.25,0.25,24.499,5.133906119027661,False
AD_2026.09.23-BW1.3.oir,1,3,241.8,476.1,1391,0.89,62.39,55.167,26.53,4.636,2284,local,26.544,4.707,106,before,P0.5,1,3,0,W1,used,0.1036,False,0,,16,W1.3,Probe 0.25,0.25,28.637,6.17709232096635,False
AD_2026.09.23-BW1.3.oir,1,4,1061.5,587.4,1193,0.811,26.604,26.577,26.513,4.858,1609,local,26.544,4.707,49,before,P0.5,1,3,0,W1,used,0.1036,False,0,,16,W1.3,Probe 0.25,0.25,0.06400000000000006,0.01317414573898725,False
AD_2026.09.23-BW1.3.oir,1,5,450.6,604.5,1719,0.782,26.506,26.661,26.464,4.607,2110,local,26.544,4.707,41,before,P0.5,1,3,0,W1,used,0.1036,False,0,,16,W1.3,Probe 0.25,0.25,0.19700000000000273,0.042761015845453165,False
AD_2026.09.23-BW1.3.oir,1,6,498.9,636.1,1295,0.811,26.605,26.765,26.495,4.627,1826,local,26.544,4.707,40,before,P0.5,1,3,0,W1,used,0.1036,False,0,,16,W1.3,Probe 0.25,0.25,0.2699999999999996,0.05835314458612483,False
AD_2026.09.23-BW1.3.oir,1,7,1562.2,755.7,1010,0.887,62.032,56.667,26.555,4.607,2085,local,26.544,4.707,98,before,P0.5,1,3,0,W1,used,0.1036,False,0,,16,W1.3,Probe 0.25,0.25,30.112000000000002,6.5361406555242025,False
AD_2026.09.23-BW1.3.oir,1,8,493.2,1062.5,1060,0.9,69.545,62.247,26.528,4.554,2107,local,26.544,4.707,109,before,P0.5,1,3,0,W1,used,0.1036,False,0,,16,W1.3,Probe 0.25,0.25,35.719,7.843434343434343,False
AD_2026.09.23-BW1.3.oir,1,9,1326.0,1207.9,1233,0.902,63.253,55.244,26.57,4.632,2200,local,26.544,4.707,102,before,P0.5,1,3,0,W1,used,0.1036,False,0,,16,W1.3,Probe 0.25,0.25,28.674,6.190414507772021,False
AD_2026.09.23-BW1.3.oir,1,10,1041.6,1433.3,1692,0.784,26.882,26.72,26.598,4.735,1869,local,26.544,4.707,47,before,P0.5,1,3,0,W1,used,0.1036,False,0,,16,W1.3,Probe 0.25,0.25,0.12199999999999989,0.025765575501583923,False
AD_2026.09.23-BW1.3.oir,1,11,1126.8,1463.8,1731,0.861,26.661,26.615,26.484,4.872,1902,local,26.544,4.707,44,before,P0.5,1,3,0,W1,used,0.1036,False,0,,16,W1.3,Probe 0.25,0.25,0.13099999999999667,0.026888341543513276,False
AD_2026.09.23-BW1.3.oir,1,12,1084.6,1496.3,1513,0.75,26.571,26.599,26.445,4.649,1292,local,26.544,4.707,41,before,P0.5,1,3,0,W1,used,0.1036,False,0,,16,W1.3,Probe 0.25,0.25,0.15399999999999991,0.03312540331254031,False
AD_2026.09.23-BW1.3.oir,1,13,1126.9,1594.9,1278,0.896,68.765,59.853,26.487,4.562,2226,local,26.544,4.707,122,before,P0.5,1,3,0,W1,used,0.1036,False,0,,16,W1.3,Probe 0.25,0.25,33.366,7.313897413415169,False
AD_2026.09.23-BW1.3.oir,1,14,1726.0,1677.6,1426,0.902,70.835,61.744,26.603,4.618,2297,local,26.544,4.707,114,before,P0.5,1,3,0,W1,used,0.1036,False,0,,16,W1.3,Probe 0.25,0.25,35.141,7.60957124296232,False
AD_2026.09.23-BW1.3.oir,1,15,1578.2,1735.3,1031,0.896,68.262,59.057,26.697,4.65,2093,local,26.544,4.707,119,before,P0.5,1,3,0,W1,used,0.1036,False,0,,16,W1.3,Probe 0.25,0.25,32.36,6.9591397849462355,False
AD_2026.09.23-BW1.3.oir,1,16,615.0,1806.7,1110,0.9,65.107,58.135,26.725,4.623,2136,local,26.544,4.707,109,before,P0.5,1,3,0,W1,used,0.1036,False,0,,16,W1.3,Probe 0.25,0.25,31.409999999999997,6.794289422452952,False
AD_2026.09.23-BW10.1_0001.oir,1,1,1359.0,63.1,916,0.873,29.064,29.175,28.826,4.688,2031,local,28.897,4.894,45,before,AV1,10,1,1,W10,used,0.1036,False,0,,28,W10.1,Buffer only,0.0,0.3490000000000002,0.07444539249146763,False
AD_2026.09.23-BW10.1_0001.oir,1,2,1111.2,263.0,513,0.69,28.982,29.083,29.027,4.688,709,local,28.897,4.894,42,before,AV1,10,1,1,W10,used,0.1036,False,0,,28,W10.1,Buffer only,0.0,0.055999999999997385,0.011945392491467019,False
AD_2026.09.23-BW10.1_0001.oir,1,3,1688.6,297.6,990,0.899,33.445,31.203,28.825,4.76,2070,local,28.897,4.894,56,before,AV1,10,1,1,W10,used,0.1036,False,0,,28,W10.1,Buffer only,0.0,2.378,0.49957983193277317,False
AD_2026.09.23-BW10.1_0001.oir,1,4,1942.2,560.9,846,0.902,66.292,59.445,28.926,4.625,1979,local,28.897,4.894,111,before,AV1,10,1,1,W10,used,0.1036,False,0,,28,W10.1,Buffer only,0.0,30.519000000000002,6.598702702702703,False
AD_2026.09.23-BW10.1_0001.oir,1,5,1418.2,601.7,1032,0.795,28.946,28.985,28.967,4.686,1169,local,28.897,4.894,48,before,AV1,10,1,1,W10,used,0.1036,False,0,,28,W10.1,Buffer only,0.0,0.018000000000000682,0.003841229193342015,False
AD_2026.09.23-BW10.1_0001.oir,1,6,505.4,689.6,1004,0.878,61.349,58.032,28.902,4.701,2084,local,28.897,4.894,100,before,AV1,10,1,1,W10,used,0.1036,False,0,,28,W10.1,Buffer only,0.0,29.129999999999995,6.196553924696873,False
AD_2026.09.23-BW10.1_0001.oir,1,7,1509.2,702.7,2036,0.789,29.097,28.948,28.865,4.923,1232,local,28.897,4.894,47,before,AV1,10,1,1,W10,used,0.1036,False,0,,28,W10.1,Buffer only,0.0,0.08300000000000196,0.016859638431850895,False
AD_2026.09.23-BW10.1_0001.oir,1,8,1467.6,739.9,612,0.701,28.812,28.858,29.104,5.237,241,local,28.897,4.894,44,before,AV1,10,1,1,W10,used,0.1036,False,0,,28,W10.1,Buffer only,0.0,-0.24599999999999866,-0.046973458086690595,False
AD_2026.09.23-BW10.1_0001.oir,1,9,1497.3,776.2,794,0.697,28.839,28.739,28.83,4.798,305,local,28.897,4.894,45,before,AV1,10,1,1,W10,used,0.1036,False,0,,28,W10.1,Buffer only,0.0,-0.09099999999999753,-0.018966235931637668,False
AD_2026.09.23-BW10.1_0001.oir,1,10,253.5,857.6,619,0.906,58.837,57.008,28.722,4.842,1816,local,28.897,4.894,94,before,AV1,10,1,1,W10,used,0.1036,False,0,,28,W10.1,Buffer only,0.0,28.286,5.841800908715408,False
AD_2026.09.23-BW10.1_0001.oir,1,11,845.1,866.8,1326,0.817,38.247,32.962,28.956,4.684,1838,local,28.897,4.894,85,before,AV1,10,1,1,W10,used,0.1036,False,0,,28,W10.1,Buffer only,0.0,4.006000000000004,0.855251921434672,False
AD_2026.09.23-BW10.1_0001.oir,1,12,393.4,879.9,830,0.904,62.669,58.76,28.989,5.115,1889,local,28.897,4.894,105,before,AV1,10,1,1,W10,used,0.1036,False,0,,28,W10.1,Buffer only,0.0,29.770999999999997,5.820332355816226,False
AD_2026.09.23-BW10.1_0001.oir,1,13,872.8,908.3,1312,0.882,29.036,28.856,28.863,4.754,1792,local,28.897,4.894,45,before,AV1,10,1,1,W10,used,0.1036,False,0,,28,W10.1,Buffer only,0.0,-0.006999999999997897,-0.0014724442574669536,False
AD_2026.09.23-BW10.1_0001.oir,1,14,257.6,1097.4,857,0.89,66.776,63.97,28.923,4.806,1996,local,28.897,4.894,111,before,AV1,10,1,1,W10,used,0.1036,False,0,,28,W10.1,Buffer only,0.0,35.047,7.292342904702455,False
AD_2026.09.23-BW10.1_0001.oir,1,15,774.7,1106.5,2130,0.786,32.153,30.316,29.003,4.776,2721,local,28.897,4.894,64,before,AV1,10,1,1,W10,used,0.1036,False,0,,28,W10.1,Buffer only,0.0,1.3129999999999988,0.2749162479061974,False
AD_2026.09.23-BW10.1_0001.oir,1,16,1204.7,1167.0,764,0.892,86.694,82.536,28.97,4.809,1932,local,28.897,4.894,130,before,AV1,10,1,1,W10,used,0.1036,False,0,,28,W10.1,Buffer only,0.0,53.566,11.138698274069453,False
AD_2026.09.23-BW10.1_0001.oir,1,17,789.9,1196.9,2055,0.784,28.922,28.909,28.73,4.647,1968,local,28.897,4.894,48,before,AV1,10,1,1,W10,used,0.1036,False,0,,28,W10.1,Buffer only,0.0,0.1789999999999985,0.03851947493006208,False
AD_2026.09.23-BW10.1_0001.oir,1,18,809.7,1242.8,1374,0.798,29.084,29.192,28.852,4.709,1197,local,28.897,4.894,46,before,AV1,10,1,1,W10,used,0.1036,False,0,,28,W10.1,Buffer only,0.0,0.33999999999999986,0.07220216606498192,False
AD_2026.09.23-BW10.1_0001.oir,1,19,851.0,1255.0,947,0.814,30.188,29.848,28.964,4.794,1533,local,28.897,4.894,47,before,AV1,10,1,1,W10,used,0.1036,False,0,,28,W10.1,Buffer only,0.0,0.8840000000000003,0.18439716312056748,False
AD_2026.09.23-BW10.1_0001.oir,1,20,1298.0,1280.6,667,0.903,82.762,78.286,28.943,4.768,1856,local,28.897,4.894,130,before,AV1,10,1,1,W10,used,0.1036,False,0,,28,W10.1,Buffer only,0.0,49.343,10.348783557046982,False
AD_2026.09.23-BW10.1_0001.oir,1,21,2010.3,1323.1,1120,0.908,86.704,77.694,28.884,4.758,2137,local,28.897,4.894,136,before,AV1,10,1,1,W10,used,0.1036,False,0,,28,W10.1,Buffer only,0.0,48.81,10.258511979823457,False
AD_2026.09.23-BW10.1_0001.oir,1,22,660.7,1477.4,1149,0.886,65.961,59.996,28.805,4.739,2166,local,28.897,4.894,103,before,AV1,10,1,1,W10,used,0.1036,False,0,,28,W10.1,Buffer only,0.0,31.191000000000003,6.581768305549695,False
AD_2026.09.23-BW10.1_0001.oir,1,23,1513.6,1542.2,1031,0.876,64.903,65.774,28.886,4.766,2108,local,28.897,4.894,103,before,AV1,10,1,1,W10,used,0.1036,False,0,,28,W10.1,Buffer only,0.0,36.888000000000005,7.739823751573648,False
AD_2026.09.23-BW10.1_0001.oir,1,24,901.2,1669.3,1854,0.834,29.31,29.05,28.961,4.826,2542,local,28.897,4.894,45,before,AV1,10,1,1,W10,used,0.1036,False,0,,28,W10.1,Buffer only,0.0,0.08900000000000219,0.01844177372565317,False
AD_2026.09.23-BW10.1_0001.oir,1,25,1573.3,1834.5,1229,0.872,28.733,28.785,28.863,4.659,1776,local,28.897,4.894,47,before,AV1,10,1,1,W10,used,0.1036,False,0,,28,W10.1,Buffer only,0.0,-0.0779999999999994,-0.016741790083708824,False
AD_2026.09.23-BW10.1_0001.oir,1,26,1615.9,1862.2,1404,0.887,28.745,28.717,28.786,4.564,1839,local,28.897,4.894,43,before,AV1,10,1,1,W10,used,0.1036,False,0,,28,W10.1,Buffer only,0.0,-0.06900000000000261,-0.015118317265557102,False
AD_2026.09.23-BW10.1_0001.oir,1,27,1483.6,1883.1,1852,0.88,28.909,28.92,28.984,4.893,2371,local,28.897,4.894,44,before,AV1,10,1,1,W10,used,0.1036,False,0,,28,W10.1,Buffer only,0.0,-0.06400000000000006,-0.013079910075618243,False
AD_2026.09.23-BW10.1_0001.oir,1,28,707.6,1982.7,2242,0.772,29.62,29.339,28.918,4.846,2240,local,28.897,4.894,48,before,AV1,10,1,1,W10,used,0.1036,False,0,,28,W10.1,Buffer only,0.0,0.4209999999999994,0.08687577383408984,False
AD_2026.09.23-BW10.2.oir,1,1,583.0,60.4,788,0.906,56.364,54.133,29.025,4.819,1935,local,28.917,4.808,98,before,AV1,10,2,0,W10,used,0.1036,False,0,,28,W10.2,Buffer only,0.0,25.108000000000004,5.210209587051256,False
AD_2026.09.23-BW10.2.oir,1,2,1482.2,64.5,727,0.828,30.884,30.554,29.108,4.635,1381,local,28.917,4.808,50,before,AV1,10,2,0,W10,used,0.1036,False,0,,28,W10.2,Buffer only,0.0,1.445999999999998,0.31197411003236203,False
AD_2026.09.23-BW10.2.oir,1,3,171.7,94.7,2314,0.802,29.015,28.83,28.811,4.699,2194,local,28.917,4.808,46,before,AV1,10,2,0,W10,used,0.1036,False,0,,28,W10.2,Buffer only,0.0,0.01899999999999835,0.004043413492232039,False
AD_2026.09.23-BW10.2.oir,1,4,193.7,138.5,1286,0.775,29.128,29.036,28.82,4.629,1093,local,28.917,4.808,50,before,AV1,10,2,0,W10,used,0.1036,False,0,,28,W10.2,Buffer only,0.0,0.21600000000000108,0.04666234607906699,False
AD_2026.09.23-BW10.2.oir,1,5,233.3,150.1,850,0.789,29.98,29.603,29.073,4.785,1506,local,28.917,4.808,48,before,AV1,10,2,0,W10,used,0.1036,False,0,,28,W10.2,Buffer only,0.0,0.5300000000000011,0.11076280041797307,False
AD_2026.09.23-BW10.2.oir,1,6,677.4,174.4,737,0.895,53.79,51.876,29.089,4.824,1913,local,28.917,4.808,90,before,AV1,10,2,0,W10,used,0.1036,False,0,,28,W10.2,Buffer only,0.0,22.787,4.723673300165838,False
AD_2026.09.23-BW10.2.oir,1,7,1393.1,216.5,1172,0.901,56.701,52.165,28.888,4.72,2169,local,28.917,4.808,94,before,AV1,10,2,0,W10,used,0.1036,False,0,,28,W10.2,Buffer only,0.0,23.276999999999997,4.931567796610169,False
AD_2026.09.23-BW10.2.oir,1,8,42.3,369.1,994,0.903,57.184,54.629,28.89,4.804,2070,local,28.917,4.808,85,before,AV1,10,2,0,W10,used,0.1036,False,0,,28,W10.2,Buffer only,0.0,25.738999999999997,5.35782681099084,False
AD_2026.09.23-BW10.2.oir,1,9,896.6,437.1,1060,0.88,49.636,49.531,28.862,4.714,2123,local,28.917,4.808,81,before,AV1,10,2,0,W10,used,0.1036,False,0,,28,W10.2,Buffer only,0.0,20.669,4.384599066610098,False
AD_2026.09.23-BW10.2.oir,1,10,638.8,450.2,1892,0.825,28.829,28.59,28.698,4.716,2144,local,28.917,4.808,45,before,AV1,10,2,0,W10,used,0.1036,False,0,,28,W10.2,Buffer only,0.0,-0.10800000000000054,-0.02290076335877874,False
AD_2026.09.23-BW10.2.oir,1,11,280.5,565.5,1806,0.827,29.128,29.07,28.921,4.746,2534,local,28.917,4.808,46,before,AV1,10,2,0,W10,used,0.1036,False,0,,28,W10.2,Buffer only,0.0,0.1490000000000009,0.03139485882848734,False
AD_2026.09.23-BW10.2.oir,1,12,1513.7,624.4,790,0.898,58.615,52.051,28.867,4.805,1941,local,28.917,4.808,97,before,AV1,10,2,0,W10,used,0.1036,False,0,,28,W10.2,Buffer only,0.0,23.184,4.824973985431843,False
AD_2026.09.23-BW10.2.oir,1,13,1698.6,696.4,1017,0.884,64.463,59.856,28.569,4.802,1761,local,28.917,4.808,108,before,AV1,10,2,0,W10,used,0.1036,False,0,,28,W10.2,Buffer only,0.0,31.287000000000003,6.515410245730947,False
AD_2026.09.23-BW10.2.oir,1,14,956.7,731.0,1384,0.868,28.765,28.668,29.071,4.758,1823,local,28.917,4.808,44,before,AV1,10,2,0,W10,used,0.1036,False,0,,28,W10.2,Buffer only,0.0,-0.40300000000000225,-0.08469945355191304,False
AD_2026.09.23-BW10.2.oir,1,15,282.1,752.3,900,0.883,54.372,52.736,28.868,4.759,2025,local,28.917,4.808,90,before,AV1,10,2,0,W10,used,0.1036,False,0,,28,W10.2,Buffer only,0.0,23.868,5.0153393570077744,False
AD_2026.09.23-BW10.2.oir,1,16,1000.8,759.5,1663,0.87,28.637,28.641,29.043,4.762,1936,local,28.917,4.808,44,before,AV1,10,2,0,W10,used,0.1036,False,0,,28,W10.2,Buffer only,0.0,-0.402000000000001,-0.08441831163376755,False
AD_2026.09.23-BW10.2.oir,1,17,867.3,781.0,2191,0.886,28.776,28.997,28.884,4.686,2400,local,28.917,4.808,49,before,AV1,10,2,0,W10,used,0.1036,False,0,,28,W10.2,Buffer only,0.0,0.11299999999999955,0.02411438326931275,False
AD_2026.09.23-BW10.2.oir,1,18,85.3,879.3,2315,0.755,29.39,29.209,28.913,4.783,2243,local,28.917,4.808,47,before,AV1,10,2,0,W10,used,0.1036,False,0,,28,W10.2,Buffer only,0.0,0.2959999999999994,0.06188584570353321,False
AD_2026.09.23-BW10.2.oir,1,19,85.0,931.0,1486,0.722,28.98,28.883,28.772,4.791,1102,local,28.917,4.808,44,before,AV1,10,2,0,W10,used,0.1036,False,0,,28,W10.2,Buffer only,0.0,0.11100000000000065,0.023168440826549914,False
AD_2026.09.23-BW10.2.oir,1,20,59.8,964.8,1541,0.717,29.054,29.044,29.085,4.775,1201,local,28.917,4.808,46,before,AV1,10,2,0,W10,used,0.1036,False,0,,28,W10.2,Buffer only,0.0,-0.04100000000000037,-0.00858638743455505,False
AD_2026.09.23-BW10.2.oir,1,21,1409.5,1032.5,791,0.849,58.351,56.189,28.896,4.77,1974,local,28.917,4.808,89,before,AV1,10,2,0,W10,used,0.1036,False,0,,28,W10.2,Buffer only,0.0,27.293,5.721802935010483,False
AD_2026.09.23-BW10.2.oir,1,22,235.6,1103.4,2206,0.804,28.878,28.885,28.911,4.772,2328,local,28.917,4.808,47,before,AV1,10,2,0,W10,used,0.1036,False,0,,28,W10.2,Buffer only,0.0,-0.0259999999999998,-0.005448449287510436,False
AD_2026.09.23-BW10.2.oir,1,23,1086.2,1131.1,1137,0.893,62.652,57.22,29.014,4.76,2151,local,28.917,4.808,101,before,AV1,10,2,0,W10,used,0.1036,False,0,,28,W10.2,Buffer only,0.0,28.206,5.925630252100841,False
AD_2026.09.23-BW10.2.oir,1,24,136.9,1213.8,995,0.709,28.895,28.533,29.068,4.572,913,local,28.917,4.808,46,before,AV1,10,2,0,W10,used,0.1036,False,0,,28,W10.2,Buffer only,0.0,-0.5350000000000001,-0.11701662292213476,False
AD_2026.09.23-BW10.2.oir,1,25,302.0,1210.9,850,0.893,49.674,46.244,28.977,4.735,1932,local,28.917,4.808,81,before,AV1,10,2,0,W10,used,0.1036,False,0,,28,W10.2,Buffer only,0.0,17.267,3.6466737064413937,False
AD_2026.09.23-BW10.2.oir,1,26,772.8,1410.7,876,0.809,55.451,54.242,28.842,4.869,1667,local,28.917,4.808,93,before,AV1,10,2,0,W10,used,0.1036,False,0,,28,W10.2,Buffer only,0.0,25.4,5.2166769357157525,False
AD_2026.09.23-BW10.2.oir,1,27,1239.8,1939.8,759,0.882,85.738,81.511,29.087,4.778,1934,local,28.917,4.808,133,before,AV1,10,2,0,W10,used,0.1036,False,0,,28,W10.2,Buffer only,0.0,52.42399999999999,10.971954792800334,False
AD_2026.09.23-BW10.2.oir,1,28,1293.2,1989.6,708,0.909,83.102,78.017,28.992,4.701,1888,local,28.917,4.808,124,before,AV1,10,2,0,W10,used,0.1036,False,0,,28,W10.2,Buffer only,0.0,49.02499999999999,10.428632205913635,False
AD_2026.09.23-BW10.3.oir,1,1,1145.8,70.7,754,0.885,51.231,49.634,28.868,4.681,1922,local,28.862,4.76,84,before,AV1,10,3,0,W10,used,0.1036,False,0,,19,W10.3,Buffer only,0.0,20.766000000000002,4.436231574449904,False
AD_2026.09.23-BW10.3.oir,1,2,1981.1,160.0,1224,0.892,80.827,68.47,28.93,4.814,2201,local,28.862,4.76,147,before,AV1,10,3,0,W10,used,0.1036,False,0,,19,W10.3,Buffer only,0.0,39.54,8.213543830494391,False
AD_2026.09.23-BW10.3.oir,1,3,1354.2,246.4,1576,0.883,58.319,46.492,28.883,4.842,2381,local,28.862,4.76,99,before,AV1,10,3,0,W10,used,0.1036,False,0,,19,W10.3,Buffer only,0.0,17.608999999999998,3.6367203634861625,False
AD_2026.09.23-BW10.3.oir,1,4,448.7,273.5,866,0.9,58.973,54.303,29.02,4.751,1993,local,28.862,4.76,99,before,AV1,10,3,0,W10,used,0.1036,False,0,,19,W10.3,Buffer only,0.0,25.282999999999998,5.321616501789096,False
AD_2026.09.23-BW10.3.oir,1,5,516.9,348.2,767,0.887,53.503,50.206,28.849,4.939,1937,local,28.862,4.76,87,before,AV1,10,3,0,W10,used,0.1036,False,0,,19,W10.3,Buffer only,0.0,21.357000000000003,4.324154687183641,False
AD_2026.09.23-BW10.3.oir,1,6,422.2,718.4,794,0.898,54.815,51.218,28.936,4.854,1950,local,28.862,4.76,93,before,AV1,10,3,0,W10,used,0.1036,False,0,,19,W10.3,Buffer only,0.0,22.282000000000004,4.590440873506387,False
AD_2026.09.23-BW10.3.oir,1,7,924.5,759.9,509,0.75,48.876,47.665,28.774,4.919,1803,local,28.862,4.76,83,before,AV1,10,3,0,W10,used,0.1036,False,0,,19,W10.3,Buffer only,0.0,18.891,3.840414718438707,False
AD_2026.09.23-BW10.3.oir,1,8,976.3,827.9,1184,0.89,54.91,46.004,28.757,4.89,2073,local,28.862,4.76,105,before,AV1,10,3,0,W10,used,0.1036,False,0,,19,W10.3,Buffer only,0.0,17.246999999999996,3.5269938650306742,False
AD_2026.09.23-BW10.3.oir,1,9,294.6,828.9,894,0.9,57.176,48.69,28.714,4.786,2011,local,28.862,4.76,98,before,AV1,10,3,0,W10,used,0.1036,False,0,,19,W10.3,Buffer only,0.0,19.976,4.173840367739239,False
AD_2026.09.23-BW10.3.oir,1,10,1853.5,1287.6,909,0.824,62.234,54.436,28.915,4.714,2060,local,28.862,4.76,106,before,AV1,10,3,0,W10,used,0.1036,False,0,,19,W10.3,Buffer only,0.0,25.521,5.413873568095036,False
AD_2026.09.23-BW10.3.oir,1,11,1102.7,1308.9,899,0.901,69.128,52.518,28.887,4.865,2013,local,28.862,4.76,136,before,AV1,10,3,0,W10,used,0.1036,False,0,,19,W10.3,Buffer only,0.0,23.631,4.857348406988694,False
AD_2026.09.23-BW10.3.oir,1,12,77.3,1324.9,1401,0.882,50.647,37.609,28.952,4.81,2292,local,28.862,4.76,101,before,AV1,10,3,0,W10,used,0.1036,False,0,,19,W10.3,Buffer only,0.0,8.657,1.7997920997921,False
AD_2026.09.23-BW10.3.oir,1,13,1318.4,1682.0,1177,0.896,63.311,43.724,28.999,4.641,2170,local,28.862,4.76,129,before,AV1,10,3,0,W10,used,0.1036,False,0,,19,W10.3,Buffer only,0.0,14.724999999999998,3.17280758457229,False
AD_2026.09.23-BW10.3.oir,1,14,42.4,1700.0,1705,0.88,48.916,34.538,29.011,4.761,2438,local,28.862,4.76,105,before,AV1,10,3,0,W10,used,0.1036,False,0,,19,W10.3,Buffer only,0.0,5.5269999999999975,1.160890569208149,False
AD_2026.09.23-BW10.3.oir,1,15,400.0,1695.8,819,0.906,55.557,46.43,28.898,4.687,1961,local,28.862,4.76,99,before,AV1,10,3,0,W10,used,0.1036,False,0,,19,W10.3,Buffer only,0.0,17.532,3.7405589929592487,False
AD_2026.09.23-BW10.3.oir,1,16,1337.1,1743.0,711,0.913,43.15,37.281,28.845,4.729,1879,local,28.862,4.76,81,before,AV1,10,3,0,W10,used,0.1036,False,0,,19,W10.3,Buffer only,0.0,8.436,1.7838866567984775,False
AD_2026.09.23-BW10.3.oir,1,17,658.8,1825.1,867,0.766,28.834,28.942,28.983,4.662,1707,local,28.862,4.76,44,before,AV1,10,3,0,W10,used,0.1036,False,0,,19,W10.3,Buffer only,0.0,-0.04100000000000037,-0.008794508794508873,False
AD_2026.09.23-BW10.3.oir,1,18,742.6,1907.0,567,0.67,28.861,28.964,28.914,4.815,1145,local,28.862,4.76,44,before,AV1,10,3,0,W10,used,0.1036,False,0,,19,W10.3,Buffer only,0.0,0.04999999999999716,0.010384215991692036,False
AD_2026.09.23-BW10.3.oir,1,19,503.3,1939.6,1365,0.834,48.462,35.601,29.143,4.763,1128,local,28.862,4.76,102,before,AV1,10,3,0,W10,used,0.1036,False,0,,19,W10.3,Buffer only,0.0,6.457999999999998,1.3558681503254248,False
AD_2026.09.23-BW11.1.oir,1,1,472.0,78.2,1355,0.892,80.516,58.985,29.343,4.812,2265,local,29.12,4.947,143,before,AV1,11,1,0,W11,used,0.1036,False,0,,39,W11.1,Buffer only,0.0,29.642,6.160016625103906,False
AD_2026.09.23-BW11.1.oir,1,2,1213.3,287.1,1190,0.886,94.188,69.5,29.417,4.836,2185,local,29.12,4.947,168,before,AV1,11,1,0,W11,used,0.1036,False,0,,39,W11.1,Buffer only,0.0,40.083,8.288461538461538,False
AD_2026.09.23-BW11.1.oir,1,3,844.4,528.8,1086,0.809,71.656,55.918,38.156,24.388,1963,local,29.12,4.947,133,before,AV1,11,1,0,W11,used,0.1036,False,0,,39,W11.1,Buffer only,0.0,17.762,0.7283090044284074,False
AD_2026.09.23-BW11.1.oir,1,4,327.1,523.5,1078,0.898,72.473,55.328,29.224,4.799,2118,local,29.12,4.947,131,before,AV1,11,1,0,W11,used,0.1036,False,0,,39,W11.1,Buffer only,0.0,26.104000000000003,5.439466555532403,False
AD_2026.09.23-BW11.1.oir,1,5,900.2,589.5,959,0.892,77.217,67.703,29.152,4.886,2053,local,29.12,4.947,127,before,AV1,11,1,0,W11,used,0.1036,False,0,,39,W11.1,Buffer only,0.0,38.551,7.890094146541138,False
AD_2026.09.23-BW11.1.oir,1,6,1912.6,609.3,1191,0.887,77.204,62.889,29.2,4.798,2184,local,29.12,4.947,131,before,AV1,11,1,0,W11,used,0.1036,False,0,,39,W11.1,Buffer only,0.0,33.68900000000001,7.021467278032515,False
AD_2026.09.23-BW11.1.oir,1,7,833.5,659.0,1328,0.904,92.227,77.889,29.018,4.826,2248,local,29.12,4.947,153,before,AV1,11,1,0,W11,used,0.1036,False,0,,39,W11.1,Buffer only,0.0,48.870999999999995,10.126605884790717,False
AD_2026.09.23-BW11.1.oir,1,8,1019.3,693.7,1099,0.898,93.62,77.189,28.87,4.83,2121,local,29.12,4.947,155,before,AV1,11,1,0,W11,used,0.1036,False,0,,39,W11.1,Buffer only,0.0,48.31899999999999,10.003933747412006,False
AD_2026.09.23-BW11.1.oir,1,9,673.3,734.3,761,0.775,28.812,28.622,28.916,4.603,1268,local,29.12,4.947,43,before,AV1,11,1,0,W11,used,0.1036,False,0,,39,W11.1,Buffer only,0.0,-0.2940000000000005,-0.06387138822507071,False
AD_2026.09.23-BW11.1.oir,1,10,595.2,745.1,1594,0.9,28.855,29.026,28.978,4.708,2329,local,29.12,4.947,45,before,AV1,11,1,0,W11,used,0.1036,False,0,,39,W11.1,Buffer only,0.0,0.047999999999998266,0.010195412064570574,False
AD_2026.09.23-BW11.1.oir,1,11,727.1,802.2,1789,0.756,29.48,29.562,28.911,4.865,1455,local,29.12,4.947,43,before,AV1,11,1,0,W11,used,0.1036,False,0,,39,W11.1,Buffer only,0.0,0.6509999999999998,0.13381294964028773,False
AD_2026.09.23-BW11.1.oir,1,12,204.3,826.9,1679,0.741,29.035,29.047,28.92,5.005,2011,local,29.12,4.947,44,before,AV1,11,1,0,W11,used,0.1036,False,0,,39,W11.1,Buffer only,0.0,0.1269999999999989,0.025374625374625155,False
AD_2026.09.23-BW11.1.oir,1,13,860.1,828.6,1135,0.916,82.293,72.043,29.091,4.721,2130,local,29.12,4.947,141,before,AV1,11,1,0,W11,used,0.1036,False,0,,39,W11.1,Buffer only,0.0,42.952000000000005,9.098072442279179,False
AD_2026.09.23-BW11.1.oir,1,14,748.0,855.8,540,0.723,28.998,28.952,29.143,4.805,1152,local,29.12,4.947,46,before,AV1,11,1,0,W11,used,0.1036,False,0,,39,W11.1,Buffer only,0.0,-0.19099999999999895,-0.039750260145681365,False
AD_2026.09.23-BW11.1.oir,1,15,564.9,867.8,2028,0.745,29.173,29.23,29.146,4.86,1852,local,29.12,4.947,50,before,AV1,11,1,0,W11,used,0.1036,False,0,,39,W11.1,Buffer only,0.0,0.08399999999999963,0.017283950617283873,False
AD_2026.09.23-BW11.1.oir,1,16,185.8,890.5,1455,0.756,29.12,29.109,29.007,4.9,1343,local,29.12,4.947,47,before,AV1,11,1,0,W11,used,0.1036,False,0,,39,W11.1,Buffer only,0.0,0.10200000000000031,0.020816326530612307,False
AD_2026.09.23-BW11.1.oir,1,17,631.3,1035.3,1255,0.888,76.233,62.283,29.212,4.695,2218,local,29.12,4.947,122,before,AV1,11,1,0,W11,used,0.1036,False,0,,39,W11.1,Buffer only,0.0,33.071,7.0438764643237475,False
AD_2026.09.23-BW11.1.oir,1,18,920.4,1228.2,1604,0.889,64.713,54.569,29.091,4.704,2382,local,29.12,4.947,106,before,AV1,11,1,0,W11,used,0.1036,False,0,,39,W11.1,Buffer only,0.0,25.478,5.41624149659864,False
AD_2026.09.23-BW11.1.oir,1,19,1699.8,1242.1,1195,0.854,29.844,29.9,29.322,4.626,1659,local,29.12,4.947,49,before,AV1,11,1,0,W11,used,0.1036,False,0,,39,W11.1,Buffer only,0.0,0.5779999999999994,0.1249459576307824,False
AD_2026.09.23-BW11.1.oir,1,20,1742.9,1254.1,1292,0.86,29.378,29.455,29.312,4.734,1751,local,29.12,4.947,52,before,AV1,11,1,0,W11,used,0.1036,False,0,,39,W11.1,Buffer only,0.0,0.14299999999999713,0.03020701309674633,False
AD_2026.09.23-BW11.1.oir,1,21,1152.0,1252.9,1090,0.905,97.168,81.648,29.385,4.84,2118,local,29.12,4.947,157,before,AV1,11,1,0,W11,used,0.1036,False,0,,39,W11.1,Buffer only,0.0,52.26299999999999,10.798140495867766,False
AD_2026.09.23-BW11.1.oir,1,22,709.3,1403.4,1156,0.92,77.664,63.952,29.19,4.863,2140,local,29.12,4.947,125,before,AV1,11,1,0,W11,used,0.1036,False,0,,39,W11.1,Buffer only,0.0,34.762,7.148262389471519,False
AD_2026.09.23-BW11.1.oir,1,23,793.2,1467.2,1041,0.901,58.466,55.584,29.231,4.801,2099,local,29.12,4.947,105,before,AV1,11,1,0,W11,used,0.1036,False,0,,39,W11.1,Buffer only,0.0,26.353,5.4890647781712145,False
AD_2026.09.23-BW11.1.oir,1,24,1215.6,1482.9,818,0.882,73.356,65.293,29.285,4.775,1970,local,29.12,4.947,125,before,AV1,11,1,0,W11,used,0.1036,False,0,,39,W11.1,Buffer only,0.0,36.00800000000001,7.5409424083769645,False
AD_2026.09.23-BW11.1.oir,1,25,894.8,1501.0,1111,0.893,68.788,59.527,29.08,4.758,2139,local,29.12,4.947,112,before,AV1,11,1,0,W11,used,0.1036,False,0,,39,W11.1,Buffer only,0.0,30.447000000000003,6.399117276166457,False
AD_2026.09.23-BW11.1.oir,1,26,184.1,1616.6,1684,0.783,29.172,29.169,29.116,4.711,2086,local,29.12,4.947,47,before,AV1,11,1,0,W11,used,0.1036,False,0,,39,W11.1,Buffer only,0.0,0.053000000000000824,0.011250265336446788,False
AD_2026.09.23-BW11.1.oir,1,27,911.4,1654.0,1275,0.783,29.062,29.053,28.959,4.719,607,local,29.12,4.947,47,before,AV1,11,1,0,W11,used,0.1036,False,0,,39,W11.1,Buffer only,0.0,0.0940000000000012,0.01991947446492926,False
AD_2026.09.23-BW11.1.oir,1,28,1733.0,1668.5,1359,0.895,29.581,29.391,29.122,4.845,2166,local,29.12,4.947,47,before,AV1,11,1,0,W11,used,0.1036,False,0,,39,W11.1,Buffer only,0.0,0.26899999999999835,0.05552115583075302,False
AD_2026.09.23-BW11.1.oir,1,29,193.0,1675.3,1764,0.857,29.336,29.393,29.208,4.79,1913,local,29.12,4.947,47,before,AV1,11,1,0,W11,used,0.1036,False,0,,39,W11.1,Buffer only,0.0,0.18500000000000227,0.038622129436326154,False
AD_2026.09.23-BW11.1.oir,1,30,180.6,1739.8,991,0.9,30.947,30.496,29.251,4.838,1938,local,29.12,4.947,48,before,AV1,11,1,0,W11,used,0.1036,False,0,,39,W11.1,Buffer only,0.0,1.2449999999999974,0.25733774286895356,False
AD_2026.09.23-BW11.1.oir,1,31,302.3,1769.2,850,0.916,61.219,52.985,29.18,4.874,1938,local,29.12,4.947,106,before,AV1,11,1,0,W11,used,0.1036,False,0,,39,W11.1,Buffer only,0.0,23.805,4.884078785391876,False
AD_2026.09.23-BW11.1.oir,1,32,1780.4,1780.2,954,0.792,30.922,30.544,29.263,4.706,1503,local,29.12,4.947,52,before,AV1,11,1,0,W11,used,0.1036,False,0,,39,W11.1,Buffer only,0.0,1.2809999999999988,0.2722056948576283,False
AD_2026.09.23-BW11.1.oir,1,33,1067.4,1802.6,739,0.753,28.911,28.885,28.902,4.307,369,local,29.12,4.947,45,before,AV1,11,1,0,W11,used,0.1036,False,0,,39,W11.1,Buffer only,0.0,-0.01699999999999946,-0.003947062920826435,False
AD_2026.09.23-BW11.1.oir,1,34,1939.5,1927.0,1102,0.897,29.988,29.767,29.375,4.787,2127,local,29.12,4.947,44,before,AV1,11,1,0,W11,used,0.1036,False,0,,39,W11.1,Buffer only,0.0,0.39199999999999946,0.081888447879674,False
AD_2026.09.23-BW11.1.oir,1,35,395.4,1946.3,889,0.91,87.823,82.714,29.066,4.904,2004,local,29.12,4.947,136,before,AV1,11,1,0,W11,used,0.1036,False,0,,39,W11.1,Buffer only,0.0,53.647999999999996,10.939641109298531,False
AD_2026.09.23-BW11.1.oir,1,36,907.0,1962.7,639,0.657,29.097,29.241,28.78,4.654,878,local,29.12,4.947,48,before,AV1,11,1,0,W11,used,0.1036,False,0,,39,W11.1,Buffer only,0.0,0.4609999999999985,0.09905457670820768,False
AD_2026.09.23-BW11.1.oir,1,37,855.4,1970.9,684,0.84,29.148,28.936,29.138,4.669,1130,local,29.12,4.947,45,before,AV1,11,1,0,W11,used,0.1036,False,0,,39,W11.1,Buffer only,0.0,-0.20200000000000173,-0.04326408224459236,False
AD_2026.09.23-BW11.1.oir,1,38,1638.8,1974.9,1143,0.886,89.916,70.471,29.08,4.691,2161,local,29.12,4.947,151,before,AV1,11,1,0,W11,used,0.1036,False,0,,39,W11.1,Buffer only,0.0,41.391000000000005,8.823491792794714,False
AD_2026.09.23-BW11.1.oir,1,39,818.7,1980.6,501,0.756,29.062,29.115,29.111,4.907,701,local,29.12,4.947,42,before,AV1,11,1,0,W11,used,0.1036,False,0,,39,W11.1,Buffer only,0.0,0.003999999999997783,0.0008151620134497214,False
AD_2026.09.23-BW11.2_0001.oir,1,1,561.7,34.9,1174,0.894,66.277,57.556,29.378,4.813,2080,local,29.264,4.815,114,before,AV1,11,2,1,W11,used,0.1036,False,0,,28,W11.2,Buffer only,0.0,28.177999999999997,5.854560565136089,False
AD_2026.09.23-BW11.2_0001.oir,1,2,97.7,38.4,1140,0.896,85.059,71.3,29.217,4.754,2153,local,29.264,4.815,140,before,AV1,11,2,1,W11,used,0.1036,False,0,,28,W11.2,Buffer only,0.0,42.083,8.852124526714347,False
AD_2026.09.23-BW11.2_0001.oir,1,3,638.3,74.9,1326,0.896,73.215,58.724,29.195,4.66,2251,local,29.264,4.815,122,before,AV1,11,2,1,W11,used,0.1036,False,0,,28,W11.2,Buffer only,0.0,29.528999999999996,6.336695278969956,False
AD_2026.09.23-BW11.2_0001.oir,1,4,1138.0,101.1,1084,0.903,74.913,52.41,29.271,4.717,2121,local,29.264,4.815,152,before,AV1,11,2,1,W11,used,0.1036,False,0,,28,W11.2,Buffer only,0.0,23.138999999999996,4.905448378206486,False
AD_2026.09.23-BW11.2_0001.oir,1,5,1551.9,354.4,793,0.887,56.755,52.598,29.3,4.75,1953,local,29.264,4.815,102,before,AV1,11,2,1,W11,used,0.1036,False,0,,28,W11.2,Buffer only,0.0,23.298,4.904842105263158,False
AD_2026.09.23-BW11.2_0001.oir,1,6,676.5,362.1,1021,0.833,86.007,79.499,29.405,4.778,2127,local,29.264,4.815,130,before,AV1,11,2,1,W11,used,0.1036,False,0,,28,W11.2,Buffer only,0.0,50.093999999999994,10.484303055671829,False
AD_2026.09.23-BW11.2_0001.oir,1,7,350.3,387.1,1101,0.814,29.438,29.434,29.405,4.475,1056,local,29.264,4.815,49,before,AV1,11,2,1,W11,used,0.1036,False,0,,28,W11.2,Buffer only,0.0,0.028999999999999915,0.006480446927374283,False
AD_2026.09.23-BW11.2_0001.oir,1,8,1320.1,481.9,963,0.909,64.504,53.264,29.339,4.797,2049,local,29.264,4.815,108,before,AV1,11,2,1,W11,used,0.1036,False,0,,28,W11.2,Buffer only,0.0,23.925000000000004,4.987492182614135,False
AD_2026.09.23-BW11.2_0001.oir,1,9,638.0,593.6,737,0.799,68.905,64.051,29.462,5.013,1945,local,29.264,4.815,110,before,AV1,11,2,1,W11,used,0.1036,False,0,,28,W11.2,Buffer only,0.0,34.589,6.899860363056054,False
AD_2026.09.23-BW11.2_0001.oir,1,10,708.4,608.3,1099,0.888,82.883,62.727,29.127,4.857,2134,local,29.264,4.815,158,before,AV1,11,2,1,W11,used,0.1036,False,0,,28,W11.2,Buffer only,0.0,33.599999999999994,6.9178505250154405,False
AD_2026.09.23-BW11.2_0001.oir,1,11,337.7,663.7,973,0.887,38.276,33.211,29.47,4.744,2069,local,29.264,4.815,69,before,AV1,11,2,1,W11,used,0.1036,False,0,,28,W11.2,Buffer only,0.0,3.7409999999999997,0.788575042158516,False
AD_2026.09.23-BW11.2_0001.oir,1,12,1631.8,768.2,989,0.865,88.976,82.176,29.224,4.855,2093,local,29.264,4.815,135,before,AV1,11,2,1,W11,used,0.1036,False,0,,28,W11.2,Buffer only,0.0,52.952,10.90669412976313,False
AD_2026.09.23-BW11.2_0001.oir,1,13,34.7,820.1,1731,0.845,29.184,29.309,29.292,4.76,1649,local,29.264,4.815,48,before,AV1,11,2,1,W11,used,0.1036,False,0,,28,W11.2,Buffer only,0.0,0.01699999999999946,0.003571428571428458,False
AD_2026.09.23-BW11.2_0001.oir,1,14,1444.4,818.8,1316,0.885,93.423,79.417,29.373,4.727,2253,local,29.264,4.815,145,before,AV1,11,2,1,W11,used,0.1036,False,0,,28,W11.2,Buffer only,0.0,50.044,10.586841548550877,False
AD_2026.09.23-BW11.2_0001.oir,1,15,226.2,1003.2,1130,0.742,30.448,30.073,29.562,4.635,2179,local,29.264,4.815,47,before,AV1,11,2,1,W11,used,0.1036,False,0,,28,W11.2,Buffer only,0.0,0.5109999999999992,0.1102481121898596,False
AD_2026.09.23-BW11.2_0001.oir,1,16,1648.2,1122.0,1106,0.73,61.948,57.264,29.445,4.789,1392,local,29.264,4.815,130,before,AV1,11,2,1,W11,used,0.1036,False,0,,28,W11.2,Buffer only,0.0,27.819000000000003,5.808937147629987,False
AD_2026.09.23-BW11.2_0001.oir,1,17,1719.4,1125.2,920,0.829,30.142,29.954,29.365,4.723,1514,local,29.264,4.815,49,before,AV1,11,2,1,W11,used,0.1036,False,0,,28,W11.2,Buffer only,0.0,0.5890000000000022,0.124708871479992,False
AD_2026.09.23-BW11.2_0001.oir,1,18,1659.2,1167.1,2109,0.798,66.151,48.889,29.521,4.987,862,local,29.264,4.815,153,before,AV1,11,2,1,W11,used,0.1036,False,0,,28,W11.2,Buffer only,0.0,19.368000000000002,3.8836976137958694,False
AD_2026.09.23-BW11.2_0001.oir,1,19,1605.7,1171.6,1484,0.815,29.421,29.581,29.489,4.701,1710,local,29.264,4.815,45,before,AV1,11,2,1,W11,used,0.1036,False,0,,28,W11.2,Buffer only,0.0,0.09199999999999875,0.019570304190597482,False
AD_2026.09.23-BW11.2_0001.oir,1,20,1459.4,1315.7,848,0.864,97.613,89.312,29.315,4.688,2001,local,29.264,4.815,147,before,AV1,11,2,1,W11,used,0.1036,False,0,,28,W11.2,Buffer only,0.0,59.997,12.797994880546076,False
AD_2026.09.23-BW11.2_0001.oir,1,21,999.8,1327.0,1289,0.885,72.427,64.58,29.378,4.625,2237,local,29.264,4.815,123,before,AV1,11,2,1,W11,used,0.1036,False,0,,28,W11.2,Buffer only,0.0,35.202,7.611243243243242,False
AD_2026.09.23-BW11.2_0001.oir,1,22,102.0,1364.1,980,0.903,93.405,79.962,29.352,4.781,2053,local,29.264,4.815,156,before,AV1,11,2,1,W11,used,0.1036,False,0,,28,W11.2,Buffer only,0.0,50.61,10.585651537335286,False
AD_2026.09.23-BW11.2_0001.oir,1,23,138.9,1477.3,1773,0.879,87.131,58.809,29.363,4.675,2466,local,29.264,4.815,161,before,AV1,11,2,1,W11,used,0.1036,False,0,,28,W11.2,Buffer only,0.0,29.445999999999998,6.298609625668449,False
AD_2026.09.23-BW11.2_0001.oir,1,24,164.1,1554.0,1040,0.895,109.576,90.173,29.329,4.698,2100,local,29.264,4.815,177,before,AV1,11,2,1,W11,used,0.1036,False,0,,28,W11.2,Buffer only,0.0,60.844,12.951042997020007,False
AD_2026.09.23-BW11.2_0001.oir,1,25,957.8,1731.5,998,0.906,98.393,79.544,29.39,4.826,2061,local,29.264,4.815,161,before,AV1,11,2,1,W11,used,0.1036,False,0,,28,W11.2,Buffer only,0.0,50.153999999999996,10.392457521757148,False
AD_2026.09.23-BW11.2_0001.oir,1,26,1015.9,1835.7,1010,0.875,104.114,87.094,29.5,4.758,2087,local,29.264,4.815,187,before,AV1,11,2,1,W11,used,0.1036,False,0,,28,W11.2,Buffer only,0.0,57.593999999999994,12.1046658259773,False
AD_2026.09.23-BW11.2_0001.oir,1,27,1282.4,1846.1,902,0.891,64.565,44.801,29.337,4.773,2013,local,29.264,4.815,134,before,AV1,11,2,1,W11,used,0.1036,False,0,,28,W11.2,Buffer only,0.0,15.464000000000002,3.2398910538445427,False
AD_2026.09.23-BW11.2_0001.oir,1,28,804.0,1917.9,985,0.898,77.944,61.362,29.351,4.865,2066,local,29.264,4.815,139,before,AV1,11,2,1,W11,used,0.1036,False,0,,28,W11.2,Buffer only,0.0,32.011,6.579856115107914,False
AD_2026.09.23-BW11.3.oir,1,1,1359.4,57.3,1984,0.889,80.535,54.127,29.197,4.703,2549,local,29.182,4.77,143,before,AV1,11,3,0,W11,used,0.1036,False,0,,18,W11.3,Buffer only,0.0,24.930000000000003,5.300871783967681,False
AD_2026.09.23-BW11.3.oir,1,2,1174.8,320.4,981,0.866,62.339,51.337,29.195,4.862,1969,local,29.182,4.77,109,before,AV1,11,3,0,W11,used,0.1036,False,0,,18,W11.3,Buffer only,0.0,22.142000000000003,4.554092965857672,False
AD_2026.09.23-BW11.3.oir,1,3,325.6,447.3,516,0.755,207.176,176.393,31.193,5.754,1826,local,29.182,4.77,763,before,AV1,11,3,0,W11,used,0.1036,False,0,,18,W11.3,Buffer only,0.0,145.2,25.234619395203335,False
AD_2026.09.23-BW11.3.oir,1,4,1182.2,592.3,1270,0.898,81.262,54.404,29.21,4.754,2221,local,29.182,4.77,158,before,AV1,11,3,0,W11,used,0.1036,False,0,,18,W11.3,Buffer only,0.0,25.194000000000003,5.299537231804797,False
AD_2026.09.23-BW11.3.oir,1,5,1031.2,739.9,1350,0.871,80.978,49.948,29.214,4.777,2276,local,29.182,4.77,161,before,AV1,11,3,0,W11,used,0.1036,False,0,,18,W11.3,Buffer only,0.0,20.734,4.340380992254553,False
AD_2026.09.23-BW11.3.oir,1,6,1429.0,819.2,601,0.897,48.23,47.559,29.24,4.743,1806,local,29.182,4.77,71,before,AV1,11,3,0,W11,used,0.1036,False,0,,18,W11.3,Buffer only,0.0,18.319,3.862323423993253,False
AD_2026.09.23-BW11.3.oir,1,7,978.0,854.5,1427,0.87,77.605,52.941,29.107,4.722,2313,local,29.182,4.77,145,before,AV1,11,3,0,W11,used,0.1036,False,0,,18,W11.3,Buffer only,0.0,23.834000000000003,5.0474375264718345,False
AD_2026.09.23-BW11.3.oir,1,8,848.9,891.3,1226,0.905,51.401,47.917,29.202,4.791,2197,local,29.182,4.77,86,before,AV1,11,3,0,W11,used,0.1036,False,0,,18,W11.3,Buffer only,0.0,18.715,3.906282613233145,False
AD_2026.09.23-BW11.3.oir,1,9,130.5,892.3,948,0.904,43.458,38.787,29.144,4.701,2041,local,29.182,4.77,83,before,AV1,11,3,0,W11,used,0.1036,False,0,,18,W11.3,Buffer only,0.0,9.643,2.0512656881514575,False
AD_2026.09.23-BW11.3.oir,1,10,1029.9,1052.5,1808,0.721,29.257,29.083,29.243,4.908,1665,local,29.182,4.77,46,before,AV1,11,3,0,W11,used,0.1036,False,0,,18,W11.3,Buffer only,0.0,-0.16000000000000014,-0.03259983700081502,False
AD_2026.09.23-BW11.3.oir,1,11,321.9,1098.3,1079,0.904,66.9,55.069,29.151,4.886,1989,local,29.182,4.77,110,before,AV1,11,3,0,W11,used,0.1036,False,0,,18,W11.3,Buffer only,0.0,25.918000000000003,5.304543593941875,False
AD_2026.09.23-BW11.3.oir,1,12,607.6,1640.3,1346,0.891,89.054,69.234,29.184,4.683,2263,local,29.182,4.77,152,before,AV1,11,3,0,W11,used,0.1036,False,0,,18,W11.3,Buffer only,0.0,40.05,8.552210121716849,False
AD_2026.09.23-BW11.3.oir,1,13,96.4,1816.6,893,0.851,64.314,58.477,29.212,4.764,2038,local,29.182,4.77,103,before,AV1,11,3,0,W11,used,0.1036,False,0,,18,W11.3,Buffer only,0.0,29.264999999999997,6.142947103274558,False
AD_2026.09.23-BW11.3.oir,1,14,947.0,1819.5,1228,0.879,76.581,53.296,29.131,4.815,2209,local,29.182,4.77,148,before,AV1,11,3,0,W11,used,0.1036,False,0,,18,W11.3,Buffer only,0.0,24.165,5.018691588785046,False
AD_2026.09.23-BW11.3.oir,1,15,474.7,1827.7,1168,0.897,95.022,76.367,29.123,4.706,2167,local,29.182,4.77,163,before,AV1,11,3,0,W11,used,0.1036,False,0,,18,W11.3,Buffer only,0.0,47.244,10.039099022524436,False
AD_2026.09.23-BW11.3.oir,1,16,1263.0,1852.7,1277,0.881,87.034,64.202,29.219,4.651,2234,local,29.182,4.77,152,before,AV1,11,3,0,W11,used,0.1036,False,0,,18,W11.3,Buffer only,0.0,34.983,7.52160825628897,False
AD_2026.09.23-BW11.3.oir,1,17,876.2,1909.9,1104,0.863,105.836,90.296,29.306,4.723,2150,local,29.182,4.77,162,before,AV1,11,3,0,W11,used,0.1036,False,0,,18,W11.3,Buffer only,0.0,60.99000000000001,12.913402498412028,False
AD_2026.09.23-BW11.3.oir,1,18,1912.7,1996.8,1044,0.899,87.209,78.216,29.113,4.726,2097,local,29.182,4.77,146,before,AV1,11,3,0,W11,used,0.1036,False,0,,18,W11.3,Buffer only,0.0,49.102999999999994,10.389970376639864,False
AD_2026.09.23-BW12.1.oir,1,1,339.4,72.6,1686,0.903,48.977,36.201,29.148,4.785,2411,local,29.121,4.742,95,before,AV1,12,1,0,W12,used,0.1036,False,0,,14,W12.1,Buffer only,0.0,7.053000000000001,1.4739811912225707,False
AD_2026.09.23-BW12.1.oir,1,2,1154.0,230.5,1500,0.897,49.541,37.634,29.386,4.695,2236,local,29.121,4.742,90,before,AV1,12,1,0,W12,used,0.1036,False,0,,14,W12.1,Buffer only,0.0,8.248000000000001,1.7567625133120341,False
AD_2026.09.23-BW12.1.oir,1,3,1201.3,276.3,1408,0.901,49.76,38.085,29.279,4.85,2194,local,29.121,4.742,93,before,AV1,12,1,0,W12,used,0.1036,False,0,,14,W12.1,Buffer only,0.0,8.806000000000001,1.8156701030927838,False
AD_2026.09.23-BW12.1.oir,1,4,1073.1,305.3,930,0.865,32.801,30.859,29.278,4.759,2048,local,29.121,4.742,54,before,AV1,12,1,0,W12,used,0.1036,False,0,,14,W12.1,Buffer only,0.0,1.581000000000003,0.3322126497163276,False
AD_2026.09.23-BW12.1.oir,1,5,233.3,538.0,1659,0.868,49.906,41.263,29.184,4.764,1923,local,29.121,4.742,88,before,AV1,12,1,0,W12,used,0.1036,False,0,,14,W12.1,Buffer only,0.0,12.078999999999997,2.5354743912678415,False
AD_2026.09.23-BW12.1.oir,1,6,186.9,553.7,1150,0.871,32.669,31.24,29.229,4.829,1655,local,29.121,4.742,53,before,AV1,12,1,0,W12,used,0.1036,False,0,,14,W12.1,Buffer only,0.0,2.0109999999999992,0.4164423276040587,False
AD_2026.09.23-BW12.1.oir,1,7,1256.3,719.7,1363,0.895,51.701,39.542,29.303,4.782,2268,local,29.121,4.742,92,before,AV1,12,1,0,W12,used,0.1036,False,0,,14,W12.1,Buffer only,0.0,10.239,2.141154328732748,False
AD_2026.09.23-BW12.1.oir,1,8,1819.7,1052.7,1836,0.892,62.536,50.231,29.077,4.766,2483,local,29.121,4.742,108,before,AV1,12,1,0,W12,used,0.1036,False,0,,14,W12.1,Buffer only,0.0,21.154,4.438522870331515,False
AD_2026.09.23-BW12.1.oir,1,9,1480.4,1229.9,872,0.843,41.544,39.927,29.154,4.745,2030,local,29.121,4.742,73,before,AV1,12,1,0,W12,used,0.1036,False,0,,14,W12.1,Buffer only,0.0,10.773,2.270389884088514,False
AD_2026.09.23-BW12.1.oir,1,10,1057.6,1611.7,1931,0.893,61.093,47.387,28.993,4.896,2525,local,29.121,4.742,108,before,AV1,12,1,0,W12,used,0.1036,False,0,,14,W12.1,Buffer only,0.0,18.394000000000002,3.756944444444445,False
AD_2026.09.23-BW12.1.oir,1,11,1216.2,1630.9,964,0.884,56.848,50.99,29.058,4.627,2061,local,29.121,4.742,100,before,AV1,12,1,0,W12,used,0.1036,False,0,,14,W12.1,Buffer only,0.0,21.932000000000002,4.740004322455155,False
AD_2026.09.23-BW12.1.oir,1,12,1298.8,1748.4,1290,0.889,60.701,46.638,29.016,4.862,2231,local,29.121,4.742,115,before,AV1,12,1,0,W12,used,0.1036,False,0,,14,W12.1,Buffer only,0.0,17.622,3.6244343891402715,False
AD_2026.09.23-BW12.1.oir,1,13,496.9,1842.0,1151,0.899,48.234,43.676,29.032,4.853,2153,local,29.121,4.742,93,before,AV1,12,1,0,W12,used,0.1036,False,0,,14,W12.1,Buffer only,0.0,14.644000000000002,3.0175149392128584,False
AD_2026.09.23-BW12.1.oir,1,14,1909.4,1960.5,982,0.892,40.629,38.173,29.071,4.77,2067,local,29.121,4.742,66,before,AV1,12,1,0,W12,used,0.1036,False,0,,14,W12.1,Buffer only,0.0,9.102,1.908176100628931,False
AD_2026.09.23-BW12.2.oir,1,1,1860.5,114.8,860,0.917,38.527,36.263,29.164,4.654,1983,local,29.244,4.8,62,before,AV1,12,2,0,W12,used,0.1036,False,0,,17,W12.2,Buffer only,0.0,7.098999999999997,1.5253545337344212,False
AD_2026.09.23-BW12.2.oir,1,2,211.5,118.9,1154,0.879,62.348,55.792,29.294,4.783,2165,local,29.244,4.8,107,before,AV1,12,2,0,W12,used,0.1036,False,0,,17,W12.2,Buffer only,0.0,26.498,5.540037633284549,False
AD_2026.09.23-BW12.2.oir,1,3,1049.2,119.7,1368,0.874,66.289,54.421,29.247,4.809,2239,local,29.244,4.8,114,before,AV1,12,2,0,W12,used,0.1036,False,0,,17,W12.2,Buffer only,0.0,25.174,5.234768143065086,False
AD_2026.09.23-BW12.2.oir,1,4,1468.0,270.7,1079,0.887,66.645,54.528,29.569,5.589,1996,local,29.244,4.8,114,before,AV1,12,2,0,W12,used,0.1036,False,0,,17,W12.2,Buffer only,0.0,24.959,4.4657362676686345,False
AD_2026.09.23-BW12.2.oir,1,5,1085.6,361.8,1135,0.9,30.116,29.963,29.725,4.69,2151,local,29.244,4.8,46,before,AV1,12,2,0,W12,used,0.1036,False,0,,17,W12.2,Buffer only,0.0,0.23799999999999955,0.05074626865671632,False
AD_2026.09.23-BW12.2.oir,1,6,27.8,658.3,913,0.892,65.148,56.821,29.139,4.625,1737,local,29.244,4.8,110,before,AV1,12,2,0,W12,used,0.1036,False,0,,17,W12.2,Buffer only,0.0,27.682,5.985297297297297,False
AD_2026.09.23-BW12.2.oir,1,7,997.8,704.0,926,0.844,72.573,66.82,29.139,4.779,2054,local,29.244,4.8,113,before,AV1,12,2,0,W12,used,0.1036,False,0,,17,W12.2,Buffer only,0.0,37.681,7.8847039129525,False
AD_2026.09.23-BW12.2.oir,1,8,1096.8,752.0,1161,0.881,69.825,60.923,29.198,4.655,2175,local,29.244,4.8,133,before,AV1,12,2,0,W12,used,0.1036,False,0,,17,W12.2,Buffer only,0.0,31.725,6.815252416756176,False
AD_2026.09.23-BW12.2.oir,1,9,732.2,755.1,1247,0.909,29.463,29.504,29.389,4.663,2181,local,29.244,4.8,46,before,AV1,12,2,0,W12,used,0.1036,False,0,,17,W12.2,Buffer only,0.0,0.11500000000000199,0.024662234612910568,False
AD_2026.09.23-BW12.2.oir,1,10,735.3,889.6,1229,0.903,29.456,29.12,29.296,4.729,1549,local,29.244,4.8,49,before,AV1,12,2,0,W12,used,0.1036,False,0,,17,W12.2,Buffer only,0.0,-0.17599999999999838,-0.03721717064918553,False
AD_2026.09.23-BW12.2.oir,1,11,687.3,920.7,1817,0.786,29.288,29.128,29.229,4.779,1632,local,29.244,4.8,45,before,AV1,12,2,0,W12,used,0.1036,False,0,,17,W12.2,Buffer only,0.0,-0.10099999999999909,-0.021134128478761057,False
AD_2026.09.23-BW12.2.oir,1,12,1279.5,1227.8,1783,0.891,29.252,29.5,29.336,4.779,2467,local,29.244,4.8,49,before,AV1,12,2,0,W12,used,0.1036,False,0,,17,W12.2,Buffer only,0.0,0.16400000000000148,0.03431680267838491,False
AD_2026.09.23-BW12.2.oir,1,13,643.4,1313.9,654,0.748,67.887,66.616,29.107,4.65,1912,local,29.244,4.8,99,before,AV1,12,2,0,W12,used,0.1036,False,0,,17,W12.2,Buffer only,0.0,37.509,8.066451612903226,False
AD_2026.09.23-BW12.2.oir,1,14,1091.6,1367.6,1173,0.893,39.157,33.556,29.348,4.682,2173,local,29.244,4.8,75,before,AV1,12,2,0,W12,used,0.1036,False,0,,17,W12.2,Buffer only,0.0,4.207999999999998,0.8987612131567702,False
AD_2026.09.23-BW12.2.oir,1,15,1608.6,1396.3,961,0.863,71.16,66.262,29.198,4.847,2066,local,29.244,4.8,118,before,AV1,12,2,0,W12,used,0.1036,False,0,,17,W12.2,Buffer only,0.0,37.064,7.6467918299979365,False
AD_2026.09.23-BW12.2.oir,1,16,1287.9,1474.5,926,0.875,30.755,30.28,29.172,4.73,2021,local,29.244,4.8,50,before,AV1,12,2,0,W12,used,0.1036,False,0,,17,W12.2,Buffer only,0.0,1.1080000000000005,0.23424947145877387,False
AD_2026.09.23-BW12.2.oir,1,17,1137.8,1487.9,949,0.865,56.527,53.615,29.087,4.742,2065,local,29.244,4.8,93,before,AV1,12,2,0,W12,used,0.1036,False,0,,17,W12.2,Buffer only,0.0,24.528000000000002,5.172501054407424,False
AD_2026.09.23-BW12.3.oir,1,1,1842.7,367.1,1411,0.8,42.281,34.982,29.417,4.804,2101,local,29.249,4.746,88,before,AV1,12,3,0,W12,used,0.1036,False,0,,11,W12.3,Buffer only,0.0,5.564999999999998,1.1584096586178179,False
AD_2026.09.23-BW12.3.oir,1,2,1210.6,450.0,1322,0.9,56.051,43.18,29.494,4.755,2247,local,29.249,4.746,100,before,AV1,12,3,0,W12,used,0.1036,False,0,,11,W12.3,Buffer only,0.0,13.686,2.8782334384858044,False
AD_2026.09.23-BW12.3.oir,1,3,1454.8,645.4,1237,0.878,57.222,43.483,29.232,4.859,2215,local,29.249,4.746,106,before,AV1,12,3,0,W12,used,0.1036,False,0,,11,W12.3,Buffer only,0.0,14.250999999999998,2.932908005762502,False
AD_2026.09.23-BW12.3.oir,1,4,1873.3,688.8,1305,0.882,48.27,42.98,29.274,4.739,2246,local,29.249,4.746,82,before,AV1,12,3,0,W12,used,0.1036,False,0,,11,W12.3,Buffer only,0.0,13.705999999999996,2.892171344165435,False
AD_2026.09.23-BW12.3.oir,1,5,1716.0,691.5,1322,0.889,55.318,39.427,29.102,4.601,2254,local,29.249,4.746,102,before,AV1,12,3,0,W12,used,0.1036,False,0,,11,W12.3,Buffer only,0.0,10.325,2.244077374483808,False
AD_2026.09.23-BW12.3.oir,1,6,1456.4,1014.4,1586,0.793,29.649,29.37,29.322,4.752,2416,local,29.249,4.746,50,before,AV1,12,3,0,W12,used,0.1036,False,0,,11,W12.3,Buffer only,0.0,0.04800000000000182,0.010101010101010484,False
AD_2026.09.23-BW12.3.oir,1,7,673.5,1169.5,1364,0.888,55.849,40.347,29.166,4.842,2274,local,29.249,4.746,106,before,AV1,12,3,0,W12,used,0.1036,False,0,,11,W12.3,Buffer only,0.0,11.181000000000001,2.3091697645600995,False
AD_2026.09.23-BW12.3.oir,1,8,1692.7,1402.1,593,0.859,37.992,37.068,29.195,4.729,1830,local,29.249,4.746,65,before,AV1,12,3,0,W12,used,0.1036,False,0,,11,W12.3,Buffer only,0.0,7.8729999999999976,1.6648340029604562,False
AD_2026.09.23-BW12.3.oir,1,9,1611.1,1652.7,1018,0.868,57.066,50.855,29.167,4.923,2099,local,29.249,4.746,98,before,AV1,12,3,0,W12,used,0.1036,False,0,,11,W12.3,Buffer only,0.0,21.687999999999995,4.405443835059922,False
AD_2026.09.23-BW12.3.oir,1,10,350.1,1741.6,1191,0.807,45.576,38.918,29.233,4.716,2169,local,29.249,4.746,78,before,AV1,12,3,0,W12,used,0.1036,False,0,,11,W12.3,Buffer only,0.0,9.684999999999999,2.05364715860899,False
AD_2026.09.23-BW12.3.oir,1,11,983.1,2011.9,1169,0.869,60.587,50.173,29.274,4.774,2092,local,29.249,4.746,107,before,AV1,12,3,0,W12,used,0.1036,False,0,,11,W12.3,Buffer only,0.0,20.899,4.377670716380394,False
AD_2026.09.23-BW2.1.oir,1,1,1901.9,89.6,816,0.828,52.669,46.194,27.079,4.781,1475,local,26.815,4.7,95,before,P0.5,2,1,0,W2,used,0.1036,False,0,,11,W2.1,Probe 0.25,0.25,19.115000000000002,3.9981175486299945,False
AD_2026.09.23-BW2.1.oir,1,2,1921.5,118.3,683,0.821,66.359,63.779,26.973,4.615,1386,local,26.815,4.7,104,before,P0.5,2,1,0,W2,used,0.1036,False,0,,11,W2.1,Probe 0.25,0.25,36.806000000000004,7.975297941495125,False
AD_2026.09.23-BW2.1.oir,1,3,918.7,383.1,504,0.634,26.595,26.655,26.824,4.612,1487,local,26.815,4.7,40,before,P0.5,2,1,0,W2,used,0.1036,False,0,,11,W2.1,Probe 0.25,0.25,-0.16900000000000048,-0.03664353859496975,False
AD_2026.09.23-BW2.1.oir,1,4,666.9,484.9,2081,0.778,26.829,26.677,26.851,4.713,2543,local,26.815,4.7,42,before,P0.5,2,1,0,W2,used,0.1036,False,0,,11,W2.1,Probe 0.25,0.25,-0.1739999999999995,-0.036919159770846484,False
AD_2026.09.23-BW2.1.oir,1,5,1075.8,486.1,1601,0.78,26.948,26.856,26.749,4.722,1772,local,26.815,4.7,43,before,P0.5,2,1,0,W2,used,0.1036,False,0,,11,W2.1,Probe 0.25,0.25,0.10700000000000287,0.022659889877171296,False
AD_2026.09.23-BW2.1.oir,1,6,607.4,539.5,1830,0.721,26.849,26.715,26.752,4.599,2472,local,26.815,4.7,42,before,P0.5,2,1,0,W2,used,0.1036,False,0,,11,W2.1,Probe 0.25,0.25,-0.036999999999999034,-0.008045227223309205,False
AD_2026.09.23-BW2.1.oir,1,7,1538.8,564.4,1114,0.859,65.179,59.251,26.856,4.565,2165,local,26.815,4.7,108,before,P0.5,2,1,0,W2,used,0.1036,False,0,,11,W2.1,Probe 0.25,0.25,32.394999999999996,7.096385542168673,False
AD_2026.09.23-BW2.1.oir,1,8,663.0,613.5,1818,0.749,26.808,26.869,26.884,4.712,2546,local,26.815,4.7,42,before,P0.5,2,1,0,W2,used,0.1036,False,0,,11,W2.1,Probe 0.25,0.25,-0.015000000000000568,-0.003183361629881275,False
AD_2026.09.23-BW2.1.oir,1,9,1209.0,771.8,1110,0.884,68.576,57.476,26.725,4.716,2130,local,26.815,4.7,122,before,P0.5,2,1,0,W2,used,0.1036,False,0,,11,W2.1,Probe 0.25,0.25,30.750999999999998,6.520568278201865,False
AD_2026.09.23-BW2.1.oir,1,10,287.0,950.3,1424,0.787,61.423,47.205,26.859,4.736,2324,local,26.815,4.7,107,before,P0.5,2,1,0,W2,used,0.1036,False,0,,11,W2.1,Probe 0.25,0.25,20.345999999999997,4.296030405405405,False
AD_2026.09.23-BW2.1.oir,1,11,953.9,1039.1,1546,0.863,66.272,49.217,26.907,4.713,2220,local,26.815,4.7,115,before,P0.5,2,1,0,W2,used,0.1036,False,0,,11,W2.1,Probe 0.25,0.25,22.31,4.73371525567579,False
AD_2026.09.23-BW2.2.oir,1,1,1867.5,316.8,1242,0.875,27.1,27.056,27.279,4.695,2211,local,27.021,4.688,40,before,P0.5,2,2,0,W2,used,0.1036,False,0,,13,W2.2,Probe 0.25,0.25,-0.22299999999999898,-0.047497337593184016,False
AD_2026.09.23-BW2.2.oir,1,2,1690.2,336.5,1874,0.89,27.208,27.033,27.296,4.649,1943,local,27.021,4.688,49,before,P0.5,2,2,0,W2,used,0.1036,False,0,,13,W2.2,Probe 0.25,0.25,-0.2629999999999981,-0.056571305657130165,False
AD_2026.09.23-BW2.2.oir,1,3,836.1,370.8,1083,0.87,65.404,58.457,27.204,4.698,2137,local,27.021,4.688,112,before,P0.5,2,2,0,W2,used,0.1036,False,0,,13,W2.2,Probe 0.25,0.25,31.253,6.65240527884206,False
AD_2026.09.23-BW2.2.oir,1,4,890.3,483.4,1459,0.821,30.001,28.357,27.142,4.728,1812,local,27.021,4.688,51,before,P0.5,2,2,0,W2,used,0.1036,False,0,,13,W2.2,Probe 0.25,0.25,1.2149999999999999,0.2569796954314721,False
AD_2026.09.23-BW2.2.oir,1,5,1247.3,516.8,830,0.769,27.059,26.98,27.052,4.745,1603,local,27.021,4.688,41,before,P0.5,2,2,0,W2,used,0.1036,False,0,,13,W2.2,Probe 0.25,0.25,-0.07199999999999918,-0.015173867228661575,False
AD_2026.09.23-BW2.2.oir,1,6,884.9,523.3,688,0.755,29.275,28.958,27.117,4.634,1409,local,27.021,4.688,51,before,P0.5,2,2,0,W2,used,0.1036,False,0,,13,W2.2,Probe 0.25,0.25,1.8409999999999975,0.397280966767371,False
AD_2026.09.23-BW2.2.oir,1,7,1189.1,585.7,1371,0.799,27.063,26.827,27.012,4.757,1312,local,27.021,4.688,44,before,P0.5,2,2,0,W2,used,0.1036,False,0,,13,W2.2,Probe 0.25,0.25,-0.18499999999999872,-0.038890056758460946,False
AD_2026.09.23-BW2.2.oir,1,8,724.5,766.4,1186,0.903,65.389,57.291,27.108,4.674,2173,local,27.021,4.688,111,before,P0.5,2,2,0,W2,used,0.1036,False,0,,13,W2.2,Probe 0.25,0.25,30.182999999999996,6.457637997432605,False
AD_2026.09.23-BW2.2.oir,1,9,275.8,955.2,1686,0.88,27.153,27.14,27.213,4.611,2118,local,27.021,4.688,44,before,P0.5,2,2,0,W2,used,0.1036,False,0,,13,W2.2,Probe 0.25,0.25,-0.0730000000000004,-0.015831706788115463,False
AD_2026.09.23-BW2.2.oir,1,10,1065.6,1580.5,1941,0.861,27.079,27.201,26.821,4.691,2312,local,27.021,4.688,42,before,P0.5,2,2,0,W2,used,0.1036,False,0,,13,W2.2,Probe 0.25,0.25,0.379999999999999,0.08100618205073525,False
AD_2026.09.23-BW2.2.oir,1,11,1235.8,1645.6,967,0.798,27.217,27.1,26.912,4.622,1428,local,27.021,4.688,42,before,P0.5,2,2,0,W2,used,0.1036,False,0,,13,W2.2,Probe 0.25,0.25,0.1880000000000024,0.04067503245348386,False
AD_2026.09.23-BW2.2.oir,1,12,692.7,1690.1,984,0.852,63.294,53.071,27.125,4.64,2093,local,27.021,4.688,112,before,P0.5,2,2,0,W2,used,0.1036,False,0,,13,W2.2,Probe 0.25,0.25,25.945999999999998,5.591810344827586,False
AD_2026.09.23-BW2.2.oir,1,13,562.0,1782.1,1118,0.898,47.795,40.819,27.105,4.634,2139,local,27.021,4.688,90,before,P0.5,2,2,0,W2,used,0.1036,False,0,,13,W2.2,Probe 0.25,0.25,13.714000000000002,2.9594302977988782,False
AD_2026.09.23-BW2.3.oir,1,1,1606.4,115.9,1325,0.899,58.577,45.103,27.299,4.816,2244,local,27.063,4.682,97,before,P0.5,2,3,0,W2,used,0.1036,False,0,,8,W2.3,Probe 0.25,0.25,17.804000000000002,3.6968438538205985,False
AD_2026.09.23-BW2.3.oir,1,2,1646.5,375.7,923,0.763,62.831,59.012,26.966,4.609,1510,local,27.063,4.682,127,before,P0.5,2,3,0,W2,used,0.1036,False,0,,8,W2.3,Probe 0.25,0.25,32.046,6.952918203514862,False
AD_2026.09.23-BW2.3.oir,1,3,1629.0,408.4,1052,0.778,28.12,28.724,27.069,4.587,1585,local,27.063,4.682,68,before,P0.5,2,3,0,W2,used,0.1036,False,0,,8,W2.3,Probe 0.25,0.25,1.6550000000000011,0.3608022672770877,False
AD_2026.09.23-BW2.3.oir,1,4,1991.1,529.9,1230,0.897,62.024,54.273,27.01,4.759,2201,local,27.063,4.682,109,before,P0.5,2,3,0,W2,used,0.1036,False,0,,8,W2.3,Probe 0.25,0.25,27.263,5.728724521958394,False
AD_2026.09.23-BW2.3.oir,1,5,1304.0,1166.2,961,0.815,61.342,54.154,27.126,4.724,2077,local,27.063,4.682,104,before,P0.5,2,3,0,W2,used,0.1036,False,0,,8,W2.3,Probe 0.25,0.25,27.028000000000002,5.7214225232853515,False
AD_2026.09.23-BW2.3.oir,1,6,29.6,1748.8,941,0.854,36.942,34.672,26.949,4.755,1240,local,27.063,4.682,71,before,P0.5,2,3,0,W2,used,0.1036,False,0,,8,W2.3,Probe 0.25,0.25,7.722999999999995,1.6241850683491053,False
AD_2026.09.23-BW2.3.oir,1,7,101.2,1773.1,1185,0.744,27.084,27.19,27.028,4.792,1209,local,27.063,4.682,44,before,P0.5,2,3,0,W2,used,0.1036,False,0,,8,W2.3,Probe 0.25,0.25,0.1620000000000026,0.03380634390651139,False
AD_2026.09.23-BW2.3.oir,1,8,1084.8,1878.4,1074,0.891,62.281,50.744,27.022,4.805,2115,local,27.063,4.682,110,before,P0.5,2,3,0,W2,used,0.1036,False,0,,8,W2.3,Probe 0.25,0.25,23.722,4.9369406867846,False
AD_2026.09.23-BW3.1.oir,1,1,1201.4,33.6,1247,0.816,27.281,27.378,27.302,4.721,1168,local,27.229,4.71,46,before,P0.5,3,1,0,W3,used,0.1036,False,0,,21,W3.1,Probe 0.25,0.25,0.07600000000000051,0.016098284261809048,False
AD_2026.09.23-BW3.1.oir,1,2,1596.0,174.3,1677,0.886,27.484,27.547,27.371,4.807,2077,local,27.229,4.71,45,before,P0.5,3,1,0,W3,used,0.1036,False,0,,21,W3.1,Probe 0.25,0.25,0.17600000000000193,0.03661327231121322,False
AD_2026.09.23-BW3.1.oir,1,3,599.2,331.3,750,0.852,50.804,47.922,27.274,4.719,1940,local,27.229,4.71,89,before,P0.5,3,1,0,W3,used,0.1036,False,0,,21,W3.1,Probe 0.25,0.25,20.647999999999996,4.375503284594193,False
AD_2026.09.23-BW3.1.oir,1,4,1738.1,405.4,1093,0.88,27.318,27.355,27.297,4.648,1878,local,27.229,4.71,42,before,P0.5,3,1,0,W3,used,0.1036,False,0,,21,W3.1,Probe 0.25,0.25,0.05799999999999983,0.0124784853700516,False
AD_2026.09.23-BW3.1.oir,1,5,1682.3,409.4,922,0.855,36.174,33.303,27.401,4.643,1286,local,27.229,4.71,73,before,P0.5,3,1,0,W3,used,0.1036,False,0,,21,W3.1,Probe 0.25,0.25,5.9019999999999975,1.2711608873573117,False
AD_2026.09.23-BW3.1.oir,1,6,1354.9,478.5,625,0.781,27.36,27.301,27.325,4.643,1905,local,27.229,4.71,44,before,P0.5,3,1,0,W3,used,0.1036,False,0,,21,W3.1,Probe 0.25,0.25,-0.02400000000000091,-0.005169071720870323,False
AD_2026.09.23-BW3.1.oir,1,7,1420.9,485.0,811,0.658,27.158,27.165,27.285,4.596,2137,local,27.229,4.71,45,before,P0.5,3,1,0,W3,used,0.1036,False,0,,21,W3.1,Probe 0.25,0.25,-0.120000000000001,-0.02610966057441275,False
AD_2026.09.23-BW3.1.oir,1,8,1634.4,555.4,1640,0.831,49.448,42.564,27.412,4.775,1695,local,27.229,4.71,100,before,P0.5,3,1,0,W3,used,0.1036,False,0,,21,W3.1,Probe 0.25,0.25,15.152000000000001,3.1731937172774867,False
AD_2026.09.23-BW3.1.oir,1,9,1748.1,545.9,733,0.89,27.563,27.481,27.206,4.731,1912,local,27.229,4.71,43,before,P0.5,3,1,0,W3,used,0.1036,False,0,,21,W3.1,Probe 0.25,0.25,0.27500000000000213,0.05812724582540734,False
AD_2026.09.23-BW3.1.oir,1,10,879.2,749.6,1361,0.781,27.245,27.094,27.317,4.599,1330,local,27.229,4.71,43,before,P0.5,3,1,0,W3,used,0.1036,False,0,,21,W3.1,Probe 0.25,0.25,-0.22299999999999898,-0.04848880191345922,False
AD_2026.09.23-BW3.1.oir,1,11,1201.8,800.5,812,0.889,51.417,45.267,27.153,4.551,1967,local,27.229,4.71,95,before,P0.5,3,1,0,W3,used,0.1036,False,0,,21,W3.1,Probe 0.25,0.25,18.114000000000004,3.9802241265655907,False
AD_2026.09.23-BW3.1.oir,1,12,904.7,802.0,558,0.783,27.21,27.153,27.145,4.685,670,local,27.229,4.71,44,before,P0.5,3,1,0,W3,used,0.1036,False,0,,21,W3.1,Probe 0.25,0.25,0.007999999999999119,0.0017075773745995986,False
AD_2026.09.23-BW3.1.oir,1,13,383.9,824.8,1229,0.872,60.201,55.124,27.374,4.819,2205,local,27.229,4.71,96,before,P0.5,3,1,0,W3,used,0.1036,False,0,,21,W3.1,Probe 0.25,0.25,27.750000000000004,5.758456111226396,False
AD_2026.09.23-BW3.1.oir,1,14,1254.4,897.3,1281,0.869,60.225,53.557,27.081,4.597,2238,local,27.229,4.71,98,before,P0.5,3,1,0,W3,used,0.1036,False,0,,21,W3.1,Probe 0.25,0.25,26.476000000000003,5.75940830976724,False
AD_2026.09.23-BW3.1.oir,1,15,533.8,918.5,1159,0.888,59.443,55.47,27.249,4.734,1697,local,27.229,4.71,105,before,P0.5,3,1,0,W3,used,0.1036,False,0,,21,W3.1,Probe 0.25,0.25,28.221,5.9613434727503165,False
AD_2026.09.23-BW3.1.oir,1,16,494.1,919.3,603,0.786,27.919,27.757,27.282,4.735,1390,local,27.229,4.71,40,before,P0.5,3,1,0,W3,used,0.1036,False,0,,21,W3.1,Probe 0.25,0.25,0.4750000000000014,0.10031678986272469,False
AD_2026.09.23-BW3.1.oir,1,17,609.8,1163.9,1313,0.875,62.24,54.509,27.407,4.615,2257,local,27.229,4.71,101,before,P0.5,3,1,0,W3,used,0.1036,False,0,,21,W3.1,Probe 0.25,0.25,27.102,5.872589382448537,False
AD_2026.09.23-BW3.1.oir,1,18,386.0,1507.1,1852,0.712,27.156,27.132,27.272,4.675,1015,local,27.229,4.71,45,before,P0.5,3,1,0,W3,used,0.1036,False,0,,21,W3.1,Probe 0.25,0.25,-0.13999999999999702,-0.029946524064170487,False
AD_2026.09.23-BW3.1.oir,1,19,330.7,1639.5,1743,0.8,27.091,26.962,27.019,4.773,2507,local,27.229,4.71,41,before,P0.5,3,1,0,W3,used,0.1036,False,0,,21,W3.1,Probe 0.25,0.25,-0.05699999999999861,-0.011942174732872117,False
AD_2026.09.23-BW3.1.oir,1,20,1371.9,1969.8,1044,0.883,57.549,53.617,27.248,4.703,2106,local,27.229,4.71,92,before,P0.5,3,1,0,W3,used,0.1036,False,0,,21,W3.1,Probe 0.25,0.25,26.368999999999996,5.606846693599829,False
AD_2026.09.23-BW3.1.oir,1,21,1984.9,2006.2,1121,0.889,57.972,51.919,27.374,4.684,2146,local,27.229,4.71,95,before,P0.5,3,1,0,W3,used,0.1036,False,0,,21,W3.1,Probe 0.25,0.25,24.544999999999998,5.240179333902646,False
AD_2026.09.23-BW3.2.oir,1,1,392.7,15.6,115,0.692,27.852,28.183,27.719,4.471,345,local,27.374,4.778,39,before,P0.5,3,2,0,W3,used,0.2072,True,0,,17,W3.2,Probe 0.25,0.25,0.46399999999999864,0.10377991500782792,False
AD_2026.09.23-BW3.2.oir,1,2,928.9,33.3,321,0.905,67.199,57.878,27.62,4.793,581,local,27.374,4.778,108,before,P0.5,3,2,0,W3,used,0.2072,True,0,,17,W3.2,Probe 0.25,0.25,30.258,6.312956394742332,False
AD_2026.09.23-BW3.2.oir,1,3,992.0,51.7,259,0.913,40.544,38.076,27.592,4.796,549,local,27.374,4.778,62,before,P0.5,3,2,0,W3,used,0.2072,True,0,,17,W3.2,Probe 0.25,0.25,10.484000000000002,2.1859883236030027,False
AD_2026.09.23-BW3.2.oir,1,4,105.2,76.2,433,0.815,27.568,27.869,27.828,3.883,192,local,27.374,4.778,43,before,P0.5,3,2,0,W3,used,0.2072,True,0,,17,W3.2,Probe 0.25,0.25,0.04100000000000037,0.010558846252897339,False
AD_2026.09.23-BW3.2.oir,1,5,134.6,133.5,330,0.914,29.088,28.843,27.437,4.721,570,local,27.374,4.778,44,before,P0.5,3,2,0,W3,used,0.2072,True,0,,17,W3.2,Probe 0.25,0.25,1.4059999999999988,0.29781825884346513,False
AD_2026.09.23-BW3.2.oir,1,6,850.8,221.4,339,0.901,72.065,64.171,27.562,4.581,591,local,27.374,4.778,116,before,P0.5,3,2,0,W3,used,0.2072,True,0,,17,W3.2,Probe 0.25,0.25,36.60900000000001,7.99148657498363,False
AD_2026.09.23-BW3.2.oir,1,7,561.9,224.1,141,0.913,44.809,42.812,27.378,4.708,471,local,27.374,4.778,77,before,P0.5,3,2,0,W3,used,0.2072,True,0,,17,W3.2,Probe 0.25,0.25,15.433999999999997,3.2782497875955814,False
AD_2026.09.23-BW3.2.oir,1,8,733.4,303.0,280,0.942,73.839,63.303,27.572,4.612,554,local,27.374,4.778,113,before,P0.5,3,2,0,W3,used,0.2072,True,0,,17,W3.2,Probe 0.25,0.25,35.730999999999995,7.747398091934084,False
AD_2026.09.23-BW3.2.oir,1,9,967.0,464.9,362,0.816,75.638,69.44,27.469,4.658,603,local,27.374,4.778,113,before,P0.5,3,2,0,W3,used,0.2072,True,0,,17,W3.2,Probe 0.25,0.25,41.971,9.010519536281665,False
AD_2026.09.23-BW3.2.oir,1,10,225.5,482.1,266,0.912,72.06,68.52,27.585,4.669,470,local,27.374,4.778,117,before,P0.5,3,2,0,W3,used,0.2072,True,0,,17,W3.2,Probe 0.25,0.25,40.934999999999995,8.767402013279074,False
AD_2026.09.23-BW3.2.oir,1,11,154.5,788.9,151,0.909,69.338,64.98,27.555,4.502,474,local,27.374,4.778,104,before,P0.5,3,2,0,W3,used,0.2072,True,0,,17,W3.2,Probe 0.25,0.25,37.425000000000004,8.312972012438918,False
AD_2026.09.23-BW3.2.oir,1,12,398.2,801.7,242,0.932,64.64,60.181,27.493,4.611,536,local,27.374,4.778,96,before,P0.5,3,2,0,W3,used,0.2072,True,0,,17,W3.2,Probe 0.25,0.25,32.688,7.089134677944048,False
AD_2026.09.23-BW3.2.oir,1,13,112.9,916.3,279,0.652,27.19,27.645,27.593,4.805,420,local,27.374,4.778,42,before,P0.5,3,2,0,W3,used,0.2072,True,0,,17,W3.2,Probe 0.25,0.25,0.0519999999999996,0.010822060353798044,False
AD_2026.09.23-BW3.2.oir,1,14,948.8,971.4,170,0.748,27.012,27.009,27.031,4.594,350,local,27.374,4.778,39,before,P0.5,3,2,0,W3,used,0.2072,True,0,,17,W3.2,Probe 0.25,0.25,-0.021999999999998465,-0.004788855028297445,False
AD_2026.09.23-BW3.2.oir,1,15,983.2,985.6,329,0.896,27.462,27.145,27.463,4.863,540,local,27.374,4.778,46,before,P0.5,3,2,0,W3,used,0.2072,True,0,,17,W3.2,Probe 0.25,0.25,-0.3180000000000014,-0.06539173349784112,False
AD_2026.09.23-BW3.2.oir,1,16,943.1,1000.3,222,0.821,26.946,26.869,27.19,4.928,337,local,27.374,4.778,43,before,P0.5,3,2,0,W3,used,0.2072,True,0,,17,W3.2,Probe 0.25,0.25,-0.3210000000000015,-0.06513798701298731,False
AD_2026.09.23-BW3.2.oir,1,17,166.8,1004.7,207,0.922,61.749,59.914,27.558,4.701,514,local,27.374,4.778,94,before,P0.5,3,2,0,W3,used,0.2072,True,0,,17,W3.2,Probe 0.25,0.25,32.356,6.882790895554138,False
AD_2026.09.23-BW3.3.oir,1,1,1441.2,36.6,770,0.819,35.836,32.931,27.512,4.785,1471,local,27.312,4.751,71,before,P0.5,3,3,0,W3,used,0.1036,False,0,,16,W3.3,Probe 0.25,0.25,5.418999999999997,1.1324973876698008,False
AD_2026.09.23-BW3.3.oir,1,2,1131.5,368.2,979,0.893,69.84,60.376,27.273,4.639,2060,local,27.312,4.751,120,before,P0.5,3,3,0,W3,used,0.1036,False,0,,16,W3.3,Probe 0.25,0.25,33.102999999999994,7.135805130416037,False
AD_2026.09.23-BW3.3.oir,1,3,163.3,549.8,1332,0.908,27.385,27.607,27.214,4.707,1735,local,27.312,4.751,46,before,P0.5,3,3,0,W3,used,0.1036,False,0,,16,W3.3,Probe 0.25,0.25,0.3930000000000007,0.08349267049075859,False
AD_2026.09.23-BW3.3.oir,1,4,110.4,602.2,2152,0.824,27.217,27.12,27.235,4.664,1591,local,27.312,4.751,47,before,P0.5,3,3,0,W3,used,0.1036,False,0,,16,W3.3,Probe 0.25,0.25,-0.11499999999999844,-0.024656946826757814,False
AD_2026.09.23-BW3.3.oir,1,5,659.3,634.5,962,0.877,72.837,62.954,27.35,4.581,2062,local,27.312,4.751,119,before,P0.5,3,3,0,W3,used,0.1036,False,0,,16,W3.3,Probe 0.25,0.25,35.604,7.772102161100196,False
AD_2026.09.23-BW3.3.oir,1,6,57.7,698.8,1960,0.822,41.77,33.307,27.253,4.8,1041,local,27.312,4.751,84,before,P0.5,3,3,0,W3,used,0.1036,False,0,,16,W3.3,Probe 0.25,0.25,6.054000000000002,1.2612500000000004,False
AD_2026.09.23-BW3.3.oir,1,7,1220.2,706.9,927,0.867,69.477,71.489,27.353,4.653,2047,local,27.312,4.751,119,before,P0.5,3,3,0,W3,used,0.1036,False,0,,16,W3.3,Probe 0.25,0.25,44.136,9.485493230174082,False
AD_2026.09.23-BW3.3.oir,1,8,1129.2,872.5,1585,0.878,82.308,68.586,27.435,4.804,2384,local,27.312,4.751,136,before,P0.5,3,3,0,W3,used,0.1036,False,0,,16,W3.3,Probe 0.25,0.25,41.150999999999996,8.565986677768525,False
AD_2026.09.23-BW3.3.oir,1,9,1361.0,959.9,1057,0.857,82.816,71.333,27.405,4.779,2128,local,27.312,4.751,135,before,P0.5,3,3,0,W3,used,0.1036,False,0,,16,W3.3,Probe 0.25,0.25,43.928,9.191881146683405,False
AD_2026.09.23-BW3.3.oir,1,10,491.9,1403.4,1370,0.874,63.062,54.643,27.356,4.635,2294,local,27.312,4.751,116,before,P0.5,3,3,0,W3,used,0.1036,False,0,,16,W3.3,Probe 0.25,0.25,27.287,5.887162891046386,False
AD_2026.09.23-BW3.3.oir,1,11,1866.1,1852.0,819,0.824,27.458,27.466,27.157,4.678,1627,local,27.312,4.751,43,before,P0.5,3,3,0,W3,used,0.1036,False,0,,16,W3.3,Probe 0.25,0.25,0.30900000000000105,0.06605386917486128,False
AD_2026.09.23-BW3.3.oir,1,12,1576.0,1854.6,954,0.904,78.041,69.346,27.432,4.662,2047,local,27.312,4.751,120,before,P0.5,3,3,0,W3,used,0.1036,False,0,,16,W3.3,Probe 0.25,0.25,41.914,8.990561990561991,False
AD_2026.09.23-BW3.3.oir,1,13,1298.5,1972.1,913,0.826,76.136,68.14,27.5,4.803,1591,local,27.312,4.751,119,before,P0.5,3,3,0,W3,used,0.1036,False,0,,16,W3.3,Probe 0.25,0.25,40.64,8.461378305225901,False
AD_2026.09.23-BW3.3.oir,1,14,1260.6,1991.6,885,0.87,27.882,27.658,27.415,4.811,1559,local,27.312,4.751,45,before,P0.5,3,3,0,W3,used,0.1036,False,0,,16,W3.3,Probe 0.25,0.25,0.2430000000000021,0.0505092496362507,False
AD_2026.09.23-BW3.3.oir,1,15,1144.8,2002.4,1802,0.869,27.609,27.514,27.531,4.73,2480,local,27.312,4.751,45,before,P0.5,3,3,0,W3,used,0.1036,False,0,,16,W3.3,Probe 0.25,0.25,-0.01699999999999946,-0.0035940803382662704,False
AD_2026.09.23-BW3.3.oir,1,16,1059.7,2011.8,1082,0.866,79.188,70.484,27.516,4.625,2122,local,27.312,4.751,131,before,P0.5,3,3,0,W3,used,0.1036,False,0,,16,W3.3,Probe 0.25,0.25,42.967999999999996,9.290378378378378,False
AD_2026.09.23-BW4.1.oir,1,1,168.5,40.8,594,0.746,27.554,27.568,27.218,4.584,746,local,27.393,4.698,46,before,P1,4,1,0,W4,used,0.1036,False,0,,16,W4.1,Probe 0.5,0.5,0.3500000000000014,0.07635253054101253,False
AD_2026.09.23-BW4.1.oir,1,2,904.9,110.6,531,0.708,27.132,27.333,27.368,4.559,922,local,27.393,4.698,40,before,P1,4,1,0,W4,used,0.1036,False,0,,16,W4.1,Probe 0.5,0.5,-0.03500000000000014,-0.007677122175915802,False
AD_2026.09.23-BW4.1.oir,1,3,769.1,221.6,2099,0.738,27.421,27.21,27.403,4.821,1701,local,27.393,4.698,45,before,P1,4,1,0,W4,used,0.1036,False,0,,16,W4.1,Probe 0.5,0.5,-0.19299999999999784,-0.040033188135241204,False
AD_2026.09.23-BW4.1.oir,1,4,1296.5,217.8,859,0.808,27.532,27.338,27.865,4.637,525,local,27.393,4.698,42,before,P1,4,1,0,W4,used,0.1036,False,0,,16,W4.1,Probe 0.5,0.5,-0.5269999999999975,-0.1136510675005386,False
AD_2026.09.23-BW4.1.oir,1,5,1838.2,247.5,1084,0.9,43.061,39.633,27.436,4.851,2121,local,27.393,4.698,70,before,P1,4,1,0,W4,used,0.1036,False,0,,16,W4.1,Probe 0.5,0.5,12.197000000000003,2.514326942898372,False
AD_2026.09.23-BW4.1.oir,1,6,1731.3,468.2,1431,0.887,60.15,48.637,27.308,4.655,2299,local,27.393,4.698,103,before,P1,4,1,0,W4,used,0.1036,False,0,,16,W4.1,Probe 0.5,0.5,21.329,4.581954887218045,False
AD_2026.09.23-BW4.1.oir,1,7,1857.3,566.6,2379,0.767,29.257,28.282,27.449,4.653,2197,local,27.393,4.698,55,before,P1,4,1,0,W4,used,0.1036,False,0,,16,W4.1,Probe 0.5,0.5,0.8329999999999984,0.1790242854072638,False
AD_2026.09.23-BW4.1.oir,1,8,1873.9,613.2,1005,0.723,28.122,28.133,27.515,4.745,1556,local,27.393,4.698,42,before,P1,4,1,0,W4,used,0.1036,False,0,,16,W4.1,Probe 0.5,0.5,0.6179999999999986,0.13024236037934636,False
AD_2026.09.23-BW4.1.oir,1,9,1004.6,799.4,836,0.915,53.45,45.892,27.359,4.734,1937,local,27.393,4.698,92,before,P1,4,1,0,W4,used,0.1036,False,0,,16,W4.1,Probe 0.5,0.5,18.533,3.914871144909168,False
AD_2026.09.23-BW4.1.oir,1,10,862.8,892.1,1427,0.867,34.055,29.656,27.402,4.914,2199,local,27.393,4.698,75,before,P1,4,1,0,W4,used,0.1036,False,0,,16,W4.1,Probe 0.5,0.5,2.253999999999998,0.45868945868945826,False
AD_2026.09.23-BW4.1.oir,1,11,28.0,901.2,686,0.695,27.44,27.356,27.367,4.563,1203,local,27.393,4.698,42,before,P1,4,1,0,W4,used,0.1036,False,0,,16,W4.1,Probe 0.5,0.5,-0.010999999999999233,-0.002410694718386858,False
AD_2026.09.23-BW4.1.oir,1,12,282.6,1291.3,1031,0.876,65.346,60.207,27.488,4.793,1762,local,27.393,4.698,109,before,P1,4,1,0,W4,used,0.1036,False,0,,16,W4.1,Probe 0.5,0.5,32.719,6.826413519716253,False
AD_2026.09.23-BW4.1.oir,1,13,915.2,1674.2,1039,0.884,67.886,62.82,27.616,4.812,2103,local,27.393,4.698,114,before,P1,4,1,0,W4,used,0.1036,False,0,,16,W4.1,Probe 0.5,0.5,35.204,7.315876974231089,False
AD_2026.09.23-BW4.1.oir,1,14,191.1,1758.3,739,0.883,57.639,54.398,27.465,4.658,1918,local,27.393,4.698,89,before,P1,4,1,0,W4,used,0.1036,False,0,,16,W4.1,Probe 0.5,0.5,26.933000000000003,5.782095319879777,False
AD_2026.09.23-BW4.1.oir,1,15,1345.3,1789.2,1414,0.874,66.527,54.244,27.64,4.764,2307,local,27.393,4.698,113,before,P1,4,1,0,W4,used,0.1036,False,0,,16,W4.1,Probe 0.5,0.5,26.604,5.584382871536524,False
AD_2026.09.23-BW4.1.oir,1,16,482.6,1942.7,999,0.85,70.191,64.821,27.506,4.645,2109,local,27.393,4.698,112,before,P1,4,1,0,W4,used,0.1036,False,0,,16,W4.1,Probe 0.5,0.5,37.315,8.033369214208827,False
AD_2026.09.23-BW4.2.oir,1,1,588.1,57.5,106,0.659,27.821,27.762,27.145,4.88,242,local,27.462,4.726,40,before,P1,4,2,0,W4,used,0.2072,True,0,,27,W4.2,Probe 0.5,0.5,0.6170000000000009,0.12643442622950837,False
AD_2026.09.23-BW4.2.oir,1,2,140.0,72.1,195,0.917,36.01,34.369,27.154,4.701,506,local,27.462,4.726,52,before,P1,4,2,0,W4,used,0.2072,True,0,,27,W4.2,Probe 0.5,0.5,7.215,1.5347798340778558,False
AD_2026.09.23-BW4.2.oir,1,3,679.4,77.1,116,0.811,27.233,26.977,27.599,4.674,237,local,27.462,4.726,37,before,P1,4,2,0,W4,used,0.2072,True,0,,27,W4.2,Probe 0.5,0.5,-0.6219999999999999,-0.13307659392383395,False
AD_2026.09.23-BW4.2.oir,1,4,81.6,150.4,222,0.918,53.45,50.492,27.39,4.513,526,local,27.462,4.726,85,before,P1,4,2,0,W4,used,0.2072,True,0,,27,W4.2,Probe 0.5,0.5,23.101999999999997,5.118989585641479,False
AD_2026.09.23-BW4.2.oir,1,5,548.1,241.3,544,0.753,27.79,27.647,27.295,4.761,539,local,27.462,4.726,42,before,P1,4,2,0,W4,used,0.2072,True,0,,27,W4.2,Probe 0.5,0.5,0.35199999999999676,0.07393404746901844,False
AD_2026.09.23-BW4.2.oir,1,6,447.3,288.4,376,0.762,27.33,27.401,27.368,4.701,582,local,27.462,4.726,45,before,P1,4,2,0,W4,used,0.2072,True,0,,27,W4.2,Probe 0.5,0.5,0.03300000000000125,0.0070197830248885885,False
AD_2026.09.23-BW4.2.oir,1,7,921.1,319.2,208,0.935,62.106,57.857,27.139,4.957,512,local,27.462,4.726,99,before,P1,4,2,0,W4,used,0.2072,True,0,,27,W4.2,Probe 0.5,0.5,30.718,6.196893282227154,False
AD_2026.09.23-BW4.2.oir,1,8,155.4,326.7,238,0.917,64.769,62.096,27.91,4.674,534,local,27.462,4.726,94,before,P1,4,2,0,W4,used,0.2072,True,0,,27,W4.2,Probe 0.5,0.5,34.18599999999999,7.314077877620879,False
AD_2026.09.23-BW4.2.oir,1,9,359.7,369.3,388,0.732,27.575,27.625,27.537,4.644,642,local,27.462,4.726,43,before,P1,4,2,0,W4,used,0.2072,True,0,,27,W4.2,Probe 0.5,0.5,0.08800000000000097,0.018949181739879622,False
AD_2026.09.23-BW4.2.oir,1,10,578.5,412.9,199,0.722,27.412,27.2,27.443,4.804,343,local,27.462,4.726,38,before,P1,4,2,0,W4,used,0.2072,True,0,,27,W4.2,Probe 0.5,0.5,-0.2430000000000021,-0.050582847626977956,False
AD_2026.09.23-BW4.2.oir,1,11,341.1,418.4,346,0.785,27.477,27.551,27.483,4.795,470,local,27.462,4.726,42,before,P1,4,2,0,W4,used,0.2072,True,0,,27,W4.2,Probe 0.5,0.5,0.06799999999999784,0.014181438998956797,False
AD_2026.09.23-BW4.2.oir,1,12,346.5,473.9,180,0.775,27.806,27.658,27.46,4.632,352,local,27.462,4.726,40,before,P1,4,2,0,W4,used,0.2072,True,0,,27,W4.2,Probe 0.5,0.5,0.1980000000000004,0.042746113989637395,False
AD_2026.09.23-BW4.2.oir,1,13,280.0,481.2,369,0.804,27.518,27.215,27.436,4.854,342,local,27.462,4.726,43,before,P1,4,2,0,W4,used,0.2072,True,0,,27,W4.2,Probe 0.5,0.5,-0.22100000000000009,-0.04552946023897818,False
AD_2026.09.23-BW4.2.oir,1,14,428.2,517.6,221,0.914,81.683,76.402,27.47,4.788,526,local,27.462,4.726,125,before,P1,4,2,0,W4,used,0.2072,True,0,,27,W4.2,Probe 0.5,0.5,48.932,10.219715956558062,False
AD_2026.09.23-BW4.2.oir,1,15,639.5,543.6,421,0.714,27.095,27.091,27.453,4.875,565,local,27.462,4.726,44,before,P1,4,2,0,W4,used,0.2072,True,0,,27,W4.2,Probe 0.5,0.5,-0.3619999999999983,-0.07425641025640992,False
AD_2026.09.23-BW4.2.oir,1,16,598.8,545.9,258,0.727,27.314,27.583,27.104,4.733,444,local,27.462,4.726,45,before,P1,4,2,0,W4,used,0.2072,True,0,,27,W4.2,Probe 0.5,0.5,0.4789999999999992,0.10120431016268736,False
AD_2026.09.23-BW4.2.oir,1,17,794.7,626.1,331,0.886,27.115,26.881,27.468,4.549,577,local,27.462,4.726,48,before,P1,4,2,0,W4,used,0.2072,True,0,,27,W4.2,Probe 0.5,0.5,-0.5869999999999997,-0.12903934930754005,False
AD_2026.09.23-BW4.2.oir,1,18,746.5,643.7,226,0.863,28.066,27.956,27.735,4.757,351,local,27.462,4.726,39,before,P1,4,2,0,W4,used,0.2072,True,0,,27,W4.2,Probe 0.5,0.5,0.22100000000000009,0.04645785158713477,False
AD_2026.09.23-BW4.2.oir,1,19,869.9,654.5,210,0.884,31.433,30.532,27.339,4.805,386,local,27.462,4.726,55,before,P1,4,2,0,W4,used,0.2072,True,0,,27,W4.2,Probe 0.5,0.5,3.1930000000000014,0.6645161290322584,False
AD_2026.09.23-BW4.2.oir,1,20,941.4,656.0,205,0.885,70.663,67.607,27.501,4.766,517,local,27.462,4.726,107,before,P1,4,2,0,W4,used,0.2072,True,0,,27,W4.2,Probe 0.5,0.5,40.105999999999995,8.41502308015107,False
AD_2026.09.23-BW4.2.oir,1,21,738.5,678.0,390,0.832,27.705,27.958,27.439,4.601,437,local,27.462,4.726,43,before,P1,4,2,0,W4,used,0.2072,True,0,,27,W4.2,Probe 0.5,0.5,0.5189999999999984,0.11280156487720025,False
AD_2026.09.23-BW4.2.oir,1,22,829.6,674.6,241,0.796,27.27,27.364,27.505,4.591,430,local,27.462,4.726,40,before,P1,4,2,0,W4,used,0.2072,True,0,,27,W4.2,Probe 0.5,0.5,-0.14099999999999824,-0.03071226312350212,False
AD_2026.09.23-BW4.2.oir,1,23,867.6,674.6,218,0.891,58.381,53.2,27.608,4.649,393,local,27.462,4.726,101,before,P1,4,2,0,W4,used,0.2072,True,0,,27,W4.2,Probe 0.5,0.5,25.592000000000002,5.504839750483976,False
AD_2026.09.23-BW4.2.oir,1,24,790.5,712.3,260,0.713,41.438,40.812,27.443,4.289,273,local,27.462,4.726,93,before,P1,4,2,0,W4,used,0.2072,True,0,,27,W4.2,Probe 0.5,0.5,13.368999999999996,3.1170435999067374,False
AD_2026.09.23-BW4.2.oir,1,25,728.9,791.0,263,0.909,70.502,66.514,27.502,4.806,552,local,27.462,4.726,111,before,P1,4,2,0,W4,used,0.2072,True,0,,27,W4.2,Probe 0.5,0.5,39.012,8.117353308364544,False
AD_2026.09.23-BW4.2.oir,1,26,602.1,862.5,176,0.935,52.977,47.318,27.607,4.898,494,local,27.462,4.726,94,before,P1,4,2,0,W4,used,0.2072,True,0,,27,W4.2,Probe 0.5,0.5,19.711,4.024295630869743,False
AD_2026.09.23-BW4.2.oir,1,27,766.1,950.1,406,0.921,68.249,64.853,27.607,4.529,611,local,27.462,4.726,107,before,P1,4,2,0,W4,used,0.2072,True,0,,27,W4.2,Probe 0.5,0.5,37.245999999999995,8.223890483550452,False
AD_2026.09.23-BW4.3.oir,1,1,192.9,40.3,1900,0.763,27.499,27.722,27.798,4.706,944,local,27.548,4.712,43,before,P1,4,3,0,W4,used,0.1036,False,0,,26,W4.3,Probe 0.5,0.5,-0.07599999999999696,-0.01614959626009285,False
AD_2026.09.23-BW4.3.oir,1,2,221.1,81.8,1481,0.733,27.562,27.571,27.431,4.626,1712,local,27.548,4.712,43,before,P1,4,3,0,W4,used,0.1036,False,0,,26,W4.3,Probe 0.5,0.5,0.14000000000000057,0.030263726761781358,False
AD_2026.09.23-BW4.3.oir,1,3,1489.2,205.3,753,0.889,56.348,53.908,27.521,4.628,1925,local,27.548,4.712,86,before,P1,4,3,0,W4,used,0.1036,False,0,,26,W4.3,Probe 0.5,0.5,26.387,5.701598962834918,False
AD_2026.09.23-BW4.3.oir,1,4,1458.7,301.4,857,0.904,66.211,61.81,27.552,4.793,1986,local,27.548,4.712,105,before,P1,4,3,0,W4,used,0.1036,False,0,,26,W4.3,Probe 0.5,0.5,34.258,7.147506780721886,False
AD_2026.09.23-BW4.3.oir,1,5,1652.8,470.5,1095,0.9,63.312,58.217,27.623,4.754,2127,local,27.548,4.712,99,before,P1,4,3,0,W4,used,0.1036,False,0,,26,W4.3,Probe 0.5,0.5,30.593999999999998,6.435422801851073,False
AD_2026.09.23-BW4.3.oir,1,6,1797.0,662.9,974,0.796,27.49,27.739,27.703,4.596,1540,local,27.548,4.712,43,before,P1,4,3,0,W4,used,0.1036,False,0,,26,W4.3,Probe 0.5,0.5,0.036000000000001364,0.007832898172324056,False
AD_2026.09.23-BW4.3.oir,1,7,435.0,726.6,1600,0.861,27.631,27.391,27.413,4.692,2370,local,27.548,4.712,43,before,P1,4,3,0,W4,used,0.1036,False,0,,26,W4.3,Probe 0.5,0.5,-0.022000000000002018,-0.0046888320545613845,False
AD_2026.09.23-BW4.3.oir,1,8,516.9,726.8,1705,0.896,27.619,27.666,27.589,4.681,2431,local,27.548,4.712,45,before,P1,4,3,0,W4,used,0.1036,False,0,,26,W4.3,Probe 0.5,0.5,0.07700000000000173,0.016449476607562855,False
AD_2026.09.23-BW4.3.oir,1,9,687.3,808.0,971,0.903,33.048,30.635,27.635,4.796,1708,local,27.548,4.712,57,before,P1,4,3,0,W4,used,0.1036,False,0,,26,W4.3,Probe 0.5,0.5,3.0,0.6255212677231026,False
AD_2026.09.23-BW4.3.oir,1,10,636.5,829.9,1662,0.88,27.536,27.735,27.363,4.828,1580,local,27.548,4.712,45,before,P1,4,3,0,W4,used,0.1036,False,0,,26,W4.3,Probe 0.5,0.5,0.3719999999999999,0.07705053852526923,False
AD_2026.09.23-BW4.3.oir,1,11,778.5,868.7,1089,0.883,27.523,27.677,27.513,4.766,2000,local,27.548,4.712,46,before,P1,4,3,0,W4,used,0.1036,False,0,,26,W4.3,Probe 0.5,0.5,0.16399999999999793,0.03441040704993662,False
AD_2026.09.23-BW4.3.oir,1,12,1300.3,1041.3,912,0.873,72.546,65.873,27.542,4.728,2035,local,27.548,4.712,121,before,P1,4,3,0,W4,used,0.1036,False,0,,26,W4.3,Probe 0.5,0.5,38.331,8.107233502538072,False
AD_2026.09.23-BW4.3.oir,1,13,1423.9,1104.1,1281,0.879,27.717,27.474,27.613,4.764,2243,local,27.548,4.712,45,before,P1,4,3,0,W4,used,0.1036,False,0,,26,W4.3,Probe 0.5,0.5,-0.13899999999999935,-0.029177162048698434,False
AD_2026.09.23-BW4.3.oir,1,14,1580.1,1153.4,1519,0.874,27.693,27.66,27.748,4.685,2076,local,27.548,4.712,47,before,P1,4,3,0,W4,used,0.1036,False,0,,26,W4.3,Probe 0.5,0.5,-0.08800000000000097,-0.01878335112059786,False
AD_2026.09.23-BW4.3.oir,1,15,1459.1,1211.9,1319,0.774,27.374,27.16,27.393,4.739,2322,local,27.548,4.712,42,before,P1,4,3,0,W4,used,0.1036,False,0,,26,W4.3,Probe 0.5,0.5,-0.23300000000000054,-0.049166490820848396,False
AD_2026.09.23-BW4.3.oir,1,16,1627.9,1230.0,1842,0.754,27.72,27.768,27.465,4.695,1264,local,27.548,4.712,46,before,P1,4,3,0,W4,used,0.1036,False,0,,26,W4.3,Probe 0.5,0.5,0.3030000000000008,0.06453674121405768,False
AD_2026.09.23-BW4.3.oir,1,17,1035.9,1269.4,1193,0.889,60.347,52.52,27.69,4.65,2184,local,27.548,4.712,99,before,P1,4,3,0,W4,used,0.1036,False,0,,26,W4.3,Probe 0.5,0.5,24.830000000000002,5.339784946236559,False
AD_2026.09.23-BW4.3.oir,1,18,1622.1,1270.2,752,0.749,27.432,27.543,27.444,4.662,1049,local,27.548,4.712,43,before,P1,4,3,0,W4,used,0.1036,False,0,,26,W4.3,Probe 0.5,0.5,0.0990000000000002,0.02123552123552128,False
AD_2026.09.23-BW4.3.oir,1,19,840.4,1361.7,1585,0.725,27.618,27.566,27.741,4.762,1092,local,27.548,4.712,45,before,P1,4,3,0,W4,used,0.1036,False,0,,26,W4.3,Probe 0.5,0.5,-0.1750000000000007,-0.036749265014699856,False
AD_2026.09.23-BW4.3.oir,1,20,1648.1,1349.5,507,0.699,27.383,27.337,27.873,4.459,582,local,27.548,4.712,45,before,P1,4,3,0,W4,used,0.1036,False,0,,26,W4.3,Probe 0.5,0.5,-0.5360000000000014,-0.12020632428795726,False
AD_2026.09.23-BW4.3.oir,1,21,255.1,1403.2,993,0.889,61.85,55.96,27.746,4.652,2074,local,27.548,4.712,101,before,P1,4,3,0,W4,used,0.1036,False,0,,26,W4.3,Probe 0.5,0.5,28.214000000000002,6.064918314703354,False
AD_2026.09.23-BW4.3.oir,1,22,853.2,1523.7,560,0.668,27.488,27.6,27.598,4.692,1772,local,27.548,4.712,40,before,P1,4,3,0,W4,used,0.1036,False,0,,26,W4.3,Probe 0.5,0.5,0.0020000000000024443,0.00042625745950606225,False
AD_2026.09.23-BW4.3.oir,1,23,785.0,1672.3,620,0.719,27.689,27.741,27.515,4.729,1201,local,27.548,4.712,44,before,P1,4,3,0,W4,used,0.1036,False,0,,26,W4.3,Probe 0.5,0.5,0.2259999999999991,0.047790230492704394,False
AD_2026.09.23-BW4.3.oir,1,24,1789.2,1892.0,940,0.711,27.72,27.655,27.443,4.659,867,local,27.548,4.712,41,before,P1,4,3,0,W4,used,0.1036,False,0,,26,W4.3,Probe 0.5,0.5,0.21199999999999974,0.045503326894183245,False
AD_2026.09.23-BW4.3.oir,1,25,1581.3,1908.3,623,0.829,75.498,73.945,27.687,4.74,1854,local,27.548,4.712,112,before,P1,4,3,0,W4,used,0.1036,False,0,,26,W4.3,Probe 0.5,0.5,46.257999999999996,9.759071729957805,False
AD_2026.09.23-BW4.3.oir,1,26,484.7,1945.6,711,0.903,58.88,56.168,27.427,4.725,1892,local,27.548,4.712,97,before,P1,4,3,0,W4,used,0.1036,False,0,,26,W4.3,Probe 0.5,0.5,28.741,6.0827513227513235,False
AD_2026.09.23-BW5.1_0001.oir,1,1,1550.8,37.6,1523,0.78,27.81,27.902,27.812,4.781,2316,local,27.642,4.719,44,before,P1,5,1,1,W5,used,0.1036,False,0,,14,W5.1,Probe 0.5,0.5,0.08999999999999986,0.01882451370006272,False
AD_2026.09.23-BW5.1_0001.oir,1,2,147.1,52.3,796,0.891,54.5,49.995,27.776,4.692,1958,local,27.642,4.719,88,before,P1,5,1,1,W5,used,0.1036,False,0,,14,W5.1,Probe 0.5,0.5,22.218999999999998,4.735507246376811,False
AD_2026.09.23-BW5.1_0001.oir,1,3,1470.1,303.9,1264,0.902,61.629,48.655,27.758,4.698,2215,local,27.642,4.719,108,before,P1,5,1,1,W5,used,0.1036,False,0,,14,W5.1,Probe 0.5,0.5,20.897000000000002,4.44806300553427,False
AD_2026.09.23-BW5.1_0001.oir,1,4,1600.0,377.4,750,0.886,44.036,42.15,27.661,4.643,1921,local,27.642,4.719,72,before,P1,5,1,1,W5,used,0.1036,False,0,,14,W5.1,Probe 0.5,0.5,14.488999999999997,3.120611673486969,False
AD_2026.09.23-BW5.1_0001.oir,1,5,946.5,392.8,1408,0.876,58.165,53.614,27.508,4.578,2309,local,27.642,4.719,98,before,P1,5,1,1,W5,used,0.1036,False,0,,14,W5.1,Probe 0.5,0.5,26.105999999999998,5.702490170380078,False
AD_2026.09.23-BW5.1_0001.oir,1,6,430.0,781.3,1143,0.906,63.195,51.973,27.661,4.691,2148,local,27.642,4.719,117,before,P1,5,1,1,W5,used,0.1036,False,0,,14,W5.1,Probe 0.5,0.5,24.311999999999998,5.182690257940737,False
AD_2026.09.23-BW5.1_0001.oir,1,7,1504.7,870.8,1346,0.883,61.441,55.942,27.834,4.564,2189,local,27.642,4.719,102,before,P1,5,1,1,W5,used,0.1036,False,0,,14,W5.1,Probe 0.5,0.5,28.108,6.15863277826468,False
AD_2026.09.23-BW5.1_0001.oir,1,8,960.0,1002.0,1087,0.878,58.19,51.501,27.681,4.772,2141,local,27.642,4.719,96,before,P1,5,1,1,W5,used,0.1036,False,0,,14,W5.1,Probe 0.5,0.5,23.819999999999997,4.991617770326906,False
AD_2026.09.23-BW5.1_0001.oir,1,9,1659.4,1105.6,2153,0.85,27.48,27.586,27.622,4.604,1182,local,27.642,4.719,48,before,P1,5,1,1,W5,used,0.1036,False,0,,14,W5.1,Probe 0.5,0.5,-0.036000000000001364,-0.007819287576021147,False
AD_2026.09.23-BW5.1_0001.oir,1,10,1732.6,1106.1,960,0.702,27.623,27.553,27.367,4.749,1151,local,27.642,4.719,49,before,P1,5,1,1,W5,used,0.1036,False,0,,14,W5.1,Probe 0.5,0.5,0.18599999999999994,0.03916614024005053,False
AD_2026.09.23-BW5.1_0001.oir,1,11,1622.5,1192.0,1872,0.861,27.857,27.76,27.732,4.624,2161,local,27.642,4.719,44,before,P1,5,1,1,W5,used,0.1036,False,0,,14,W5.1,Probe 0.5,0.5,0.028000000000002245,0.006055363321799794,False
AD_2026.09.23-BW5.1_0001.oir,1,12,241.8,1266.9,1141,0.877,73.436,60.366,27.685,4.645,2164,local,27.642,4.719,136,before,P1,5,1,1,W5,used,0.1036,False,0,,14,W5.1,Probe 0.5,0.5,32.681,7.035737351991389,False
AD_2026.09.23-BW5.1_0001.oir,1,13,1174.8,1347.5,1326,0.878,70.132,61.602,27.67,4.774,2269,local,27.642,4.719,113,before,P1,5,1,1,W5,used,0.1036,False,0,,14,W5.1,Probe 0.5,0.5,33.931999999999995,7.107666527021364,False
AD_2026.09.23-BW5.1_0001.oir,1,14,724.9,1661.3,1221,0.893,57.174,49.72,27.649,4.717,2195,local,27.642,4.719,95,before,P1,5,1,1,W5,used,0.1036,False,0,,14,W5.1,Probe 0.5,0.5,22.070999999999998,4.679033283866865,False
AD_2026.09.23-BW5.2_0001.oir,1,1,636.6,35.3,708,0.905,38.757,35.889,27.736,4.815,1889,local,27.691,4.733,64,before,P1,5,2,1,W5,used,0.1036,False,0,,30,W5.2,Probe 0.5,0.5,8.153000000000002,1.6932502596054002,False
AD_2026.09.23-BW5.2_0001.oir,1,2,548.5,92.1,1029,0.895,60.75,55.018,27.588,4.814,2088,local,27.691,4.733,116,before,P1,5,2,1,W5,used,0.1036,False,0,,30,W5.2,Probe 0.5,0.5,27.43,5.69796427087661,False
AD_2026.09.23-BW5.2_0001.oir,1,3,768.5,134.4,956,0.902,52.822,47.262,27.631,4.68,2046,local,27.691,4.733,90,before,P1,5,2,1,W5,used,0.1036,False,0,,30,W5.2,Probe 0.5,0.5,19.631,4.19465811965812,False
AD_2026.09.23-BW5.2_0001.oir,1,4,1958.9,191.5,1588,0.896,67.277,56.991,27.691,4.792,2375,local,27.691,4.733,109,before,P1,5,2,1,W5,used,0.1036,False,0,,30,W5.2,Probe 0.5,0.5,29.3,6.114357262103506,False
AD_2026.09.23-BW5.2_0001.oir,1,5,296.7,404.4,1109,0.9,61.506,53.861,27.499,4.657,2136,local,27.691,4.733,104,before,P1,5,2,1,W5,used,0.1036,False,0,,30,W5.2,Probe 0.5,0.5,26.362,5.660725789134635,False
AD_2026.09.23-BW5.2_0001.oir,1,6,1747.2,438.1,1314,0.899,58.256,49.286,27.471,4.666,2244,local,27.691,4.733,104,before,P1,5,2,1,W5,used,0.1036,False,0,,30,W5.2,Probe 0.5,0.5,21.815,4.675310758679811,False
AD_2026.09.23-BW5.2_0001.oir,1,7,602.1,445.0,673,0.721,27.725,27.618,27.418,4.505,1713,local,27.691,4.733,43,before,P1,5,2,1,W5,used,0.1036,False,0,,30,W5.2,Probe 0.5,0.5,0.1999999999999993,0.04439511653718076,False
AD_2026.09.23-BW5.2_0001.oir,1,8,1045.5,535.2,2310,0.878,27.629,27.647,27.534,4.671,2183,local,27.691,4.733,43,before,P1,5,2,1,W5,used,0.1036,False,0,,30,W5.2,Probe 0.5,0.5,0.11299999999999955,0.024191821879683054,False
AD_2026.09.23-BW5.2_0001.oir,1,9,991.4,530.1,909,0.742,27.646,27.541,27.676,4.748,895,local,27.691,4.733,44,before,P1,5,2,1,W5,used,0.1036,False,0,,30,W5.2,Probe 0.5,0.5,-0.134999999999998,-0.02843302443133909,False
AD_2026.09.23-BW5.2_0001.oir,1,10,812.9,621.3,1367,0.86,27.838,27.698,27.844,4.815,1451,local,27.691,4.733,50,before,P1,5,2,1,W5,used,0.1036,False,0,,30,W5.2,Probe 0.5,0.5,-0.1460000000000008,-0.030321910695742634,False
AD_2026.09.23-BW5.2_0001.oir,1,11,862.3,670.1,1375,0.865,27.549,27.353,27.755,4.819,2043,local,27.691,4.733,45,before,P1,5,2,1,W5,used,0.1036,False,0,,30,W5.2,Probe 0.5,0.5,-0.40199999999999747,-0.08341979663830618,False
AD_2026.09.23-BW5.2_0001.oir,1,12,1401.8,738.4,1265,0.884,72.947,62.31,27.76,4.71,2227,local,27.691,4.733,128,before,P1,5,2,1,W5,used,0.1036,False,0,,30,W5.2,Probe 0.5,0.5,34.55,7.335456475583864,False
AD_2026.09.23-BW5.2_0001.oir,1,13,277.8,808.4,751,0.82,27.68,27.462,27.563,4.834,796,local,27.691,4.733,42,before,P1,5,2,1,W5,used,0.1036,False,0,,30,W5.2,Probe 0.5,0.5,-0.10099999999999909,-0.02089366983864276,False
AD_2026.09.23-BW5.2_0001.oir,1,14,474.9,880.6,2509,0.826,27.655,27.703,27.657,4.767,2379,local,27.691,4.733,45,before,P1,5,2,1,W5,used,0.1036,False,0,,30,W5.2,Probe 0.5,0.5,0.045999999999999375,0.009649674847912602,False
AD_2026.09.23-BW5.2_0001.oir,1,15,369.1,887.6,1148,0.787,28.055,28.118,27.626,4.706,1384,local,27.691,4.733,44,before,P1,5,2,1,W5,used,0.1036,False,0,,30,W5.2,Probe 0.5,0.5,0.49199999999999733,0.10454738631534154,False
AD_2026.09.23-BW5.2_0001.oir,1,16,209.7,931.0,895,0.841,65.021,63.477,27.661,4.928,2036,local,27.691,4.733,107,before,P1,5,2,1,W5,used,0.1036,False,0,,30,W5.2,Probe 0.5,0.5,35.815999999999995,7.267857142857142,False
AD_2026.09.23-BW5.2_0001.oir,1,17,608.1,933.1,696,0.736,27.546,27.634,27.832,4.571,1632,local,27.691,4.733,44,before,P1,5,2,1,W5,used,0.1036,False,0,,30,W5.2,Probe 0.5,0.5,-0.1980000000000004,-0.04331656092758705,False
AD_2026.09.23-BW5.2_0001.oir,1,18,415.6,966.0,1285,0.706,27.872,27.834,27.622,4.656,1687,local,27.691,4.733,50,before,P1,5,2,1,W5,used,0.1036,False,0,,30,W5.2,Probe 0.5,0.5,0.21199999999999974,0.045532646048109915,False
AD_2026.09.23-BW5.2_0001.oir,1,19,1014.9,972.5,944,0.829,27.594,27.39,27.588,4.712,1365,local,27.691,4.733,42,before,P1,5,2,1,W5,used,0.1036,False,0,,30,W5.2,Probe 0.5,0.5,-0.1980000000000004,-0.042020373514431324,False
AD_2026.09.23-BW5.2_0001.oir,1,20,374.2,981.7,1443,0.711,27.621,27.767,27.658,4.835,1081,local,27.691,4.733,43,before,P1,5,2,1,W5,used,0.1036,False,0,,30,W5.2,Probe 0.5,0.5,0.10899999999999821,0.022543950361943788,False
AD_2026.09.23-BW5.2_0001.oir,1,21,399.6,1310.3,937,0.867,65.979,61.531,27.708,4.691,2054,local,27.691,4.733,107,before,P1,5,2,1,W5,used,0.1036,False,0,,30,W5.2,Probe 0.5,0.5,33.823,7.210189725005329,False
AD_2026.09.23-BW5.2_0001.oir,1,22,1142.8,1357.3,835,0.706,28.188,28.159,27.865,4.79,687,local,27.691,4.733,45,before,P1,5,2,1,W5,used,0.1036,False,0,,30,W5.2,Probe 0.5,0.5,0.2940000000000005,0.06137787056367442,False
AD_2026.09.23-BW5.2_0001.oir,1,23,1026.3,1381.8,1174,0.781,27.771,27.658,27.708,4.745,1042,local,27.691,4.733,46,before,P1,5,2,1,W5,used,0.1036,False,0,,30,W5.2,Probe 0.5,0.5,-0.04999999999999716,-0.010537407797681171,False
AD_2026.09.23-BW5.2_0001.oir,1,24,1097.8,1395.0,2074,0.787,27.792,27.705,27.808,4.678,1174,local,27.691,4.733,51,before,P1,5,2,1,W5,used,0.1036,False,0,,30,W5.2,Probe 0.5,0.5,-0.10300000000000153,-0.02201795639162068,False
AD_2026.09.23-BW5.2_0001.oir,1,25,1054.0,1411.7,1109,0.73,27.967,27.93,27.814,4.692,919,local,27.691,4.733,44,before,P1,5,2,1,W5,used,0.1036,False,0,,30,W5.2,Probe 0.5,0.5,0.11599999999999966,0.024722932651321323,False
AD_2026.09.23-BW5.2_0001.oir,1,26,1823.8,1619.8,1145,0.872,72.038,66.538,27.74,4.667,2173,local,27.691,4.733,115,before,P1,5,2,1,W5,used,0.1036,False,0,,30,W5.2,Probe 0.5,0.5,38.798,8.313263338332977,False
AD_2026.09.23-BW5.2_0001.oir,1,27,414.4,1805.5,1196,0.869,28.042,27.991,27.812,4.712,1551,local,27.691,4.733,42,before,P1,5,2,1,W5,used,0.1036,False,0,,30,W5.2,Probe 0.5,0.5,0.1789999999999985,0.037988115449914796,False
AD_2026.09.23-BW5.2_0001.oir,1,28,248.8,1825.9,893,0.822,59.713,58.8,27.995,4.806,2037,local,27.691,4.733,93,before,P1,5,2,1,W5,used,0.1036,False,0,,30,W5.2,Probe 0.5,0.5,30.804999999999996,6.409696213066999,False
AD_2026.09.23-BW5.2_0001.oir,1,29,500.6,1863.1,1040,0.746,27.904,28.04,27.941,4.685,1245,local,27.691,4.733,43,before,P1,5,2,1,W5,used,0.1036,False,0,,30,W5.2,Probe 0.5,0.5,0.0990000000000002,0.021131270010672405,False
AD_2026.09.23-BW5.2_0001.oir,1,30,498.9,1961.9,880,0.91,27.842,27.845,28.032,4.667,2000,local,27.691,4.733,44,before,P1,5,2,1,W5,used,0.1036,False,0,,30,W5.2,Probe 0.5,0.5,-0.18700000000000117,-0.04006856653096232,False
AD_2026.09.23-BW5.3_0001.oir,1,1,819.6,149.2,1906,0.798,28.009,27.944,28.012,4.643,924,local,27.993,4.783,45,before,P1,5,3,1,W5,used,0.1036,False,0,,18,W5.3,Probe 0.5,0.5,-0.06800000000000139,-0.014645703209132327,False
AD_2026.09.23-BW5.3_0001.oir,1,2,1059.8,221.4,1592,0.876,27.819,27.8,27.94,4.73,2083,local,27.993,4.783,42,before,P1,5,3,1,W5,used,0.1036,False,0,,18,W5.3,Probe 0.5,0.5,-0.14000000000000057,-0.029598308668076227,False
AD_2026.09.23-BW5.3_0001.oir,1,3,549.0,255.9,1149,0.904,53.871,40.993,27.78,4.771,2158,local,27.993,4.783,101,before,P1,5,3,1,W5,used,0.1036,False,0,,18,W5.3,Probe 0.5,0.5,13.213000000000001,2.76944036889541,False
AD_2026.09.23-BW5.3_0001.oir,1,4,453.0,400.6,1119,0.864,49.52,44.161,28.12,4.725,2048,local,27.993,4.783,92,before,P1,5,3,1,W5,used,0.1036,False,0,,18,W5.3,Probe 0.5,0.5,16.041,3.394920634920635,False
AD_2026.09.23-BW5.3_0001.oir,1,5,48.1,500.7,1101,0.873,62.891,49.251,27.951,4.744,2144,local,27.993,4.783,112,before,P1,5,3,1,W5,used,0.1036,False,0,,18,W5.3,Probe 0.5,0.5,21.299999999999997,4.489881956155143,False
AD_2026.09.23-BW5.3_0001.oir,1,6,138.8,643.2,1034,0.865,59.184,52.284,27.801,4.725,2110,local,27.993,4.783,96,before,P1,5,3,1,W5,used,0.1036,False,0,,18,W5.3,Probe 0.5,0.5,24.483,5.181587301587302,False
AD_2026.09.23-BW5.3_0001.oir,1,7,202.2,673.9,1342,0.87,59.277,55.862,27.968,4.796,2277,local,27.993,4.783,98,before,P1,5,3,1,W5,used,0.1036,False,0,,18,W5.3,Probe 0.5,0.5,27.894000000000002,5.816096747289408,False
AD_2026.09.23-BW5.3_0001.oir,1,8,99.1,711.7,1033,0.801,54.472,51.251,28.057,4.737,2142,local,27.993,4.783,88,before,P1,5,3,1,W5,used,0.1036,False,0,,18,W5.3,Probe 0.5,0.5,23.194,4.896347899514461,False
AD_2026.09.23-BW5.3_0001.oir,1,9,959.7,802.9,1039,0.806,56.581,53.861,28.076,4.61,1925,local,27.993,4.783,99,before,P1,5,3,1,W5,used,0.1036,False,0,,18,W5.3,Probe 0.5,0.5,25.784999999999997,5.5932754880694135,False
AD_2026.09.23-BW5.3_0001.oir,1,10,763.3,945.1,1412,0.861,57.173,51.192,27.987,4.66,2317,local,27.993,4.783,92,before,P1,5,3,1,W5,used,0.1036,False,0,,18,W5.3,Probe 0.5,0.5,23.205000000000002,4.9796137339055795,False
AD_2026.09.23-BW5.3_0001.oir,1,11,1456.9,958.6,1273,0.868,63.605,56.305,28.025,4.791,2243,local,27.993,4.783,101,before,P1,5,3,1,W5,used,0.1036,False,0,,18,W5.3,Probe 0.5,0.5,28.28,5.902734293466917,False
AD_2026.09.23-BW5.3_0001.oir,1,12,989.3,1143.1,1111,0.908,61.207,48.032,28.076,4.739,1812,local,27.993,4.783,111,before,P1,5,3,1,W5,used,0.1036,False,0,,18,W5.3,Probe 0.5,0.5,19.955999999999996,4.211014982063726,False
AD_2026.09.23-BW5.3_0001.oir,1,13,84.2,1298.6,1174,0.879,56.302,52.18,28.068,4.888,2174,local,27.993,4.783,91,before,P1,5,3,1,W5,used,0.1036,False,0,,18,W5.3,Probe 0.5,0.5,24.112,4.932896890343699,False
AD_2026.09.23-BW5.3_0001.oir,1,14,951.6,1382.9,1064,0.837,27.889,27.865,27.959,4.501,947,local,27.993,4.783,43,before,P1,5,3,1,W5,used,0.1036,False,0,,18,W5.3,Probe 0.5,0.5,-0.0940000000000012,-0.0208842479449014,False
AD_2026.09.23-BW5.3_0001.oir,1,15,1297.7,1533.9,1062,0.897,59.259,49.208,28.013,4.618,2112,local,27.993,4.783,104,before,P1,5,3,1,W5,used,0.1036,False,0,,18,W5.3,Probe 0.5,0.5,21.194999999999997,4.5896491987873524,False
AD_2026.09.23-BW5.3_0001.oir,1,16,637.5,1751.7,1096,0.889,63.529,56.287,27.986,4.773,1838,local,27.993,4.783,103,before,P1,5,3,1,W5,used,0.1036,False,0,,18,W5.3,Probe 0.5,0.5,28.301,5.92939451078986,False
AD_2026.09.23-BW5.3_0001.oir,1,17,1852.1,1756.9,1112,0.894,63.971,52.859,28.118,4.56,2141,local,27.993,4.783,120,before,P1,5,3,1,W5,used,0.1036,False,0,,18,W5.3,Probe 0.5,0.5,24.741000000000003,5.425657894736843,False
AD_2026.09.23-BW5.3_0001.oir,1,18,976.0,1906.0,1080,0.83,64.006,55.4,28.227,4.713,2058,local,27.993,4.783,113,before,P1,5,3,1,W5,used,0.1036,False,0,,18,W5.3,Probe 0.5,0.5,27.173,5.765542117547209,False
AD_2026.09.23-BW6.1.oir,1,1,1377.6,44.4,906,0.864,44.854,42.282,27.883,4.836,2040,local,27.987,4.774,71,before,P1,6,1,0,W6,used,0.1036,False,0,,26,W6.1,Probe 0.5,0.5,14.398999999999997,2.9774607113316782,False
AD_2026.09.23-BW6.1.oir,1,2,1094.1,164.0,1606,0.91,34.283,30.412,28.12,4.774,2365,local,27.987,4.774,77,before,P1,6,1,0,W6,used,0.1036,False,0,,26,W6.1,Probe 0.5,0.5,2.291999999999998,0.48010054461667323,False
AD_2026.09.23-BW6.1.oir,1,3,273.2,320.2,784,0.807,63.969,60.411,27.841,4.716,1870,local,27.987,4.774,103,before,P1,6,1,0,W6,used,0.1036,False,0,,26,W6.1,Probe 0.5,0.5,32.57,6.906276505513146,False
AD_2026.09.23-BW6.1.oir,1,4,1799.1,554.7,1100,0.887,73.252,61.773,27.751,4.785,2112,local,27.987,4.774,123,before,P1,6,1,0,W6,used,0.1036,False,0,,26,W6.1,Probe 0.5,0.5,34.022000000000006,7.110135841170325,False
AD_2026.09.23-BW6.1.oir,1,5,1150.7,602.0,632,0.749,28.03,27.944,27.721,4.596,833,local,27.987,4.774,44,before,P1,6,1,0,W6,used,0.1036,False,0,,26,W6.1,Probe 0.5,0.5,0.22299999999999898,0.04852045256744973,False
AD_2026.09.23-BW6.1.oir,1,6,843.5,636.9,1021,0.864,68.396,61.961,28.019,4.691,1970,local,27.987,4.774,111,before,P1,6,1,0,W6,used,0.1036,False,0,,26,W6.1,Probe 0.5,0.5,33.942,7.235557450437008,False
AD_2026.09.23-BW6.1.oir,1,7,607.4,695.9,1028,0.878,73.485,63.029,27.816,4.771,2021,local,27.987,4.774,129,before,P1,6,1,0,W6,used,0.1036,False,0,,26,W6.1,Probe 0.5,0.5,35.21300000000001,7.380632990987216,False
AD_2026.09.23-BW6.1.oir,1,8,1234.2,916.6,1509,0.764,27.892,28.135,28.001,4.679,2279,local,27.987,4.774,43,before,P1,6,1,0,W6,used,0.1036,False,0,,26,W6.1,Probe 0.5,0.5,0.13400000000000034,0.028638597991023793,False
AD_2026.09.23-BW6.1.oir,1,9,408.6,982.3,659,0.767,60.349,58.331,27.958,4.776,1790,local,27.987,4.774,94,before,P1,6,1,0,W6,used,0.1036,False,0,,26,W6.1,Probe 0.5,0.5,30.373000000000005,6.359505862646567,False
AD_2026.09.23-BW6.1.oir,1,10,1384.9,1052.9,807,0.681,27.86,27.811,27.762,4.664,971,local,27.987,4.774,44,before,P1,6,1,0,W6,used,0.1036,False,0,,26,W6.1,Probe 0.5,0.5,0.04899999999999949,0.010506003430531624,False
AD_2026.09.23-BW6.1.oir,1,11,85.6,1071.4,777,0.72,66.889,63.506,28.064,4.826,1876,local,27.987,4.774,105,before,P1,6,1,0,W6,used,0.1036,False,0,,26,W6.1,Probe 0.5,0.5,35.442,7.343970161624535,False
AD_2026.09.23-BW6.1.oir,1,12,752.2,1103.7,1188,0.813,58.027,53.583,28.051,4.675,2223,local,27.987,4.774,95,before,P1,6,1,0,W6,used,0.1036,False,0,,26,W6.1,Probe 0.5,0.5,25.532,5.461390374331551,False
AD_2026.09.23-BW6.1.oir,1,13,962.6,1150.2,1218,0.712,72.403,60.611,28.101,4.821,2353,local,27.987,4.774,150,before,P1,6,1,0,W6,used,0.1036,False,0,,26,W6.1,Probe 0.5,0.5,32.51,6.743414229412985,False
AD_2026.09.23-BW6.1.oir,1,14,1345.4,1225.9,1924,0.831,28.077,28.096,28.071,4.703,1758,local,27.987,4.774,45,before,P1,6,1,0,W6,used,0.1036,False,0,,26,W6.1,Probe 0.5,0.5,0.02499999999999858,0.005315755900488747,False
AD_2026.09.23-BW6.1.oir,1,15,333.7,1328.0,899,0.852,53.23,50.233,27.975,4.654,1931,local,27.987,4.774,89,before,P1,6,1,0,W6,used,0.1036,False,0,,26,W6.1,Probe 0.5,0.5,22.257999999999996,4.782552642887838,False
AD_2026.09.23-BW6.1.oir,1,16,1694.8,1349.3,896,0.847,66.665,64.388,28.004,4.827,1985,local,27.987,4.774,108,before,P1,6,1,0,W6,used,0.1036,False,0,,26,W6.1,Probe 0.5,0.5,36.384,7.537600994406464,False
AD_2026.09.23-BW6.1.oir,1,17,1440.9,1359.1,674,0.796,65.691,64.775,27.969,4.792,1908,local,27.987,4.774,104,before,P1,6,1,0,W6,used,0.1036,False,0,,26,W6.1,Probe 0.5,0.5,36.806000000000004,7.680717863105176,False
AD_2026.09.23-BW6.1.oir,1,18,1288.8,1568.6,707,0.722,27.829,27.724,28.003,4.799,1972,local,27.987,4.774,48,before,P1,6,1,0,W6,used,0.1036,False,0,,26,W6.1,Probe 0.5,0.5,-0.2789999999999999,-0.058137111898312124,False
AD_2026.09.23-BW6.1.oir,1,19,1410.2,1596.9,1341,0.768,27.964,27.841,27.968,4.647,1697,local,27.987,4.774,44,before,P1,6,1,0,W6,used,0.1036,False,0,,26,W6.1,Probe 0.5,0.5,-0.1269999999999989,-0.02732945986658035,False
AD_2026.09.23-BW6.1.oir,1,20,1571.0,1630.3,538,0.696,27.84,27.821,28.092,4.766,1119,local,27.987,4.774,51,before,P1,6,1,0,W6,used,0.1036,False,0,,26,W6.1,Probe 0.5,0.5,-0.27099999999999724,-0.05686109945446858,False
AD_2026.09.23-BW6.1.oir,1,21,1316.5,1644.8,1088,0.878,68.653,57.024,28.032,4.73,1827,local,27.987,4.774,122,before,P1,6,1,0,W6,used,0.1036,False,0,,26,W6.1,Probe 0.5,0.5,28.992,6.12938689217759,False
AD_2026.09.23-BW6.1.oir,1,22,1642.5,1663.6,998,0.864,81.261,74.002,28.184,4.669,2089,local,27.987,4.774,132,before,P1,6,1,0,W6,used,0.1036,False,0,,26,W6.1,Probe 0.5,0.5,45.818,9.813236239023347,False
AD_2026.09.23-BW6.1.oir,1,23,1091.8,1797.8,762,0.856,75.929,72.256,27.978,4.788,1952,local,27.987,4.774,120,before,P1,6,1,0,W6,used,0.1036,False,0,,26,W6.1,Probe 0.5,0.5,44.278,9.247702589807853,False
AD_2026.09.23-BW6.1.oir,1,24,1778.5,1862.8,1110,0.802,28.452,28.054,28.302,4.703,1265,local,27.987,4.774,46,before,P1,6,1,0,W6,used,0.1036,False,0,,26,W6.1,Probe 0.5,0.5,-0.2480000000000011,-0.05273229853285161,False
AD_2026.09.23-BW6.1.oir,1,25,1818.6,1911.7,2202,0.788,28.104,28.24,28.155,4.705,1951,local,27.987,4.774,44,before,P1,6,1,0,W6,used,0.1036,False,0,,26,W6.1,Probe 0.5,0.5,0.0849999999999973,0.018065887353878277,False
AD_2026.09.23-BW6.1.oir,1,26,1738.0,1944.4,2342,0.821,28.453,28.388,28.015,4.714,1363,local,27.987,4.774,45,before,P1,6,1,0,W6,used,0.1036,False,0,,26,W6.1,Probe 0.5,0.5,0.3730000000000011,0.0791260076368267,False
AD_2026.09.23-BW6.2.oir,1,1,653.5,102.7,1281,0.895,61.644,57.389,28.253,4.759,2229,local,28.07,4.762,102,before,P1,6,2,0,W6,used,0.1036,False,0,,29,W6.2,Probe 0.5,0.5,29.136000000000003,6.122294599705821,False
AD_2026.09.23-BW6.2.oir,1,2,1308.8,116.1,696,0.905,49.138,43.941,28.013,4.789,1881,local,28.07,4.762,83,before,P1,6,2,0,W6,used,0.1036,False,0,,29,W6.2,Probe 0.5,0.5,15.928,3.3259553142618503,False
AD_2026.09.23-BW6.2.oir,1,3,116.7,215.2,989,0.884,69.587,66.116,28.46,4.592,2077,local,28.07,4.762,108,before,P1,6,2,0,W6,used,0.1036,False,0,,29,W6.2,Probe 0.5,0.5,37.656,8.20034843205575,False
AD_2026.09.23-BW6.2.oir,1,4,1667.9,232.9,782,0.889,46.28,42.04,28.184,4.734,1944,local,28.07,4.762,85,before,P1,6,2,0,W6,used,0.1036,False,0,,29,W6.2,Probe 0.5,0.5,13.855999999999998,2.9269117025771014,False
AD_2026.09.23-BW6.2.oir,1,5,937.2,244.0,746,0.906,47.977,45.439,28.116,4.922,1915,local,28.07,4.762,76,before,P1,6,2,0,W6,used,0.1036,False,0,,29,W6.2,Probe 0.5,0.5,17.323,3.51950426655831,False
AD_2026.09.23-BW6.2.oir,1,6,1553.5,296.2,978,0.914,54.807,50.147,28.269,4.729,2057,local,28.07,4.762,88,before,P1,6,2,0,W6,used,0.1036,False,0,,29,W6.2,Probe 0.5,0.5,21.878,4.626348065130048,False
AD_2026.09.23-BW6.2.oir,1,7,1216.9,487.7,889,0.793,28.092,27.986,28.019,4.573,917,local,28.07,4.762,44,before,P1,6,2,0,W6,used,0.1036,False,0,,29,W6.2,Probe 0.5,0.5,-0.0329999999999977,-0.007216269407390705,False
AD_2026.09.23-BW6.2.oir,1,8,1860.5,538.8,1063,0.882,59.515,53.412,28.03,4.727,2117,local,28.07,4.762,97,before,P1,6,2,0,W6,used,0.1036,False,0,,29,W6.2,Probe 0.5,0.5,25.381999999999998,5.369579014173894,False
AD_2026.09.23-BW6.2.oir,1,9,1170.0,545.1,932,0.782,28.26,28.387,28.032,4.636,847,local,28.07,4.762,44,before,P1,6,2,0,W6,used,0.1036,False,0,,29,W6.2,Probe 0.5,0.5,0.3550000000000004,0.076574633304573,False
AD_2026.09.23-BW6.2.oir,1,10,576.3,560.1,762,0.896,62.958,61.475,28.181,4.702,1930,local,28.07,4.762,104,before,P1,6,2,0,W6,used,0.1036,False,0,,29,W6.2,Probe 0.5,0.5,33.294,7.080816673755848,False
AD_2026.09.23-BW6.2.oir,1,11,1075.7,694.7,1088,0.878,27.877,27.904,28.101,4.799,2045,local,28.07,4.762,43,before,P1,6,2,0,W6,used,0.1036,False,0,,29,W6.2,Probe 0.5,0.5,-0.19699999999999918,-0.04105021879558224,False
AD_2026.09.23-BW6.2.oir,1,12,511.7,739.3,1181,0.875,71.249,66.833,27.968,4.79,2187,local,28.07,4.762,105,before,P1,6,2,0,W6,used,0.1036,False,0,,29,W6.2,Probe 0.5,0.5,38.864999999999995,8.113778705636742,False
AD_2026.09.23-BW6.2.oir,1,13,1014.7,767.8,1228,0.887,61.552,56.938,27.99,4.627,2207,local,28.07,4.762,104,before,P1,6,2,0,W6,used,0.1036,False,0,,29,W6.2,Probe 0.5,0.5,28.948000000000004,6.256321590663498,False
AD_2026.09.23-BW6.2.oir,1,14,1240.4,825.2,1473,0.85,28.242,27.995,28.126,4.575,1556,local,28.07,4.762,48,before,P1,6,2,0,W6,used,0.1036,False,0,,29,W6.2,Probe 0.5,0.5,-0.13100000000000023,-0.028633879781420814,False
AD_2026.09.23-BW6.2.oir,1,15,1282.3,875.5,1173,0.782,33.668,31.151,28.24,4.629,920,local,28.07,4.762,61,before,P1,6,2,0,W6,used,0.1036,False,0,,29,W6.2,Probe 0.5,0.5,2.9110000000000014,0.6288615251674231,False
AD_2026.09.23-BW6.2.oir,1,16,1323.6,906.1,1520,0.811,28.534,28.498,28.174,4.787,1416,local,28.07,4.762,45,before,P1,6,2,0,W6,used,0.1036,False,0,,29,W6.2,Probe 0.5,0.5,0.3240000000000016,0.0676833089617718,False
AD_2026.09.23-BW6.2.oir,1,17,888.8,915.4,1089,0.88,63.574,53.564,28.033,4.716,2138,local,28.07,4.762,106,before,P1,6,2,0,W6,used,0.1036,False,0,,29,W6.2,Probe 0.5,0.5,25.531,5.413698049194232,False
AD_2026.09.23-BW6.2.oir,1,18,1777.6,923.0,640,0.909,37.478,36.23,28.153,4.818,1834,local,28.07,4.762,69,before,P1,6,2,0,W6,used,0.1036,False,0,,29,W6.2,Probe 0.5,0.5,8.076999999999998,1.6764217517642173,False
AD_2026.09.23-BW6.2.oir,1,19,1964.6,1166.3,1492,0.795,28.172,28.17,27.955,4.684,2344,local,28.07,4.762,48,before,P1,6,2,0,W6,used,0.1036,False,0,,29,W6.2,Probe 0.5,0.5,0.2150000000000034,0.045900939368062214,False
AD_2026.09.23-BW6.2.oir,1,20,1913.0,1205.3,1092,0.704,27.973,27.945,28.154,4.782,1563,local,28.07,4.762,44,before,P1,6,2,0,W6,used,0.1036,False,0,,29,W6.2,Probe 0.5,0.5,-0.20899999999999963,-0.043705562526139614,False
AD_2026.09.23-BW6.2.oir,1,21,1153.1,1242.2,584,0.682,28.122,28.183,27.886,4.641,1339,local,28.07,4.762,43,before,P1,6,2,0,W6,used,0.1036,False,0,,29,W6.2,Probe 0.5,0.5,0.2970000000000006,0.06399482870071119,False
AD_2026.09.23-BW6.2.oir,1,22,1942.2,1279.6,1828,0.724,28.236,28.202,28.03,4.726,2118,local,28.07,4.762,46,before,P1,6,2,0,W6,used,0.1036,False,0,,29,W6.2,Probe 0.5,0.5,0.1720000000000006,0.0363944138806603,False
AD_2026.09.23-BW6.2.oir,1,23,1940.6,1380.2,1132,0.78,28.132,28.007,28.122,4.89,1483,local,28.07,4.762,48,before,P1,6,2,0,W6,used,0.1036,False,0,,29,W6.2,Probe 0.5,0.5,-0.11499999999999844,-0.023517382413087616,False
AD_2026.09.23-BW6.2.oir,1,24,1154.7,1422.6,618,0.765,28.05,28.037,27.909,4.569,1247,local,28.07,4.762,41,before,P1,6,2,0,W6,used,0.1036,False,0,,29,W6.2,Probe 0.5,0.5,0.1280000000000001,0.028014882906544126,False
AD_2026.09.23-BW6.2.oir,1,25,1941.9,1510.5,1788,0.756,28.08,28.011,28.125,4.709,1769,local,28.07,4.762,50,before,P1,6,2,0,W6,used,0.1036,False,0,,29,W6.2,Probe 0.5,0.5,-0.11400000000000077,-0.0242089615629647,False
AD_2026.09.23-BW6.2.oir,1,26,1305.3,1686.8,1130,0.888,56.237,43.244,28.047,4.639,2154,local,28.07,4.762,120,before,P1,6,2,0,W6,used,0.1036,False,0,,29,W6.2,Probe 0.5,0.5,15.197,3.275921534813537,False
AD_2026.09.23-BW6.2.oir,1,27,1464.4,1776.6,1295,0.889,66.892,57.777,28.032,4.631,2241,local,28.07,4.762,118,before,P1,6,2,0,W6,used,0.1036,False,0,,29,W6.2,Probe 0.5,0.5,29.745,6.423018786439214,False
AD_2026.09.23-BW6.2.oir,1,28,171.0,1926.1,1150,0.892,64.431,59.182,28.229,4.641,2162,local,28.07,4.762,103,before,P1,6,2,0,W6,used,0.1036,False,0,,29,W6.2,Probe 0.5,0.5,30.953000000000003,6.669467787114846,False
AD_2026.09.23-BW6.2.oir,1,29,2007.2,2021.9,898,0.832,31.991,29.998,28.085,4.68,1580,local,28.07,4.762,56,before,P1,6,2,0,W6,used,0.1036,False,0,,29,W6.2,Probe 0.5,0.5,1.9130000000000003,0.40876068376068386,False
AD_2026.09.23-BW6.3.oir,1,1,632.0,300.6,764,0.878,67.446,65.446,28.258,4.907,1940,local,28.203,4.881,102,before,P1,6,3,0,W6,used,0.1036,False,0,,28,W6.3,Probe 0.5,0.5,37.188,7.578561239046261,False
AD_2026.09.23-BW6.3.oir,1,2,1984.4,386.3,1221,0.846,86.799,76.479,28.331,4.685,1715,local,28.203,4.881,138,before,P1,6,3,0,W6,used,0.1036,False,0,,28,W6.3,Probe 0.5,0.5,48.147999999999996,10.277054429028816,False
AD_2026.09.23-BW6.3.oir,1,3,1746.4,417.2,1901,0.885,28.073,27.917,28.192,4.638,2510,local,28.203,4.881,46,before,P1,6,3,0,W6,used,0.1036,False,0,,28,W6.3,Probe 0.5,0.5,-0.2749999999999986,-0.05929279862009457,False
AD_2026.09.23-BW6.3.oir,1,4,1970.9,428.5,1118,0.804,29.036,28.745,28.438,4.839,1648,local,28.203,4.881,49,before,P1,6,3,0,W6,used,0.1036,False,0,,28,W6.3,Probe 0.5,0.5,0.30700000000000216,0.0634428600950614,False
AD_2026.09.23-BW6.3.oir,1,5,1799.2,493.4,1180,0.861,28.959,28.729,28.259,4.732,1898,local,28.203,4.881,46,before,P1,6,3,0,W6,used,0.1036,False,0,,28,W6.3,Probe 0.5,0.5,0.46999999999999886,0.09932375316990677,False
AD_2026.09.23-BW6.3.oir,1,6,1862.8,503.2,1674,0.834,28.292,28.391,28.107,4.765,2107,local,28.203,4.881,45,before,P1,6,3,0,W6,used,0.1036,False,0,,28,W6.3,Probe 0.5,0.5,0.2839999999999989,0.05960125918153178,False
AD_2026.09.23-BW6.3.oir,1,7,1736.3,518.8,792,0.872,69.67,64.865,28.23,4.724,1963,local,28.203,4.881,104,before,P1,6,3,0,W6,used,0.1036,False,0,,28,W6.3,Probe 0.5,0.5,36.63499999999999,7.755080440304824,False
AD_2026.09.23-BW6.3.oir,1,8,1333.6,562.0,2097,0.818,27.923,27.815,28.186,4.758,1850,local,28.203,4.881,46,before,P1,6,3,0,W6,used,0.1036,False,0,,28,W6.3,Probe 0.5,0.5,-0.37099999999999866,-0.07797393862967605,False
AD_2026.09.23-BW6.3.oir,1,9,252.0,1013.6,622,0.874,67.545,64.995,28.245,4.714,1843,local,28.203,4.881,96,before,P1,6,3,0,W6,used,0.1036,False,0,,28,W6.3,Probe 0.5,0.5,36.75,7.7959270258803555,False
AD_2026.09.23-BW6.3.oir,1,10,1450.2,1071.1,1315,0.898,71.262,63.207,28.025,4.701,2246,local,28.203,4.881,112,before,P1,6,3,0,W6,used,0.1036,False,0,,28,W6.3,Probe 0.5,0.5,35.182,7.4839395873218475,False
AD_2026.09.23-BW6.3.oir,1,11,1123.1,1134.9,851,0.894,68.667,66.409,28.135,4.688,1988,local,28.203,4.881,110,before,P1,6,3,0,W6,used,0.1036,False,0,,28,W6.3,Probe 0.5,0.5,38.274,8.16424914675768,False
AD_2026.09.23-BW6.3.oir,1,12,819.6,1268.3,1150,0.872,29.066,28.573,28.112,4.723,1588,local,28.203,4.881,47,before,P1,6,3,0,W6,used,0.1036,False,0,,28,W6.3,Probe 0.5,0.5,0.4610000000000021,0.09760745289011266,False
AD_2026.09.23-BW6.3.oir,1,13,863.8,1291.9,1699,0.886,28.157,28.114,28.21,4.686,1948,local,28.203,4.881,44,before,P1,6,3,0,W6,used,0.1036,False,0,,28,W6.3,Probe 0.5,0.5,-0.09600000000000009,-0.020486555697823323,False
AD_2026.09.23-BW6.3.oir,1,14,796.5,1339.4,1150,0.884,28.537,28.215,28.224,4.698,2167,local,28.203,4.881,45,before,P1,6,3,0,W6,used,0.1036,False,0,,28,W6.3,Probe 0.5,0.5,-0.009000000000000341,-0.001915708812260609,False
AD_2026.09.23-BW6.3.oir,1,15,1070.8,1493.4,1274,0.83,28.154,28.273,28.287,4.785,1628,local,28.203,4.881,43,before,P1,6,3,0,W6,used,0.1036,False,0,,28,W6.3,Probe 0.5,0.5,-0.013999999999999346,-0.00292580982236141,False
AD_2026.09.23-BW6.3.oir,1,16,1118.8,1503.3,1274,0.85,28.37,28.467,28.29,4.639,1180,local,28.203,4.881,46,before,P1,6,3,0,W6,used,0.1036,False,0,,28,W6.3,Probe 0.5,0.5,0.1769999999999996,0.03815477473593438,False
AD_2026.09.23-BW6.3.oir,1,17,588.6,1505.9,960,0.878,48.14,39.345,28.349,4.759,1571,local,28.203,4.881,90,before,P1,6,3,0,W6,used,0.1036,False,0,,28,W6.3,Probe 0.5,0.5,10.995999999999999,2.310569447362891,False
AD_2026.09.23-BW6.3.oir,1,18,562.7,1535.3,775,0.859,64.661,61.334,28.397,4.587,1161,local,28.203,4.881,121,before,P1,6,3,0,W6,used,0.1036,False,0,,28,W6.3,Probe 0.5,0.5,32.937000000000005,7.180510137344672,False
AD_2026.09.23-BW6.3.oir,1,19,1115.3,1552.1,1618,0.846,30.189,29.016,28.153,4.969,1763,local,28.203,4.881,49,before,P1,6,3,0,W6,used,0.1036,False,0,,28,W6.3,Probe 0.5,0.5,0.8629999999999995,0.17367679613604337,False
AD_2026.09.23-BW6.3.oir,1,20,1995.9,1575.0,982,0.777,28.239,28.451,28.161,4.66,1483,local,28.203,4.881,46,before,P1,6,3,0,W6,used,0.1036,False,0,,28,W6.3,Probe 0.5,0.5,0.28999999999999915,0.062231759656652175,False
AD_2026.09.23-BW6.3.oir,1,21,899.1,1665.1,794,0.902,38.36,37.417,27.957,4.779,1947,local,28.203,4.881,62,before,P1,6,3,0,W6,used,0.1036,False,0,,28,W6.3,Probe 0.5,0.5,9.46,1.9794936179116973,False
AD_2026.09.23-BW6.3.oir,1,22,989.1,1709.1,960,0.893,60.876,56.878,28.521,4.656,2054,local,28.203,4.881,100,before,P1,6,3,0,W6,used,0.1036,False,0,,28,W6.3,Probe 0.5,0.5,28.357,6.090420962199313,False
AD_2026.09.23-BW6.3.oir,1,23,2009.3,1705.3,650,0.749,35.571,33.858,28.211,4.67,1121,local,28.203,4.881,64,before,P1,6,3,0,W6,used,0.1036,False,0,,28,W6.3,Probe 0.5,0.5,5.6469999999999985,1.2092077087794428,False
AD_2026.09.23-BW6.3.oir,1,24,1000.8,1831.1,1126,0.77,28.24,28.027,28.265,4.741,2089,local,28.203,4.881,45,before,P1,6,3,0,W6,used,0.1036,False,0,,28,W6.3,Probe 0.5,0.5,-0.23799999999999955,-0.050200379666736884,False
AD_2026.09.23-BW6.3.oir,1,25,1023.2,1912.7,812,0.871,65.52,61.785,28.278,4.674,1972,local,28.203,4.881,107,before,P1,6,3,0,W6,used,0.1036,False,0,,28,W6.3,Probe 0.5,0.5,33.507,7.1688061617458265,False
AD_2026.09.23-BW6.3.oir,1,26,109.0,1952.8,1792,0.895,48.888,37.232,28.482,4.752,2467,local,28.203,4.881,86,before,P1,6,3,0,W6,used,0.1036,False,0,,28,W6.3,Probe 0.5,0.5,8.75,1.8413299663299665,False
AD_2026.09.23-BW6.3.oir,1,27,333.7,1971.5,836,0.901,50.517,42.627,28.304,4.71,1974,local,28.203,4.881,89,before,P1,6,3,0,W6,used,0.1036,False,0,,28,W6.3,Probe 0.5,0.5,14.323000000000004,3.040976645435245,False
AD_2026.09.23-BW6.3.oir,1,28,802.8,1983.3,938,0.885,67.339,60.61,28.253,4.709,2043,local,28.203,4.881,106,before,P1,6,3,0,W6,used,0.1036,False,0,,28,W6.3,Probe 0.5,0.5,32.357,6.871310256954768,False
AD_2026.09.23-BW7.2.oir,1,1,1951.9,117.0,502,0.728,28.602,28.586,28.611,4.766,1104,local,28.41,4.795,41,before,P2,7,2,0,W7,used,0.1036,False,0,,33,W7.2,Probe 1,1.0,-0.02500000000000213,-0.005245488879564023,False
AD_2026.09.23-BW7.2.oir,1,2,1829.0,144.7,1963,0.747,33.719,30.19,28.515,4.795,1615,local,28.41,4.795,72,before,P2,7,2,0,W7,used,0.1036,False,0,,33,W7.2,Probe 1,1.0,1.6750000000000007,0.3493222106360794,False
AD_2026.09.23-BW7.2.oir,1,3,1106.1,317.9,968,0.788,28.64,28.798,28.3,4.69,1119,local,28.41,4.795,46,before,P2,7,2,0,W7,used,0.1036,False,0,,33,W7.2,Probe 1,1.0,0.49799999999999756,0.1061833688699355,False
AD_2026.09.23-BW7.2.oir,1,4,1198.4,359.4,972,0.83,88.434,79.947,28.714,4.691,1914,local,28.41,4.795,143,before,P2,7,2,0,W7,used,0.1036,False,0,,33,W7.2,Probe 1,1.0,51.233000000000004,10.921551907908762,False
AD_2026.09.23-BW7.2.oir,1,5,118.4,363.2,1689,0.83,28.612,28.443,28.503,4.68,1513,local,28.41,4.795,49,before,P2,7,2,0,W7,used,0.1036,False,0,,33,W7.2,Probe 1,1.0,-0.05999999999999872,-0.012820512820512548,False
AD_2026.09.23-BW7.2.oir,1,6,1720.3,365.4,878,0.832,28.729,28.874,28.453,4.73,1626,local,28.41,4.795,48,before,P2,7,2,0,W7,used,0.1036,False,0,,33,W7.2,Probe 1,1.0,0.4209999999999994,0.08900634249471445,False
AD_2026.09.23-BW7.2.oir,1,7,246.9,494.6,1750,0.701,28.463,28.646,28.371,4.685,1719,local,28.41,4.795,47,before,P2,7,2,0,W7,used,0.1036,False,0,,33,W7.2,Probe 1,1.0,0.27500000000000213,0.058697972251868125,False
AD_2026.09.23-BW7.2.oir,1,8,246.8,615.4,642,0.819,44.196,39.761,28.653,4.897,1858,local,28.41,4.795,77,before,P2,7,2,0,W7,used,0.1036,False,0,,33,W7.2,Probe 1,1.0,11.108000000000004,2.2683275474780484,False
AD_2026.09.23-BW7.2.oir,1,9,67.5,633.3,533,0.696,28.559,28.504,28.838,4.741,1011,local,28.41,4.795,47,before,P2,7,2,0,W7,used,0.1036,False,0,,33,W7.2,Probe 1,1.0,-0.33399999999999963,-0.07044927230542072,False
AD_2026.09.23-BW7.2.oir,1,10,106.4,653.2,1614,0.841,28.428,28.357,28.5,4.655,1888,local,28.41,4.795,52,before,P2,7,2,0,W7,used,0.1036,False,0,,33,W7.2,Probe 1,1.0,-0.14300000000000068,-0.030719656283566203,False
AD_2026.09.23-BW7.2.oir,1,11,1266.6,675.4,1751,0.783,28.425,28.333,28.459,4.903,1382,local,28.41,4.795,46,before,P2,7,2,0,W7,used,0.1036,False,0,,33,W7.2,Probe 1,1.0,-0.12600000000000122,-0.025698551906995968,False
AD_2026.09.23-BW7.2.oir,1,12,1207.4,674.9,1218,0.865,28.383,28.286,28.537,4.693,1861,local,28.41,4.795,45,before,P2,7,2,0,W7,used,0.1036,False,0,,33,W7.2,Probe 1,1.0,-0.25099999999999767,-0.05348391220967349,False
AD_2026.09.23-BW7.2.oir,1,13,1470.5,843.5,1364,0.885,82.455,73.477,28.464,4.679,2276,local,28.41,4.795,132,before,P2,7,2,0,W7,used,0.1036,False,0,,33,W7.2,Probe 1,1.0,45.013000000000005,9.620217995298141,False
AD_2026.09.23-BW7.2.oir,1,14,805.3,955.3,868,0.898,32.331,30.85,28.493,4.63,1823,local,28.41,4.795,51,before,P2,7,2,0,W7,used,0.1036,False,0,,33,W7.2,Probe 1,1.0,2.357000000000003,0.5090712742980568,False
AD_2026.09.23-BW7.2.oir,1,15,1336.8,958.1,702,0.866,79.494,75.161,28.429,4.725,1903,local,28.41,4.795,123,before,P2,7,2,0,W7,used,0.1036,False,0,,33,W7.2,Probe 1,1.0,46.732,9.890370370370372,False
AD_2026.09.23-BW7.2.oir,1,16,1192.8,983.5,967,0.871,72.862,67.254,28.417,4.743,2068,local,28.41,4.795,116,before,P2,7,2,0,W7,used,0.1036,False,0,,33,W7.2,Probe 1,1.0,38.837,8.188277461522244,False
AD_2026.09.23-BW7.2.oir,1,17,793.0,1008.3,696,0.775,69.714,65.659,28.442,4.64,1766,local,28.41,4.795,119,before,P2,7,2,0,W7,used,0.1036,False,0,,33,W7.2,Probe 1,1.0,37.217000000000006,8.020905172413794,False
AD_2026.09.23-BW7.2.oir,1,18,835.3,1189.3,632,0.841,78.736,74.282,28.311,4.889,1864,local,28.41,4.795,127,before,P2,7,2,0,W7,used,0.1036,False,0,,33,W7.2,Probe 1,1.0,45.971,9.402945387604825,False
AD_2026.09.23-BW7.2.oir,1,19,425.7,1227.8,982,0.892,56.847,47.808,28.297,4.594,2066,local,28.41,4.795,103,before,P2,7,2,0,W7,used,0.1036,False,0,,33,W7.2,Probe 1,1.0,19.511,4.247061384414454,False
AD_2026.09.23-BW7.2.oir,1,20,579.1,1243.7,979,0.907,35.869,32.082,28.435,4.701,2058,local,28.41,4.795,69,before,P2,7,2,0,W7,used,0.1036,False,0,,33,W7.2,Probe 1,1.0,3.647000000000002,0.775792384599022,False
AD_2026.09.23-BW7.2.oir,1,21,1323.0,1265.7,1076,0.878,77.311,68.19,28.53,4.768,2123,local,28.41,4.795,126,before,P2,7,2,0,W7,used,0.1036,False,0,,33,W7.2,Probe 1,1.0,39.66,8.317953020134228,False
AD_2026.09.23-BW7.2.oir,1,22,1010.6,1277.6,1123,0.894,45.936,36.379,28.542,4.794,2144,local,28.41,4.795,101,before,P2,7,2,0,W7,used,0.1036,False,0,,33,W7.2,Probe 1,1.0,7.836999999999996,1.6347517730496448,False
AD_2026.09.23-BW7.2.oir,1,23,1672.5,1309.0,865,0.867,87.946,81.867,28.528,4.609,2013,local,28.41,4.795,142,before,P2,7,2,0,W7,used,0.1036,False,0,,33,W7.2,Probe 1,1.0,53.339000000000006,11.572792362768498,False
AD_2026.09.23-BW7.2.oir,1,24,241.5,1310.3,704,0.9,47.899,45.488,28.365,4.615,1765,local,28.41,4.795,89,before,P2,7,2,0,W7,used,0.1036,False,0,,33,W7.2,Probe 1,1.0,17.123,3.7102925243770315,False
AD_2026.09.23-BW7.2.oir,1,25,1457.7,1531.2,2187,0.888,28.264,28.303,28.259,4.939,2320,local,28.41,4.795,45,before,P2,7,2,0,W7,used,0.1036,False,0,,33,W7.2,Probe 1,1.0,0.04400000000000048,0.008908685968819698,False
AD_2026.09.23-BW7.2.oir,1,26,824.9,1548.4,741,0.666,28.242,28.514,28.411,4.655,1481,local,28.41,4.795,46,before,P2,7,2,0,W7,used,0.1036,False,0,,33,W7.2,Probe 1,1.0,0.10299999999999798,0.022126745435015676,False
AD_2026.09.23-BW7.2.oir,1,27,1424.5,1605.2,1080,0.775,28.324,28.241,28.198,4.777,1489,local,28.41,4.795,43,before,P2,7,2,0,W7,used,0.1036,False,0,,33,W7.2,Probe 1,1.0,0.04299999999999926,0.00900146535482505,False
AD_2026.09.23-BW7.2.oir,1,28,1001.8,1642.5,1123,0.722,28.145,27.957,28.463,4.576,1231,local,28.41,4.795,43,before,P2,7,2,0,W7,used,0.1036,False,0,,33,W7.2,Probe 1,1.0,-0.5060000000000002,-0.11057692307692314,False
AD_2026.09.23-BW7.2.oir,1,29,1795.5,1642.3,1385,0.87,28.485,28.328,28.389,4.618,2018,local,28.41,4.795,45,before,P2,7,2,0,W7,used,0.1036,False,0,,33,W7.2,Probe 1,1.0,-0.06099999999999994,-0.013209181463837146,False
AD_2026.09.23-BW7.2.oir,1,30,1422.3,1713.3,1185,0.881,28.412,28.414,28.429,4.776,1680,local,28.41,4.795,45,before,P2,7,2,0,W7,used,0.1036,False,0,,33,W7.2,Probe 1,1.0,-0.014999999999997016,-0.003140703517587315,False
AD_2026.09.23-BW7.2.oir,1,31,1760.7,1736.9,782,0.875,29.083,28.892,28.628,4.785,1498,local,28.41,4.795,45,before,P2,7,2,0,W7,used,0.1036,False,0,,33,W7.2,Probe 1,1.0,0.26399999999999935,0.05517241379310331,False
AD_2026.09.23-BW7.2.oir,1,32,1850.8,1799.1,2220,0.881,28.527,28.325,28.432,4.795,2648,local,28.41,4.795,47,before,P2,7,2,0,W7,used,0.1036,False,0,,33,W7.2,Probe 1,1.0,-0.10699999999999932,-0.022314911366006114,False
AD_2026.09.23-BW7.2.oir,1,33,1099.0,1866.3,2191,0.813,28.454,28.476,28.445,4.685,1895,local,28.41,4.795,45,before,P2,7,2,0,W7,used,0.1036,False,0,,33,W7.2,Probe 1,1.0,0.030999999999998806,0.006616862326573918,False
AD_2026.09.23-BW7.3.oir,1,1,161.9,85.9,1744,0.789,28.173,28.031,28.314,4.732,1874,local,28.415,4.777,44,before,P2,7,3,0,W7,used,0.1036,False,0,,27,W7.3,Probe 1,1.0,-0.28300000000000125,-0.059805579036348526,False
AD_2026.09.23-BW7.3.oir,1,2,1918.5,202.8,934,0.784,29.286,29.263,28.894,4.75,1067,local,28.415,4.777,46,before,P2,7,3,0,W7,used,0.1036,False,0,,27,W7.3,Probe 1,1.0,0.3690000000000033,0.0776842105263165,False
AD_2026.09.23-BW7.3.oir,1,3,1024.8,219.0,943,0.899,64.599,55.365,28.43,4.718,2042,local,28.415,4.777,117,before,P2,7,3,0,W7,used,0.1036,False,0,,27,W7.3,Probe 1,1.0,26.935000000000002,5.708986858838491,False
AD_2026.09.23-BW7.3.oir,1,4,1959.7,266.4,1776,0.744,28.511,28.246,28.413,4.655,1436,local,28.415,4.777,45,before,P2,7,3,0,W7,used,0.1036,False,0,,27,W7.3,Probe 1,1.0,-0.1670000000000016,-0.03587540279269637,False
AD_2026.09.23-BW7.3.oir,1,5,1632.2,268.6,1166,0.876,28.448,28.483,28.362,4.553,1843,local,28.415,4.777,45,before,P2,7,3,0,W7,used,0.1036,False,0,,27,W7.3,Probe 1,1.0,0.12100000000000222,0.026575884032506526,False
AD_2026.09.23-BW7.3.oir,1,6,843.4,338.4,1099,0.891,65.856,57.644,28.391,4.695,2134,local,28.415,4.777,111,before,P2,7,3,0,W7,used,0.1036,False,0,,27,W7.3,Probe 1,1.0,29.253,6.230670926517572,False
AD_2026.09.23-BW7.3.oir,1,7,193.2,381.1,1152,0.905,64.251,58.298,28.495,4.852,1869,local,28.415,4.777,111,before,P2,7,3,0,W7,used,0.1036,False,0,,27,W7.3,Probe 1,1.0,29.803,6.1424154987633965,False
AD_2026.09.23-BW7.3.oir,1,8,1836.8,399.1,1624,0.779,28.597,28.612,28.219,4.675,1153,local,28.415,4.777,49,before,P2,7,3,0,W7,used,0.1036,False,0,,27,W7.3,Probe 1,1.0,0.39299999999999713,0.08406417112299404,False
AD_2026.09.23-BW7.3.oir,1,9,902.0,577.0,942,0.896,29.666,29.577,28.488,4.859,1572,local,28.415,4.777,46,before,P2,7,3,0,W7,used,0.1036,False,0,,27,W7.3,Probe 1,1.0,1.0890000000000022,0.2241201893393707,False
AD_2026.09.23-BW7.3.oir,1,10,1058.4,587.3,1013,0.898,52.719,50.62,28.607,4.583,2085,local,28.415,4.777,85,before,P2,7,3,0,W7,used,0.1036,False,0,,27,W7.3,Probe 1,1.0,22.012999999999998,4.803185686231726,False
AD_2026.09.23-BW7.3.oir,1,11,906.7,619.0,1086,0.9,30.16,29.806,28.577,4.768,1669,local,28.415,4.777,49,before,P2,7,3,0,W7,used,0.1036,False,0,,27,W7.3,Probe 1,1.0,1.2289999999999992,0.2577600671140938,False
AD_2026.09.23-BW7.3.oir,1,12,624.8,961.1,1230,0.814,28.537,28.592,28.337,4.821,2250,local,28.415,4.777,48,before,P2,7,3,0,W7,used,0.1036,False,0,,27,W7.3,Probe 1,1.0,0.254999999999999,0.05289359054138125,False
AD_2026.09.23-BW7.3.oir,1,13,691.8,986.6,1396,0.806,28.496,28.611,28.641,4.754,1598,local,28.415,4.777,49,before,P2,7,3,0,W7,used,0.1036,False,0,,27,W7.3,Probe 1,1.0,-0.029999999999997584,-0.006310475389145475,False
AD_2026.09.23-BW7.3.oir,1,14,321.3,1021.2,893,0.895,33.57,32.777,28.383,4.715,2015,local,28.415,4.777,57,before,P2,7,3,0,W7,used,0.1036,False,0,,27,W7.3,Probe 1,1.0,4.394000000000002,0.9319194061505837,False
AD_2026.09.23-BW7.3.oir,1,15,1384.4,1032.9,733,0.894,61.225,50.698,28.461,4.837,1911,local,28.415,4.777,109,before,P2,7,3,0,W7,used,0.1036,False,0,,27,W7.3,Probe 1,1.0,22.237000000000002,4.597271035765972,False
AD_2026.09.23-BW7.3.oir,1,16,671.5,1107.2,2182,0.757,28.495,28.519,28.415,4.6,1614,local,28.415,4.777,45,before,P2,7,3,0,W7,used,0.1036,False,0,,27,W7.3,Probe 1,1.0,0.1039999999999992,0.02260869565217374,False
AD_2026.09.23-BW7.3.oir,1,17,1683.8,1187.9,1934,0.775,28.43,28.279,28.44,4.721,2309,local,28.415,4.777,49,before,P2,7,3,0,W7,used,0.1036,False,0,,27,W7.3,Probe 1,1.0,-0.16100000000000136,-0.03410294429146396,False
AD_2026.09.23-BW7.3.oir,1,18,1547.5,1196.8,1079,0.895,75.61,69.234,28.324,4.783,2120,local,28.415,4.777,119,before,P2,7,3,0,W7,used,0.1036,False,0,,27,W7.3,Probe 1,1.0,40.91,8.553209282876853,False
AD_2026.09.23-BW7.3.oir,1,19,1480.8,1347.9,2103,0.802,28.652,28.555,28.487,4.682,1413,local,28.415,4.777,49,before,P2,7,3,0,W7,used,0.1036,False,0,,27,W7.3,Probe 1,1.0,0.06800000000000139,0.014523707817172445,False
AD_2026.09.23-BW7.3.oir,1,20,1405.5,1348.9,1602,0.805,28.378,28.354,28.531,4.685,1951,local,28.415,4.777,46,before,P2,7,3,0,W7,used,0.1036,False,0,,27,W7.3,Probe 1,1.0,-0.1769999999999996,-0.03778014941302019,False
AD_2026.09.23-BW7.3.oir,1,21,1528.7,1361.3,1097,0.804,28.627,28.543,28.512,4.86,1503,local,28.415,4.777,49,before,P2,7,3,0,W7,used,0.1036,False,0,,27,W7.3,Probe 1,1.0,0.030999999999998806,0.006378600823045022,False
AD_2026.09.23-BW7.3.oir,1,22,1269.4,1364.8,1504,0.879,76.678,68.487,28.443,4.732,2349,local,28.415,4.777,132,before,P2,7,3,0,W7,used,0.1036,False,0,,27,W7.3,Probe 1,1.0,40.044,8.462383770076077,False
AD_2026.09.23-BW7.3.oir,1,23,1748.0,1390.6,1024,0.771,28.655,28.511,28.319,4.655,758,local,28.415,4.777,44,before,P2,7,3,0,W7,used,0.1036,False,0,,27,W7.3,Probe 1,1.0,0.19200000000000017,0.041245972073039774,False
AD_2026.09.23-BW7.3.oir,1,24,1413.1,1520.6,1548,0.74,28.477,28.543,28.354,4.708,2175,local,28.415,4.777,45,before,P2,7,3,0,W7,used,0.1036,False,0,,27,W7.3,Probe 1,1.0,0.18900000000000006,0.0401444350042481,False
AD_2026.09.23-BW7.3.oir,1,25,1780.6,1578.3,1326,0.771,28.451,28.235,28.413,4.876,1405,local,28.415,4.777,48,before,P2,7,3,0,W7,used,0.1036,False,0,,27,W7.3,Probe 1,1.0,-0.17800000000000082,-0.03650533223954077,False
AD_2026.09.23-BW7.3.oir,1,26,928.4,1778.6,1509,0.875,28.74,28.96,28.442,4.759,2351,local,28.415,4.777,47,before,P2,7,3,0,W7,used,0.1036,False,0,,27,W7.3,Probe 1,1.0,0.5180000000000007,0.1088463963017442,False
AD_2026.09.23-BW7.3.oir,1,27,971.9,1831.4,1256,0.826,28.568,28.619,28.508,4.731,1175,local,28.415,4.777,49,before,P2,7,3,0,W7,used,0.1036,False,0,,27,W7.3,Probe 1,1.0,0.11100000000000065,0.023462270133164376,False
AD_2026.09.23-BW7.3_0001.oir,1,1,1343.8,161.8,557,0.89,38.786,38.377,28.508,4.838,1778,local,28.475,4.896,60,before,P2,7,3,1,W7,used,0.1036,False,1,,25,W7.3b,Probe 1,1.0,9.869000000000003,2.039892517569244,False
AD_2026.09.23-BW7.3_0001.oir,1,2,397.6,311.7,1241,0.778,28.519,28.455,28.4,4.754,1499,local,28.475,4.896,44,before,P2,7,3,1,W7,used,0.1036,False,1,,25,W7.3b,Probe 1,1.0,0.054999999999999716,0.011569204880100908,False
AD_2026.09.23-BW7.3_0001.oir,1,3,1564.6,351.5,1210,0.784,28.498,28.441,28.601,4.7,1154,local,28.475,4.896,44,before,P2,7,3,1,W7,used,0.1036,False,1,,25,W7.3b,Probe 1,1.0,-0.16000000000000014,-0.03404255319148939,False
AD_2026.09.23-BW7.3_0001.oir,1,4,1622.1,457.7,1607,0.843,28.834,28.827,28.542,4.696,1446,local,28.475,4.896,48,before,P2,7,3,1,W7,used,0.1036,False,1,,25,W7.3b,Probe 1,1.0,0.28500000000000014,0.06068994889267465,False
AD_2026.09.23-BW7.3_0001.oir,1,5,82.5,471.5,1037,0.898,71.938,66.702,28.685,4.811,2094,local,28.475,4.896,112,before,P2,7,3,1,W7,used,0.1036,False,1,,25,W7.3b,Probe 1,1.0,38.016999999999996,7.902099355643316,False
AD_2026.09.23-BW7.3_0001.oir,1,6,127.0,642.4,1087,0.873,80.311,75.557,28.35,4.762,2133,local,28.475,4.896,117,before,P2,7,3,1,W7,used,0.1036,False,1,,25,W7.3b,Probe 1,1.0,47.207,9.91327173456531,False
AD_2026.09.23-BW7.3_0001.oir,1,7,1569.5,837.7,1172,0.892,29.036,28.908,28.442,4.692,2172,local,28.475,4.896,48,before,P2,7,3,1,W7,used,0.1036,False,1,,25,W7.3b,Probe 1,1.0,0.4660000000000011,0.09931798806479136,False
AD_2026.09.23-BW7.3_0001.oir,1,8,94.7,849.1,690,0.908,81.538,75.423,28.584,4.72,1875,local,28.475,4.896,129,before,P2,7,3,1,W7,used,0.1036,False,1,,25,W7.3b,Probe 1,1.0,46.839,9.923516949152543,False
AD_2026.09.23-BW7.3_0001.oir,1,9,389.4,1087.3,972,0.879,71.119,70.308,28.556,4.886,2068,local,28.475,4.896,112,before,P2,7,3,1,W7,used,0.1036,False,1,,25,W7.3b,Probe 1,1.0,41.75200000000001,8.54523127302497,False
AD_2026.09.23-BW7.3_0001.oir,1,10,98.8,1100.1,1083,0.911,70.585,65.21,28.544,4.749,2109,local,28.475,4.896,118,before,P2,7,3,1,W7,used,0.1036,False,1,,25,W7.3b,Probe 1,1.0,36.666,7.720783322804801,False
AD_2026.09.23-BW7.3_0001.oir,1,11,1128.4,1141.3,839,0.695,31.316,30.554,28.39,4.651,1542,local,28.475,4.896,50,before,P2,7,3,1,W7,used,0.1036,False,1,,25,W7.3b,Probe 1,1.0,2.163999999999998,0.465276284669963,False
AD_2026.09.23-BW7.3_0001.oir,1,12,1151.3,1164.9,524,0.631,28.964,29.042,28.178,4.773,712,local,28.475,4.896,46,before,P2,7,3,1,W7,used,0.1036,False,1,,25,W7.3b,Probe 1,1.0,0.8640000000000008,0.1810182275298556,False
AD_2026.09.23-BW7.3_0001.oir,1,13,1580.4,1230.8,1089,0.895,94.151,82.907,28.396,4.817,2128,local,28.475,4.896,156,before,P2,7,3,1,W7,used,0.1036,False,1,,25,W7.3b,Probe 1,1.0,54.510999999999996,11.316379489308696,False
AD_2026.09.23-BW7.3_0001.oir,1,14,634.3,1236.0,1386,0.895,83.277,69.13,28.552,4.86,2280,local,28.475,4.896,137,before,P2,7,3,1,W7,used,0.1036,False,1,,25,W7.3b,Probe 1,1.0,40.577999999999996,8.349382716049382,False
AD_2026.09.23-BW7.3_0001.oir,1,15,1814.2,1318.9,1093,0.887,99.032,88.707,28.708,4.712,2133,local,28.475,4.896,148,before,P2,7,3,1,W7,used,0.1036,False,1,,25,W7.3b,Probe 1,1.0,59.998999999999995,12.73323429541596,False
AD_2026.09.23-BW7.3_0001.oir,1,16,636.4,1410.1,959,0.885,93.016,84.888,28.439,4.657,2057,local,28.475,4.896,143,before,P2,7,3,1,W7,used,0.1036,False,1,,25,W7.3b,Probe 1,1.0,56.449000000000005,12.12132273996135,False
AD_2026.09.23-BW7.3_0001.oir,1,17,1174.7,1420.9,916,0.895,61.795,53.568,28.293,4.781,2019,local,28.475,4.896,110,before,P2,7,3,1,W7,used,0.1036,False,1,,25,W7.3b,Probe 1,1.0,25.275,5.286550930767622,False
AD_2026.09.23-BW7.3_0001.oir,1,18,194.2,1474.9,710,0.872,87.272,80.849,28.466,4.847,1902,local,28.475,4.896,138,before,P2,7,3,1,W7,used,0.1036,False,1,,25,W7.3b,Probe 1,1.0,52.383,10.807303486692799,False
AD_2026.09.23-BW7.3_0001.oir,1,19,665.1,1546.8,1536,0.88,29.589,29.117,28.425,4.779,1885,local,28.475,4.896,50,before,P2,7,3,1,W7,used,0.1036,False,1,,25,W7.3b,Probe 1,1.0,0.6920000000000002,0.1448001673990375,False
AD_2026.09.23-BW7.3_0001.oir,1,20,1531.0,1577.4,1033,0.898,75.642,68.516,28.666,4.925,2093,local,28.475,4.896,122,before,P2,7,3,1,W7,used,0.1036,False,1,,25,W7.3b,Probe 1,1.0,39.85000000000001,8.091370558375637,False
AD_2026.09.23-BW7.3_0001.oir,1,21,647.7,1591.1,1017,0.855,33.729,31.427,28.599,4.708,1607,local,28.475,4.896,61,before,P2,7,3,1,W7,used,0.1036,False,1,,25,W7.3b,Probe 1,1.0,2.8279999999999994,0.6006796941376379,False
AD_2026.09.23-BW7.3_0001.oir,1,22,265.0,1702.3,797,0.916,65.407,58.39,28.595,4.783,1943,local,28.475,4.896,107,before,P2,7,3,1,W7,used,0.1036,False,1,,25,W7.3b,Probe 1,1.0,29.795,6.229353961948568,False
AD_2026.09.23-BW7.3_0001.oir,1,23,598.2,1740.4,1143,0.846,37.772,32.213,28.639,4.648,2134,local,28.475,4.896,74,before,P2,7,3,1,W7,used,0.1036,False,1,,25,W7.3b,Probe 1,1.0,3.5740000000000016,0.7689328743545615,False
AD_2026.09.23-BW7.3_0001.oir,1,24,1460.3,1910.8,949,0.905,41.803,34.598,28.481,4.683,2036,local,28.475,4.896,84,before,P2,7,3,1,W7,used,0.1036,False,1,,25,W7.3b,Probe 1,1.0,6.116999999999997,1.30621396540679,False
AD_2026.09.23-BW7.3_0001.oir,1,25,1829.1,1968.1,1286,0.834,28.547,28.403,28.399,4.579,1770,local,28.475,4.896,46,before,P2,7,3,1,W7,used,0.1036,False,1,,25,W7.3b,Probe 1,1.0,0.003999999999997783,0.0008735531775491992,False
AD_2026.09.23-BW8.1.oir,1,1,1425.7,73.1,1244,0.791,46.477,39.993,28.669,4.643,2124,local,28.547,4.729,82,before,P2,8,1,0,W8,used,0.1036,False,0,,13,W8.1,Probe 1,1.0,11.324000000000002,2.438940340297222,False
AD_2026.09.23-BW8.1.oir,1,2,574.0,867.5,1385,0.886,62.754,51.828,28.385,4.62,2285,local,28.547,4.729,108,before,P2,8,1,0,W8,used,0.1036,False,0,,13,W8.1,Probe 1,1.0,23.443,5.074242424242424,False
AD_2026.09.23-BW8.1.oir,1,3,1422.3,904.3,1838,0.724,28.441,28.288,28.589,4.753,1465,local,28.547,4.729,46,before,P2,8,1,0,W8,used,0.1036,False,0,,13,W8.1,Probe 1,1.0,-0.3009999999999984,-0.06332842415316609,False
AD_2026.09.23-BW8.1.oir,1,4,108.9,932.4,1231,0.889,49.227,38.693,28.532,4.74,2198,local,28.547,4.729,90,before,P2,8,1,0,W8,used,0.1036,False,0,,13,W8.1,Probe 1,1.0,10.160999999999998,2.143670886075949,False
AD_2026.09.23-BW8.1.oir,1,5,551.5,940.0,1577,0.874,62.623,50.615,28.514,4.666,2387,local,28.547,4.729,112,before,P2,8,1,0,W8,used,0.1036,False,0,,13,W8.1,Probe 1,1.0,22.101000000000003,4.736605229318474,False
AD_2026.09.23-BW8.1.oir,1,6,1095.7,1189.0,1113,0.874,58.415,54.043,28.584,4.815,2147,local,28.547,4.729,96,before,P2,8,1,0,W8,used,0.1036,False,0,,13,W8.1,Probe 1,1.0,25.459,5.287435098650051,False
AD_2026.09.23-BW8.1.oir,1,7,99.3,1681.8,1120,0.883,57.27,50.356,28.837,4.907,2145,local,28.547,4.729,96,before,P2,8,1,0,W8,used,0.1036,False,0,,13,W8.1,Probe 1,1.0,21.519000000000002,4.38536784185857,False
AD_2026.09.23-BW8.1.oir,1,8,1413.6,1681.0,539,0.919,36.837,35.009,28.715,4.677,1750,local,28.547,4.729,60,before,P2,8,1,0,W8,used,0.1036,False,0,,13,W8.1,Probe 1,1.0,6.2940000000000005,1.3457344451571522,False
AD_2026.09.23-BW8.1.oir,1,9,1479.2,1717.9,1010,0.892,56.251,49.035,28.698,4.803,2078,local,28.547,4.729,93,before,P2,8,1,0,W8,used,0.1036,False,0,,13,W8.1,Probe 1,1.0,20.336999999999996,4.234228607120549,False
AD_2026.09.23-BW8.1.oir,1,10,1628.8,1745.8,948,0.877,56.407,52.901,28.521,4.667,2058,local,28.547,4.729,87,before,P2,8,1,0,W8,used,0.1036,False,0,,13,W8.1,Probe 1,1.0,24.380000000000003,5.223912577673024,False
AD_2026.09.23-BW8.1.oir,1,11,961.1,1830.1,1116,0.793,60.746,49.467,28.668,4.646,2118,local,28.547,4.729,107,before,P2,8,1,0,W8,used,0.1036,False,0,,13,W8.1,Probe 1,1.0,20.799,4.476754197158846,False
AD_2026.09.23-BW8.1.oir,1,12,1214.1,1841.9,1417,0.799,30.924,29.63,28.631,4.747,2351,local,28.547,4.729,51,before,P2,8,1,0,W8,used,0.1036,False,0,,13,W8.1,Probe 1,1.0,0.9989999999999988,0.21044870444491232,False
AD_2026.09.23-BW8.1.oir,1,13,1118.3,1905.2,694,0.78,45.978,43.977,28.517,4.656,1923,local,28.547,4.729,79,before,P2,8,1,0,W8,used,0.1036,False,0,,13,W8.1,Probe 1,1.0,15.459999999999997,3.3204467353951888,False
AD_2026.09.23-BW8.2.oir,1,1,1937.6,157.3,975,0.898,47.575,43.531,28.444,4.637,2061,local,28.504,4.89,86,before,P2,8,2,0,W8,used,0.1036,False,0,,20,W8.2,Probe 1,1.0,15.087,3.253612249299116,False
AD_2026.09.23-BW8.2.oir,1,2,1514.5,295.2,1101,0.897,72.459,59.487,28.608,4.742,2121,local,28.504,4.89,132,before,P2,8,2,0,W8,used,0.1036,False,0,,20,W8.2,Probe 1,1.0,30.879,6.511809363137917,False
AD_2026.09.23-BW8.2.oir,1,3,913.2,317.8,2354,0.743,28.561,28.481,28.411,4.775,2509,local,28.504,4.89,47,before,P2,8,2,0,W8,used,0.1036,False,0,,20,W8.2,Probe 1,1.0,0.07000000000000028,0.014659685863874405,False
AD_2026.09.23-BW8.2.oir,1,4,2008.0,324.1,988,0.744,28.656,28.647,28.567,4.572,1689,local,28.504,4.89,45,before,P2,8,2,0,W8,used,0.1036,False,0,,20,W8.2,Probe 1,1.0,0.0799999999999983,0.01749781277340295,False
AD_2026.09.23-BW8.2.oir,1,5,578.3,527.1,989,0.902,58.631,55.575,28.584,4.856,2066,local,28.504,4.89,96,before,P2,8,2,0,W8,used,0.1036,False,0,,20,W8.2,Probe 1,1.0,26.991000000000003,5.558278418451401,False
AD_2026.09.23-BW8.2.oir,1,6,193.1,699.8,914,0.893,69.996,63.406,28.427,4.756,2027,local,28.504,4.89,119,before,P2,8,2,0,W8,used,0.1036,False,0,,20,W8.2,Probe 1,1.0,34.979,7.35470984020185,False
AD_2026.09.23-BW8.2.oir,1,7,217.4,899.1,1388,0.878,28.797,28.718,28.485,4.598,2295,local,28.504,4.89,45,before,P2,8,2,0,W8,used,0.1036,False,0,,20,W8.2,Probe 1,1.0,0.23300000000000054,0.05067420617659864,False
AD_2026.09.23-BW8.2.oir,1,8,1796.2,939.9,1040,0.913,69.046,58.498,28.581,4.717,2091,local,28.504,4.89,124,before,P2,8,2,0,W8,used,0.1036,False,0,,20,W8.2,Probe 1,1.0,29.916999999999998,6.342378630485478,False
AD_2026.09.23-BW8.2.oir,1,9,1053.2,1095.9,1108,0.821,28.82,28.69,28.609,4.688,1354,local,28.504,4.89,46,before,P2,8,2,0,W8,used,0.1036,False,0,,20,W8.2,Probe 1,1.0,0.08099999999999952,0.017278156996586927,False
AD_2026.09.23-BW8.2.oir,1,10,944.5,1166.2,1531,0.834,28.595,28.622,28.666,4.799,1791,local,28.504,4.89,48,before,P2,8,2,0,W8,used,0.1036,False,0,,20,W8.2,Probe 1,1.0,-0.04400000000000048,-0.00916857678683069,False
AD_2026.09.23-BW8.2.oir,1,11,1020.5,1238.6,1707,0.88,29.567,29.257,28.366,4.897,1708,local,28.504,4.89,47,before,P2,8,2,0,W8,used,0.1036,False,0,,20,W8.2,Probe 1,1.0,0.8910000000000018,0.18194813150908756,False
AD_2026.09.23-BW8.2.oir,1,12,1065.9,1234.7,963,0.868,29.436,29.144,28.852,4.864,1199,local,28.504,4.89,45,before,P2,8,2,0,W8,used,0.1036,False,0,,20,W8.2,Probe 1,1.0,0.29199999999999804,0.0600328947368417,False
AD_2026.09.23-BW8.2.oir,1,13,1392.0,1496.8,1352,0.883,28.523,28.512,28.248,4.71,1879,local,28.504,4.89,48,before,P2,8,2,0,W8,used,0.1036,False,0,,20,W8.2,Probe 1,1.0,0.26399999999999935,0.0560509554140126,False
AD_2026.09.23-BW8.2.oir,1,14,1373.4,1546.1,1356,0.868,28.515,28.697,27.992,4.898,1281,local,28.504,4.89,46,before,P2,8,2,0,W8,used,0.1036,False,0,,20,W8.2,Probe 1,1.0,0.7049999999999983,0.14393630053082856,False
AD_2026.09.23-BW8.2.oir,1,15,1167.4,1601.5,1342,0.778,28.413,28.333,28.476,4.619,2298,local,28.504,4.89,46,before,P2,8,2,0,W8,used,0.1036,False,0,,20,W8.2,Probe 1,1.0,-0.14300000000000068,-0.030959082052392443,False
AD_2026.09.23-BW8.2.oir,1,16,1478.9,1608.7,1342,0.902,28.789,28.616,28.558,4.666,2019,local,28.504,4.89,44,before,P2,8,2,0,W8,used,0.1036,False,0,,20,W8.2,Probe 1,1.0,0.05799999999999983,0.012430347192456028,False
AD_2026.09.23-BW8.2.oir,1,17,472.5,1655.9,1050,0.88,76.081,70.438,28.427,4.808,2120,local,28.504,4.89,121,before,P2,8,2,0,W8,used,0.1036,False,0,,20,W8.2,Probe 1,1.0,42.011,8.737728785357739,False
AD_2026.09.23-BW8.2.oir,1,18,1256.8,1677.8,879,0.821,28.474,28.399,28.417,4.592,1651,local,28.504,4.89,43,before,P2,8,2,0,W8,used,0.1036,False,0,,20,W8.2,Probe 1,1.0,-0.018000000000000682,-0.003919860627177849,False
AD_2026.09.23-BW8.2.oir,1,19,1299.8,1701.1,920,0.743,28.48,28.395,28.243,4.859,1243,local,28.504,4.89,47,before,P2,8,2,0,W8,used,0.1036,False,0,,20,W8.2,Probe 1,1.0,0.15200000000000102,0.031282156822391646,False
AD_2026.09.23-BW8.2.oir,1,20,602.9,2010.0,1182,0.733,28.959,28.89,28.778,4.906,1213,local,28.504,4.89,48,before,P2,8,2,0,W8,used,0.1036,False,0,,20,W8.2,Probe 1,1.0,0.11200000000000188,0.022829188748471643,False
AD_2026.09.23-BW8.3.oir,1,1,928.6,113.6,1311,0.8,28.473,28.432,28.475,4.771,2296,local,28.582,4.744,47,before,P2,8,3,0,W8,used,0.1036,False,0,,24,W8.3,Probe 1,1.0,-0.043000000000002814,-0.009012785579543662,False
AD_2026.09.23-BW8.3.oir,1,2,1435.8,291.7,1140,0.876,50.907,44.548,28.621,4.739,2164,local,28.582,4.744,91,before,P2,8,3,0,W8,used,0.1036,False,0,,24,W8.3,Probe 1,1.0,15.927000000000003,3.3608356193289732,False
AD_2026.09.23-BW8.3.oir,1,3,1545.3,340.2,1930,0.905,47.405,42.951,28.556,4.805,2518,local,28.582,4.744,80,before,P2,8,3,0,W8,used,0.1036,False,0,,24,W8.3,Probe 1,1.0,14.395,2.9958376690946933,False
AD_2026.09.23-BW8.3.oir,1,4,628.1,422.4,971,0.884,49.736,44.298,28.757,4.831,1973,local,28.582,4.744,83,before,P2,8,3,0,W8,used,0.1036,False,0,,24,W8.3,Probe 1,1.0,15.541,3.216932312150693,False
AD_2026.09.23-BW8.3.oir,1,5,1508.0,592.9,1393,0.892,47.636,42.048,28.771,4.915,2281,local,28.582,4.744,83,before,P2,8,3,0,W8,used,0.1036,False,0,,24,W8.3,Probe 1,1.0,13.277000000000001,2.701322482197355,False
AD_2026.09.23-BW8.3.oir,1,6,1000.3,753.1,1044,0.899,50.859,46.709,28.613,4.864,2099,local,28.582,4.744,84,before,P2,8,3,0,W8,used,0.1036,False,0,,24,W8.3,Probe 1,1.0,18.096000000000004,3.720394736842106,False
AD_2026.09.23-BW8.3.oir,1,7,1434.9,834.7,836,0.844,41.543,38.807,28.313,4.833,1486,local,28.582,4.744,81,before,P2,8,3,0,W8,used,0.1036,False,0,,24,W8.3,Probe 1,1.0,10.494000000000003,2.1713221601489763,False
AD_2026.09.23-BW8.3.oir,1,8,209.0,879.3,1068,0.794,28.425,28.552,28.502,4.785,997,local,28.582,4.744,45,before,P2,8,3,0,W8,used,0.1036,False,0,,24,W8.3,Probe 1,1.0,0.05000000000000071,0.010449320794148528,False
AD_2026.09.23-BW8.3.oir,1,9,233.0,950.5,1123,0.767,28.72,28.712,28.698,4.736,1535,local,28.582,4.744,44,before,P2,8,3,0,W8,used,0.1036,False,0,,24,W8.3,Probe 1,1.0,0.013999999999999346,0.0029560810810809433,False
AD_2026.09.23-BW8.3.oir,1,10,205.1,997.3,1381,0.856,28.633,28.712,28.759,4.697,1750,local,28.582,4.744,45,before,P2,8,3,0,W8,used,0.1036,False,0,,24,W8.3,Probe 1,1.0,-0.0470000000000006,-0.010006387055567511,False
AD_2026.09.23-BW8.3.oir,1,11,935.2,1127.2,1151,0.732,28.405,28.493,28.75,4.656,1567,local,28.582,4.744,47,before,P2,8,3,0,W8,used,0.1036,False,0,,24,W8.3,Probe 1,1.0,-0.25700000000000145,-0.05519759450171853,False
AD_2026.09.23-BW8.3.oir,1,12,879.5,1127.0,1103,0.895,28.789,28.859,28.597,4.767,1882,local,28.582,4.744,46,before,P2,8,3,0,W8,used,0.1036,False,0,,24,W8.3,Probe 1,1.0,0.26200000000000045,0.054961191525068266,False
AD_2026.09.23-BW8.3.oir,1,13,710.2,1131.0,1173,0.871,55.428,48.808,28.66,4.786,2185,local,28.582,4.744,89,before,P2,8,3,0,W8,used,0.1036,False,0,,24,W8.3,Probe 1,1.0,20.148,4.209778520685332,False
AD_2026.09.23-BW8.3.oir,1,14,1153.2,1146.9,1114,0.895,52.896,45.58,28.577,4.823,2119,local,28.582,4.744,90,before,P2,8,3,0,W8,used,0.1036,False,0,,24,W8.3,Probe 1,1.0,17.002999999999997,3.525399129172713,False
AD_2026.09.23-BW8.3.oir,1,15,985.1,1182.5,1014,0.89,54.205,46.146,28.583,4.548,1963,local,28.582,4.744,93,before,P2,8,3,0,W8,used,0.1036,False,0,,24,W8.3,Probe 1,1.0,17.563000000000002,3.8616974494283207,False
AD_2026.09.23-BW8.3.oir,1,16,704.0,1351.9,1225,0.893,55.127,48.697,28.59,4.743,2196,local,28.582,4.744,91,before,P2,8,3,0,W8,used,0.1036,False,0,,24,W8.3,Probe 1,1.0,20.107000000000003,4.239300021083703,False
AD_2026.09.23-BW8.3.oir,1,17,1962.0,1494.2,1465,0.798,28.734,28.694,28.69,4.687,1405,local,28.582,4.744,45,before,P2,8,3,0,W8,used,0.1036,False,0,,24,W8.3,Probe 1,1.0,0.003999999999997783,0.0008534243652651553,False
AD_2026.09.23-BW8.3.oir,1,18,192.9,1667.4,1215,0.886,56.712,50.367,28.634,4.825,2195,local,28.582,4.744,99,before,P2,8,3,0,W8,used,0.1036,False,0,,24,W8.3,Probe 1,1.0,21.732999999999997,4.504248704663212,False
AD_2026.09.23-BW8.3.oir,1,19,1610.5,1752.4,1060,0.9,33.159,31.222,28.685,4.544,2107,local,28.582,4.744,67,before,P2,8,3,0,W8,used,0.1036,False,0,,24,W8.3,Probe 1,1.0,2.5370000000000026,0.5583186619718316,False
AD_2026.09.23-BW8.3.oir,1,20,644.5,1789.0,2288,0.778,29.118,28.776,28.602,4.699,2069,local,28.582,4.744,46,before,P2,8,3,0,W8,used,0.1036,False,0,,24,W8.3,Probe 1,1.0,0.1739999999999995,0.03702915513939125,False
AD_2026.09.23-BW8.3.oir,1,21,598.8,1777.7,1000,0.78,29.859,29.617,28.442,4.66,1266,local,28.582,4.744,51,before,P2,8,3,0,W8,used,0.1036,False,0,,24,W8.3,Probe 1,1.0,1.1750000000000007,0.25214592274678127,False
AD_2026.09.23-BW8.3.oir,1,22,1380.5,1812.2,1269,0.886,29.191,29.136,28.646,4.844,2195,local,28.582,4.744,47,before,P2,8,3,0,W8,used,0.1036,False,0,,24,W8.3,Probe 1,1.0,0.48999999999999844,0.10115606936416152,False
AD_2026.09.23-BW8.3.oir,1,23,1346.2,1860.9,615,0.799,33.021,32.379,28.881,4.742,1072,local,28.582,4.744,57,before,P2,8,3,0,W8,used,0.1036,False,0,,24,W8.3,Probe 1,1.0,3.4979999999999976,0.7376634331505688,False
AD_2026.09.23-BW8.3.oir,1,24,1339.4,2013.4,826,0.789,28.644,28.858,28.869,4.597,1424,local,28.582,4.744,51,before,P2,8,3,0,W8,used,0.1036,False,0,,24,W8.3,Probe 1,1.0,-0.010999999999999233,-0.0023928649118988973,False
AD_2026.09.23-BW9.1.oir,1,1,895.0,255.3,1468,0.906,48.511,40.363,28.595,4.68,2203,local,28.643,4.728,89,before,P2,9,1,0,W9,used,0.1036,False,0,,12,W9.1,Probe 1,1.0,11.768,2.514529914529915,False
AD_2026.09.23-BW9.1.oir,1,2,1400.1,304.4,911,0.9,45.845,40.797,28.691,4.688,2021,local,28.643,4.728,78,before,P2,9,1,0,W9,used,0.1036,False,0,,12,W9.1,Probe 1,1.0,12.105999999999998,2.582337883959044,False
AD_2026.09.23-BW9.1.oir,1,3,300.4,608.9,1151,0.896,49.523,40.896,28.637,4.677,2136,local,28.643,4.728,88,before,P2,9,1,0,W9,used,0.1036,False,0,,12,W9.1,Probe 1,1.0,12.259,2.621124652555057,False
AD_2026.09.23-BW9.1.oir,1,4,147.6,633.7,1466,0.891,55.421,51.676,28.491,4.719,2317,local,28.643,4.728,89,before,P2,9,1,0,W9,used,0.1036,False,0,,12,W9.1,Probe 1,1.0,23.185000000000002,4.913117185844459,False
AD_2026.09.23-BW9.1.oir,1,5,1050.0,735.2,1251,0.893,56.128,44.038,28.501,4.758,2214,local,28.643,4.728,109,before,P2,9,1,0,W9,used,0.1036,False,0,,12,W9.1,Probe 1,1.0,15.536999999999995,3.2654476670870105,False
AD_2026.09.23-BW9.1.oir,1,6,1774.3,1119.7,1321,0.888,57.957,46.985,28.737,4.885,2253,local,28.643,4.728,106,before,P2,9,1,0,W9,used,0.1036,False,0,,12,W9.1,Probe 1,1.0,18.248,3.735516888433982,False
AD_2026.09.23-BW9.1.oir,1,7,937.2,1202.7,947,0.849,51.532,42.692,28.832,4.727,1568,local,28.643,4.728,101,before,P2,9,1,0,W9,used,0.1036,False,0,,12,W9.1,Probe 1,1.0,13.86,2.9320922360905435,False
AD_2026.09.23-BW9.1.oir,1,8,966.3,1237.8,1617,0.9,55.238,41.469,28.637,4.639,1869,local,28.643,4.728,110,before,P2,9,1,0,W9,used,0.1036,False,0,,12,W9.1,Probe 1,1.0,12.832,2.7661133865057126,False
AD_2026.09.23-BW9.1.oir,1,9,518.2,1508.6,2422,0.734,28.76,28.866,28.724,4.797,2003,local,28.643,4.728,45,before,P2,9,1,0,W9,used,0.1036,False,0,,12,W9.1,Probe 1,1.0,0.14199999999999946,0.02960183447988315,False
AD_2026.09.23-BW9.1.oir,1,10,1259.4,1797.1,1038,0.899,59.388,50.979,28.557,4.847,2095,local,28.643,4.728,105,before,P2,9,1,0,W9,used,0.1036,False,0,,12,W9.1,Probe 1,1.0,22.422,4.625954198473282,False
AD_2026.09.23-BW9.1.oir,1,11,1574.6,1930.5,893,0.882,52.105,45.974,28.495,4.8,2017,local,28.643,4.728,91,before,P2,9,1,0,W9,used,0.1036,False,0,,12,W9.1,Probe 1,1.0,17.478999999999996,3.6414583333333326,False
AD_2026.09.23-BW9.1.oir,1,12,185.6,1989.9,530,0.755,63.13,60.881,28.695,4.769,1224,local,28.643,4.728,110,before,P2,9,1,0,W9,used,0.1036,False,0,,12,W9.1,Probe 1,1.0,32.186,6.749003984063745,False
AD_2026.09.23-BW9.2.oir,1,1,843.4,77.1,509,0.737,28.611,28.72,28.65,4.696,1564,local,28.698,4.744,43,before,P2,9,2,0,W9,used,0.1036,False,0,,11,W9.2,Probe 1,1.0,0.07000000000000028,0.014906303236797336,False
AD_2026.09.23-BW9.2.oir,1,2,749.5,308.1,1789,0.89,28.989,28.713,28.8,4.777,2474,local,28.698,4.744,44,before,P2,9,2,0,W9,used,0.1036,False,0,,11,W9.2,Probe 1,1.0,-0.08699999999999974,-0.01821226711325094,False
AD_2026.09.23-BW9.2.oir,1,3,1356.7,335.4,1269,0.897,72.034,63.193,28.766,4.868,2221,local,28.698,4.744,128,before,P2,9,2,0,W9,used,0.1036,False,0,,11,W9.2,Probe 1,1.0,34.427,7.072103533278553,False
AD_2026.09.23-BW9.2.oir,1,4,564.4,407.1,947,0.894,63.814,51.571,28.875,4.725,2039,local,28.698,4.744,124,before,P2,9,2,0,W9,used,0.1036,False,0,,11,W9.2,Probe 1,1.0,22.695999999999998,4.803386243386243,False
AD_2026.09.23-BW9.2.oir,1,5,1489.2,630.1,919,0.885,82.726,76.364,28.569,4.694,2033,local,28.698,4.744,130,before,P2,9,2,0,W9,used,0.1036,False,0,,11,W9.2,Probe 1,1.0,47.795,10.18214742224116,False
AD_2026.09.23-BW9.2.oir,1,6,806.3,909.5,1021,0.884,70.199,62.554,28.902,4.621,2092,local,28.698,4.744,113,before,P2,9,2,0,W9,used,0.1036,False,0,,11,W9.2,Probe 1,1.0,33.652,7.282406405539926,False
AD_2026.09.23-BW9.2.oir,1,7,455.9,1182.8,607,0.9,62.794,59.648,28.752,4.702,1813,local,28.698,4.744,99,before,P2,9,2,0,W9,used,0.1036,False,0,,11,W9.2,Probe 1,1.0,30.896000000000004,6.570820927264995,False
AD_2026.09.23-BW9.2.oir,1,8,817.2,1529.9,1348,0.876,62.071,48.26,28.771,4.792,2271,local,28.698,4.744,130,before,P2,9,2,0,W9,used,0.1036,False,0,,11,W9.2,Probe 1,1.0,19.488999999999997,4.066986644407345,False
AD_2026.09.23-BW9.2.oir,1,9,1519.2,1648.8,1135,0.892,45.424,37.885,28.502,4.84,2152,local,28.698,4.744,79,before,P2,9,2,0,W9,used,0.1036,False,0,,11,W9.2,Probe 1,1.0,9.383,1.9386363636363635,False
AD_2026.09.23-BW9.2.oir,1,10,611.6,1755.1,851,0.79,62.029,53.848,28.938,5.073,435,local,28.698,4.744,113,before,P2,9,2,0,W9,used,0.1036,False,0,,11,W9.2,Probe 1,1.0,24.91,4.910309481569091,False
AD_2026.09.23-BW9.2.oir,1,11,218.5,1786.4,1259,0.849,29.302,29.094,28.716,4.597,1843,local,28.698,4.744,49,before,P2,9,2,0,W9,used,0.1036,False,0,,11,W9.2,Probe 1,1.0,0.3780000000000001,0.08222753969980423,False
AD_2026.09.23-BW9.3.oir,1,1,1394.6,567.8,551,0.697,28.822,28.639,28.718,4.766,1364,local,28.908,4.756,50,before,P2,9,3,0,W9,used,0.1036,False,0,,8,W9.3,Probe 1,1.0,-0.07900000000000063,-0.01657574485942103,False
AD_2026.09.23-BW9.3.oir,1,2,1328.7,592.1,1452,0.733,28.617,28.75,28.706,4.814,1359,local,28.908,4.756,46,before,P2,9,3,0,W9,used,0.1036,False,0,,8,W9.3,Probe 1,1.0,0.04400000000000048,0.009140008309098563,False
AD_2026.09.23-BW9.3.oir,1,3,660.7,811.7,539,0.871,65.102,64.665,29.159,4.765,1784,local,28.908,4.756,99,before,P2,9,3,0,W9,used,0.1036,False,0,,8,W9.3,Probe 1,1.0,35.50600000000001,7.4514165792235065,False
AD_2026.09.23-BW9.3.oir,1,4,1963.7,974.0,931,0.9,56.809,54.988,28.848,4.607,2031,local,28.908,4.756,89,before,P2,9,3,0,W9,used,0.1036,False,0,,8,W9.3,Probe 1,1.0,26.14,5.6739743868026915,False
AD_2026.09.23-BW9.3.oir,1,5,606.0,1014.1,683,0.888,69.862,68.703,28.96,4.765,1877,local,28.908,4.756,106,before,P2,9,3,0,W9,used,0.1036,False,0,,8,W9.3,Probe 1,1.0,39.743,8.340608604407137,False
AD_2026.09.23-BW9.3.oir,1,6,1800.3,1038.0,844,0.896,74.799,72.89,29.078,4.769,1984,local,28.908,4.756,121,before,P2,9,3,0,W9,used,0.1036,False,0,,8,W9.3,Probe 1,1.0,43.812,9.186831620884881,False
AD_2026.09.23-BW9.3.oir,1,7,1628.3,1086.8,1002,0.892,80.841,72.392,29.147,4.736,2078,local,28.908,4.756,128,before,P2,9,3,0,W9,used,0.1036,False,0,,8,W9.3,Probe 1,1.0,43.245,9.13112331081081,False
AD_2026.09.23-BW9.3.oir,1,8,1016.9,1770.7,1380,0.901,80.445,73.354,29.199,4.768,2274,local,28.908,4.756,119,before,P2,9,3,0,W9,used,0.1036,False,0,,8,W9.3,Probe 1,1.0,44.155,9.260696308724834,False
AD_2026.09.24_A.AV1.10.1.oir,1,1,1800.4,343.5,1103,0.907,510.517,605.107,33.941,5.689,2132,local,33.47,5.503,1573,after,AV1,10,1,0,W10,used,0.1036,False,0,,7,W10.1,Buffer only,0.0,571.1659999999999,100.39831253295833,False
AD_2026.09.24_A.AV1.10.1.oir,1,2,1167.6,437.6,1536,0.873,249.564,347.495,33.725,5.559,2355,local,33.47,5.503,758,after,AV1,10,1,0,W10,used,0.1036,False,0,,7,W10.1,Buffer only,0.0,313.77,56.44360496492175,False
AD_2026.09.24_A.AV1.10.1.oir,1,3,901.1,741.9,1745,0.885,170.181,228.035,33.538,5.446,2454,local,33.47,5.503,652,after,AV1,10,1,0,W10,used,0.1036,False,0,,7,W10.1,Buffer only,0.0,194.497,35.71373485126699,False
AD_2026.09.24_A.AV1.10.1.oir,1,4,1467.0,785.1,1491,0.892,394.777,593.964,34.073,5.565,2329,local,33.47,5.503,1380,after,AV1,10,1,0,W10,used,0.1036,False,0,,7,W10.1,Buffer only,0.0,559.8910000000001,100.6093441150045,False
AD_2026.09.24_A.AV1.10.1.oir,1,5,309.4,874.6,1546,0.903,101.16,110.427,33.641,5.572,2349,local,33.47,5.503,205,after,AV1,10,1,0,W10,used,0.1036,False,0,,7,W10.1,Buffer only,0.0,76.786,13.780689160086146,False
AD_2026.09.24_A.AV1.10.1.oir,1,6,1427.6,1147.4,1396,0.89,452.704,698.721,33.919,5.701,2276,local,33.47,5.503,1628,after,AV1,10,1,0,W10,used,0.1036,False,0,,7,W10.1,Buffer only,0.0,664.802,116.61147167163656,False
AD_2026.09.24_A.AV1.10.1.oir,1,7,78.5,1185.9,1265,0.887,68.484,63.002,33.636,5.359,2226,local,33.47,5.503,106,after,AV1,10,1,0,W10,used,0.1036,False,0,,7,W10.1,Buffer only,0.0,29.366,5.479753685389065,False
AD_2026.09.24_A.AV1.10.2.oir,1,1,1968.3,113.1,1378,0.897,89.316,72.482,32.656,5.289,2276,local,33.44,5.537,180,after,AV1,10,2,0,W10,used,0.1036,False,0,,16,W10.2,Buffer only,0.0,39.826,7.5299678578181135,False
AD_2026.09.24_A.AV1.10.2.oir,1,2,438.8,526.1,1370,0.884,78.753,69.499,32.956,5.509,2277,local,33.44,5.537,130,after,AV1,10,2,0,W10,used,0.1036,False,0,,16,W10.2,Buffer only,0.0,36.54299999999999,6.633327282628424,False
AD_2026.09.24_A.AV1.10.2.oir,1,3,1995.4,700.2,1357,0.888,70.742,55.214,32.853,5.266,2269,local,33.44,5.537,130,after,AV1,10,2,0,W10,used,0.1036,False,0,,16,W10.2,Buffer only,0.0,22.360999999999997,4.2462969996202045,False
AD_2026.09.24_A.AV1.10.2.oir,1,4,1273.6,789.0,1580,0.892,208.455,241.387,33.047,5.361,2374,local,33.44,5.537,588,after,AV1,10,2,0,W10,used,0.1036,False,0,,16,W10.2,Buffer only,0.0,208.34,38.86215258347323,False
AD_2026.09.24_A.AV1.10.2.oir,1,5,64.3,994.3,1317,0.887,77.516,73.204,34.026,5.634,2250,local,33.44,5.537,126,after,AV1,10,2,0,W10,used,0.1036,False,0,,16,W10.2,Buffer only,0.0,39.17799999999999,6.953851615193466,False
AD_2026.09.24_A.AV1.10.2.oir,1,6,483.8,1079.5,1398,0.893,80.031,65.293,33.594,5.662,2288,local,33.44,5.537,143,after,AV1,10,2,0,W10,used,0.1036,False,0,,16,W10.2,Buffer only,0.0,31.699000000000005,5.598551748498765,False
AD_2026.09.24_A.AV1.10.2.oir,1,7,1404.9,1352.5,1612,0.887,91.375,77.202,33.506,5.509,2387,local,33.44,5.537,174,after,AV1,10,2,0,W10,used,0.1036,False,0,,16,W10.2,Buffer only,0.0,43.696,7.931748048647667,False
AD_2026.09.24_A.AV1.10.2.oir,1,8,1319.2,1453.7,1238,0.894,78.51,64.566,33.573,5.321,2207,local,33.44,5.537,133,after,AV1,10,2,0,W10,used,0.1036,False,0,,16,W10.2,Buffer only,0.0,30.993000000000002,5.824657019357264,False
AD_2026.09.24_A.AV1.10.2.oir,1,9,738.3,1534.3,1184,0.887,603.61,748.652,34.264,5.689,2186,local,33.44,5.537,1986,after,AV1,10,2,0,W10,used,0.1036,False,0,,16,W10.2,Buffer only,0.0,714.388,125.57356301634734,False
AD_2026.09.24_A.AV1.10.2.oir,1,10,1772.9,1539.8,986,0.899,867.173,1215.237,34.399,5.712,2060,local,33.44,5.537,2259,after,AV1,10,2,0,W10,used,0.1036,False,0,,16,W10.2,Buffer only,0.0,1180.8380000000002,206.72934173669472,False
AD_2026.09.24_A.AV1.10.2.oir,1,11,602.0,1563.6,627,0.752,675.357,687.402,34.88,5.687,1893,local,33.44,5.537,1789,after,AV1,10,2,0,W10,used,0.1036,False,0,,16,W10.2,Buffer only,0.0,652.522,114.73922982240197,False
AD_2026.09.24_A.AV1.10.2.oir,1,12,536.5,1606.9,1357,0.883,421.772,482.877,34.813,5.705,2267,local,33.44,5.537,1277,after,AV1,10,2,0,W10,used,0.1036,False,0,,16,W10.2,Buffer only,0.0,448.064,78.53882559158633,False
AD_2026.09.24_A.AV1.10.2.oir,1,13,1973.2,1749.3,1011,0.888,76.769,76.073,33.826,5.629,2086,local,33.44,5.537,127,after,AV1,10,2,0,W10,used,0.1036,False,0,,16,W10.2,Buffer only,0.0,42.24699999999999,7.505240717711849,False
AD_2026.09.24_A.AV1.10.2.oir,1,14,1690.5,1795.5,970,0.881,135.736,147.143,33.921,5.648,2065,local,33.44,5.537,431,after,AV1,10,2,0,W10,used,0.1036,False,0,,16,W10.2,Buffer only,0.0,113.22200000000001,20.046388101983005,False
AD_2026.09.24_A.AV1.10.2.oir,1,15,1459.4,1850.6,1235,0.889,85.938,73.469,33.823,5.697,2209,local,33.44,5.537,159,after,AV1,10,2,0,W10,used,0.1036,False,0,,16,W10.2,Buffer only,0.0,39.645999999999994,6.959101281376162,False
AD_2026.09.24_A.AV1.10.2.oir,1,16,1037.8,1906.2,1236,0.863,711.332,795.329,35.345,6.005,2080,local,33.44,5.537,2133,after,AV1,10,2,0,W10,used,0.1036,False,0,,16,W10.2,Buffer only,0.0,759.9839999999999,126.55853455453787,False
AD_2026.09.24_A.AV1.10.3.oir,1,1,546.8,226.1,1663,0.851,73.53,54.564,31.578,5.082,2428,local,31.689,5.109,138,after,AV1,10,3,0,W10,used,0.1036,False,0,,7,W10.3,Buffer only,0.0,22.986,4.523022432113342,False
AD_2026.09.24_A.AV1.10.3.oir,1,2,1941.2,480.7,1594,0.844,350.851,262.528,31.921,5.284,2416,local,31.689,5.109,1407,after,AV1,10,3,0,W10,used,0.1036,False,0,,7,W10.3,Buffer only,0.0,230.60700000000003,43.642505677517036,False
AD_2026.09.24_A.AV1.10.3.oir,1,3,1284.8,918.2,1779,0.877,65.663,47.184,31.662,5.223,2461,local,31.689,5.109,127,after,AV1,10,3,0,W10,used,0.1036,False,0,,7,W10.3,Buffer only,0.0,15.521999999999998,2.9718552556002296,False
AD_2026.09.24_A.AV1.10.3.oir,1,4,862.8,1262.3,1076,0.905,397.398,517.985,32.182,5.078,2115,local,31.689,5.109,1650,after,AV1,10,3,0,W10,used,0.1036,False,0,,7,W10.3,Buffer only,0.0,485.803,95.66817644742024,False
AD_2026.09.24_A.AV1.10.3.oir,1,5,1415.0,1731.4,1174,0.891,273.578,405.29,32.274,5.189,2175,local,31.689,5.109,1021,after,AV1,10,3,0,W10,used,0.1036,False,0,,7,W10.3,Buffer only,0.0,373.016,71.88591250722683,False
AD_2026.09.24_A.AV1.10.3.oir,1,6,435.9,1891.8,966,0.874,120.598,131.675,32.232,5.253,1580,local,31.689,5.109,344,after,AV1,10,3,0,W10,used,0.1036,False,0,,7,W10.3,Buffer only,0.0,99.44300000000001,18.93070626308776,False
AD_2026.09.24_A.AV1.10.3.oir,1,7,399.9,1892.8,671,0.87,630.359,841.506,32.604,5.36,1374,local,31.689,5.109,1892,after,AV1,10,3,0,W10,used,0.1036,False,0,,7,W10.3,Buffer only,0.0,808.9019999999999,150.91455223880595,False
AD_2026.09.24_A.AV1.11.2.oir,1,1,2007.3,155.0,830,0.894,90.933,84.474,30.569,4.874,1969,local,30.649,5.583,137,after,AV1,11,2,0,W11,used,0.1036,False,0,,16,W11.2,Buffer only,0.0,53.905,11.059704554780469,False
AD_2026.09.24_A.AV1.11.2.oir,1,2,1408.0,303.3,1309,0.855,109.186,101.864,40.639,30.881,2059,local,30.649,5.583,158,after,AV1,11,2,0,W11,used,0.1036,False,0,,16,W11.2,Buffer only,0.0,61.225,1.9826106667530197,False
AD_2026.09.24_A.AV1.11.2.oir,1,3,922.8,429.2,493,0.633,30.637,30.582,30.414,4.802,1885,local,30.649,5.583,46,after,AV1,11,2,0,W11,used,0.1036,False,0,,16,W11.2,Buffer only,0.0,0.16799999999999926,0.03498542274052463,False
AD_2026.09.24_A.AV1.11.2.oir,1,4,1565.6,506.0,1052,0.868,89.587,84.582,30.555,4.877,2122,local,30.649,5.583,142,after,AV1,11,2,0,W11,used,0.1036,False,0,,16,W11.2,Buffer only,0.0,54.026999999999994,11.077916752101702,False
AD_2026.09.24_A.AV1.11.2.oir,1,5,923.1,567.4,1608,0.788,32.35,34.317,30.672,4.985,1373,local,30.649,5.583,114,after,AV1,11,2,0,W11,used,0.1036,False,0,,16,W11.2,Buffer only,0.0,3.6449999999999996,0.7311935807422265,False
AD_2026.09.24_A.AV1.11.2.oir,1,6,962.5,579.1,838,0.766,103.341,101.12,30.74,4.994,1455,local,30.649,5.583,147,after,AV1,11,2,0,W11,used,0.1036,False,0,,16,W11.2,Buffer only,0.0,70.38000000000001,14.092911493792554,False
AD_2026.09.24_A.AV1.11.2.oir,1,7,882.6,632.2,1320,0.771,30.47,30.605,30.729,4.957,1495,local,30.649,5.583,48,after,AV1,11,2,0,W11,used,0.1036,False,0,,16,W11.2,Buffer only,0.0,-0.12399999999999878,-0.025015130119023357,False
AD_2026.09.24_A.AV1.11.2.oir,1,8,1429.1,751.4,1382,0.903,31.999,31.749,30.932,4.979,2016,local,30.649,5.583,51,after,AV1,11,2,0,W11,used,0.1036,False,0,,16,W11.2,Buffer only,0.0,0.8170000000000002,0.16408917453303878,False
AD_2026.09.24_A.AV1.11.2.oir,1,9,655.3,896.4,1197,0.892,94.343,74.288,30.712,4.971,2189,local,30.649,5.583,162,after,AV1,11,2,0,W11,used,0.1036,False,0,,16,W11.2,Buffer only,0.0,43.57599999999999,8.76604304968819,False
AD_2026.09.24_A.AV1.11.2.oir,1,10,1571.3,1240.1,1044,0.875,101.796,91.768,30.864,4.923,1980,local,30.649,5.583,166,after,AV1,11,2,0,W11,used,0.1036,False,0,,16,W11.2,Buffer only,0.0,60.903999999999996,12.371318301848465,False
AD_2026.09.24_A.AV1.11.2.oir,1,11,1515.0,1241.9,896,0.863,108.778,105.776,30.9,4.942,1895,local,30.649,5.583,184,after,AV1,11,2,0,W11,used,0.1036,False,0,,16,W11.2,Buffer only,0.0,74.876,15.150951031970862,False
AD_2026.09.24_A.AV1.11.2.oir,1,12,889.5,1519.1,1010,0.89,107.819,81.119,31.025,5.055,1760,local,30.649,5.583,199,after,AV1,11,2,0,W11,used,0.1036,False,0,,16,W11.2,Buffer only,0.0,50.094,9.90979228486647,False
AD_2026.09.24_A.AV1.11.2.oir,1,13,846.7,1549.9,1201,0.893,46.55,38.079,30.68,4.913,1862,local,30.649,5.583,95,after,AV1,11,2,0,W11,used,0.1036,False,0,,16,W11.2,Buffer only,0.0,7.399000000000001,1.5060044779157338,False
AD_2026.09.24_A.AV1.11.2.oir,1,14,817.8,1870.5,1086,0.873,32.079,31.824,30.884,5.074,2137,local,30.649,5.583,54,after,AV1,11,2,0,W11,used,0.1036,False,0,,16,W11.2,Buffer only,0.0,0.9400000000000013,0.1852581789515178,False
AD_2026.09.24_A.AV1.11.2.oir,1,15,862.0,1923.4,1384,0.912,31.236,31.103,30.875,4.918,2267,local,30.649,5.583,50,after,AV1,11,2,0,W11,used,0.1036,False,0,,16,W11.2,Buffer only,0.0,0.22800000000000153,0.046360309068727436,False
AD_2026.09.24_A.AV1.11.2.oir,1,16,1424.8,2011.6,1304,0.903,145.428,132.766,31.439,5.126,2149,local,30.649,5.583,244,after,AV1,11,2,0,W11,used,0.1036,False,0,,16,W11.2,Buffer only,0.0,101.327,19.76726492391728,False
AD_2026.09.24_A.AV1.11.2_0001.oir,1,1,1777.2,344.1,1324,0.88,200.555,258.432,30.996,4.921,2159,local,30.538,4.871,449,after,AV1,11,2,1,W11,used,0.1036,False,1,,18,W11.2b,Buffer only,0.0,227.436,46.21743548059337,False
AD_2026.09.24_A.AV1.11.2_0001.oir,1,2,608.7,559.4,1280,0.894,111.911,85.3,30.438,4.925,2223,local,30.538,4.871,195,after,AV1,11,2,1,W11,used,0.1036,False,1,,18,W11.2b,Buffer only,0.0,54.861999999999995,11.139492385786802,False
AD_2026.09.24_A.AV1.11.2_0001.oir,1,3,1881.8,676.7,1605,0.906,88.198,75.285,30.645,4.9,2377,local,30.538,4.871,179,after,AV1,11,2,1,W11,used,0.1036,False,1,,18,W11.2b,Buffer only,0.0,44.64,9.110204081632652,False
AD_2026.09.24_A.AV1.11.2_0001.oir,1,4,906.9,692.9,1253,0.875,195.772,243.674,31.173,4.993,1994,local,30.538,4.871,415,after,AV1,11,2,1,W11,used,0.1036,False,1,,18,W11.2b,Buffer only,0.0,212.501,42.559783697176044,False
AD_2026.09.24_A.AV1.11.2_0001.oir,1,5,149.0,720.0,1387,0.72,31.149,31.23,30.796,4.9,1655,local,30.538,4.871,50,after,AV1,11,2,1,W11,used,0.1036,False,1,,18,W11.2b,Buffer only,0.0,0.43400000000000105,0.08857142857142877,False
AD_2026.09.24_A.AV1.11.2_0001.oir,1,6,289.7,870.0,1366,0.879,111.87,95.253,30.793,4.97,2272,local,30.538,4.871,168,after,AV1,11,2,1,W11,used,0.1036,False,1,,18,W11.2b,Buffer only,0.0,64.46000000000001,12.969818913480887,False
AD_2026.09.24_A.AV1.11.2_0001.oir,1,7,1176.0,899.2,1212,0.88,150.081,138.796,30.801,4.856,2203,local,30.538,4.871,247,after,AV1,11,2,1,W11,used,0.1036,False,1,,18,W11.2b,Buffer only,0.0,107.99499999999999,22.239497528830313,False
AD_2026.09.24_A.AV1.11.2_0001.oir,1,8,1461.1,1093.5,1081,0.851,130.726,109.299,30.714,4.962,2051,local,30.538,4.871,209,after,AV1,11,2,1,W11,used,0.1036,False,1,,18,W11.2b,Buffer only,0.0,78.58500000000001,15.837363966142687,False
AD_2026.09.24_A.AV1.11.2_0001.oir,1,9,1193.4,1365.1,2224,0.889,130.48,84.175,30.691,4.978,2647,local,30.538,4.871,233,after,AV1,11,2,1,W11,used,0.1036,False,1,,18,W11.2b,Buffer only,0.0,53.483999999999995,10.744073925271193,False
AD_2026.09.24_A.AV1.11.2_0001.oir,1,10,74.1,1550.6,678,0.871,93.322,94.3,30.591,4.893,1848,local,30.538,4.871,147,after,AV1,11,2,1,W11,used,0.1036,False,1,,18,W11.2b,Buffer only,0.0,63.708999999999996,13.020437359493153,False
AD_2026.09.24_A.AV1.11.2_0001.oir,1,11,1849.7,1591.5,1046,0.865,105.644,104.218,30.67,4.895,2126,local,30.538,4.871,173,after,AV1,11,2,1,W11,used,0.1036,False,1,,18,W11.2b,Buffer only,0.0,73.548,15.025127681307458,False
AD_2026.09.24_A.AV1.11.2_0001.oir,1,12,752.7,1697.9,979,0.88,177.471,211.241,30.965,4.881,2072,local,30.538,4.871,347,after,AV1,11,2,1,W11,used,0.1036,False,1,,18,W11.2b,Buffer only,0.0,180.276,36.93423478795329,False
AD_2026.09.24_A.AV1.11.2_0001.oir,1,13,1063.4,1849.6,2178,0.87,30.426,30.503,30.615,5.011,2067,local,30.538,4.871,50,after,AV1,11,2,1,W11,used,0.1036,False,1,,18,W11.2b,Buffer only,0.0,-0.11199999999999832,-0.022350828178008045,False
AD_2026.09.24_A.AV1.11.2_0001.oir,1,14,1129.7,1864.0,1909,0.864,30.443,30.458,30.571,4.965,1589,local,30.538,4.871,47,after,AV1,11,2,1,W11,used,0.1036,False,1,,18,W11.2b,Buffer only,0.0,-0.1130000000000031,-0.02275931520644574,False
AD_2026.09.24_A.AV1.11.2_0001.oir,1,15,1388.6,1883.3,562,0.844,155.26,178.376,30.663,4.832,1809,local,30.538,4.871,378,after,AV1,11,2,1,W11,used,0.1036,False,1,,18,W11.2b,Buffer only,0.0,147.713,30.569743377483444,False
AD_2026.09.24_A.AV1.11.2_0001.oir,1,16,1105.4,1908.5,1037,0.797,33.985,32.507,31.221,5.164,601,local,30.538,4.871,58,after,AV1,11,2,1,W11,used,0.1036,False,1,,18,W11.2b,Buffer only,0.0,1.2859999999999978,0.249031758326878,False
AD_2026.09.24_A.AV1.11.2_0001.oir,1,17,745.4,1916.2,932,0.876,127.055,133.283,30.907,4.822,2043,local,30.538,4.871,219,after,AV1,11,2,1,W11,used,0.1036,False,1,,18,W11.2b,Buffer only,0.0,102.37599999999999,21.231024471173786,False
AD_2026.09.24_A.AV1.11.2_0001.oir,1,18,1027.6,1941.8,1399,0.863,34.003,33.332,31.214,4.96,2042,local,30.538,4.871,54,after,AV1,11,2,1,W11,used,0.1036,False,1,,18,W11.2b,Buffer only,0.0,2.118000000000002,0.4270161290322585,False
AD_2026.09.24_A.AV1.11.3.oir,1,1,1761.1,62.7,1225,0.846,152.733,138.396,31.042,5.001,1413,local,31.198,4.989,350,after,AV1,11,3,0,W11,used,0.1036,False,0,,15,W11.3,Buffer only,0.0,107.35399999999998,21.466506698660265,False
AD_2026.09.24_A.AV1.11.3.oir,1,2,340.3,106.8,1273,0.885,448.564,365.965,31.397,5.16,2232,local,31.198,4.989,757,after,AV1,11,3,0,W11,used,0.1036,False,0,,15,W11.3,Buffer only,0.0,334.568,64.83875968992247,False
AD_2026.09.24_A.AV1.11.3.oir,1,3,2003.4,309.5,1599,0.899,312.907,187.576,31.207,4.887,2372,local,31.198,4.989,865,after,AV1,11,3,0,W11,used,0.1036,False,0,,15,W11.3,Buffer only,0.0,156.369,31.99693063228975,False
AD_2026.09.24_A.AV1.11.3.oir,1,4,982.2,313.0,1331,0.884,271.751,238.482,31.076,5.157,2257,local,31.198,4.989,768,after,AV1,11,3,0,W11,used,0.1036,False,0,,15,W11.3,Buffer only,0.0,207.406,40.21834399844871,False
AD_2026.09.24_A.AV1.11.3.oir,1,5,1827.7,367.1,1414,0.858,228.148,175.31,31.231,5.039,2301,local,31.198,4.989,595,after,AV1,11,3,0,W11,used,0.1036,False,0,,15,W11.3,Buffer only,0.0,144.079,28.592776344512803,False
AD_2026.09.24_A.AV1.11.3.oir,1,6,1215.0,411.0,1451,0.765,340.322,227.309,30.993,5.026,2417,local,31.198,4.989,914,after,AV1,11,3,0,W11,used,0.1036,False,0,,15,W11.3,Buffer only,0.0,196.316,39.060087544767214,False
AD_2026.09.24_A.AV1.11.3.oir,1,7,1738.9,698.5,1573,0.747,37.716,35.172,31.285,5.233,1785,local,31.198,4.989,74,after,AV1,11,3,0,W11,used,0.1036,False,0,,15,W11.3,Buffer only,0.0,3.886999999999997,0.7427861647238673,False
AD_2026.09.24_A.AV1.11.3.oir,1,8,1326.9,1000.7,1452,0.721,101.025,69.049,31.15,5.026,2473,local,31.198,4.989,217,after,AV1,11,3,0,W11,used,0.1036,False,0,,15,W11.3,Buffer only,0.0,37.89900000000001,7.5405889375248725,False
AD_2026.09.24_A.AV1.11.3.oir,1,9,1752.7,1128.2,1426,0.894,384.494,340.392,31.341,5.051,2291,local,31.198,4.989,961,after,AV1,11,3,0,W11,used,0.1036,False,0,,15,W11.3,Buffer only,0.0,309.051,61.18610176202732,False
AD_2026.09.24_A.AV1.11.3.oir,1,10,1981.0,1212.0,1179,0.898,461.115,432.634,31.434,5.12,2167,local,31.198,4.989,1087,after,AV1,11,3,0,W11,used,0.1036,False,0,,15,W11.3,Buffer only,0.0,401.2,78.359375,False
AD_2026.09.24_A.AV1.11.3.oir,1,11,1600.9,1382.7,1358,0.866,278.711,242.884,31.702,5.086,2284,local,31.198,4.989,707,after,AV1,11,3,0,W11,used,0.1036,False,0,,15,W11.3,Buffer only,0.0,211.182,41.52221785292961,False
AD_2026.09.24_A.AV1.11.3.oir,1,12,1209.6,1651.5,1234,0.9,404.46,432.74,31.538,5.174,2202,local,31.198,4.989,899,after,AV1,11,3,0,W11,used,0.1036,False,0,,15,W11.3,Buffer only,0.0,401.202,77.5419404715887,False
AD_2026.09.24_A.AV1.11.3.oir,1,13,1115.0,1680.3,1205,0.898,105.18,75.066,31.122,4.961,2016,local,31.198,4.989,193,after,AV1,11,3,0,W11,used,0.1036,False,0,,15,W11.3,Buffer only,0.0,43.944,8.857891554122153,False
AD_2026.09.24_A.AV1.11.3.oir,1,14,219.2,1727.1,1328,0.896,117.846,94.708,31.516,5.049,2254,local,31.198,4.989,210,after,AV1,11,3,0,W11,used,0.1036,False,0,,15,W11.3,Buffer only,0.0,63.192,12.51574569221628,False
AD_2026.09.24_A.AV1.11.3.oir,1,15,1198.4,1935.3,1482,0.883,388.724,398.278,31.929,5.104,2332,local,31.198,4.989,868,after,AV1,11,3,0,W11,used,0.1036,False,0,,15,W11.3,Buffer only,0.0,366.34900000000005,71.77684169278997,False
AD_2026.09.24_A.AV1.12.1.oir,1,1,1710.3,31.7,1539,0.888,218.43,286.534,31.128,5.035,1973,local,30.723,4.856,478,after,AV1,12,1,0,W12,used,0.1036,False,0,,8,W12.1,Buffer only,0.0,255.406,50.726117179741806,False
AD_2026.09.24_A.AV1.12.1.oir,1,2,210.5,482.7,1337,0.899,82.586,62.682,30.8,4.893,2247,local,30.723,4.856,157,after,AV1,12,1,0,W12,used,0.1036,False,0,,8,W12.1,Buffer only,0.0,31.882,6.515838953607195,False
AD_2026.09.24_A.AV1.12.1.oir,1,3,1534.4,743.0,1361,0.896,88.954,68.398,30.753,4.854,2269,local,30.723,4.856,150,after,AV1,12,1,0,W12,used,0.1036,False,0,,8,W12.1,Buffer only,0.0,37.644999999999996,7.755459414915532,False
AD_2026.09.24_A.AV1.12.1.oir,1,4,453.8,800.4,1536,0.894,96.853,87.541,30.734,4.94,2347,local,30.723,4.856,228,after,AV1,12,1,0,W12,used,0.1036,False,0,,8,W12.1,Buffer only,0.0,56.806999999999995,11.499392712550605,False
AD_2026.09.24_A.AV1.12.1.oir,1,5,1413.3,808.4,899,0.882,69.87,74.486,30.682,4.774,2022,local,30.723,4.856,150,after,AV1,12,1,0,W12,used,0.1036,False,0,,8,W12.1,Buffer only,0.0,43.804,9.17553414327608,False
AD_2026.09.24_A.AV1.12.1.oir,1,6,1036.9,1038.9,1230,0.889,93.982,85.88,30.531,4.892,2186,local,30.723,4.856,178,after,AV1,12,1,0,W12,used,0.1036,False,0,,8,W12.1,Buffer only,0.0,55.349,11.314186426819296,False
AD_2026.09.24_A.AV1.12.1.oir,1,7,1729.1,1300.8,1415,0.88,185.307,231.23,31.195,4.84,2305,local,30.723,4.856,401,after,AV1,12,1,0,W12,used,0.1036,False,0,,8,W12.1,Buffer only,0.0,200.035,41.32954545454545,False
AD_2026.09.24_A.AV1.12.1.oir,1,8,492.6,1478.8,1215,0.867,79.1,70.682,30.698,4.928,2208,local,30.723,4.856,129,after,AV1,12,1,0,W12,used,0.1036,False,0,,8,W12.1,Buffer only,0.0,39.984,8.113636363636363,False
AD_2026.09.24_A.AV1.12.2.oir,1,1,291.7,182.9,508,0.684,40.104,40.145,30.833,4.936,1404,local,30.704,4.839,75,after,AV1,12,2,0,W12,used,0.1036,False,0,,10,W12.2,Buffer only,0.0,9.312000000000005,1.886547811993518,False
AD_2026.09.24_A.AV1.12.2.oir,1,2,1408.4,242.0,1501,0.878,205.733,200.297,30.868,4.958,2341,local,30.704,4.839,529,after,AV1,12,2,0,W12,used,0.1036,False,0,,10,W12.2,Buffer only,0.0,169.429,34.172851956434044,False
AD_2026.09.24_A.AV1.12.2.oir,1,3,254.1,251.4,2070,0.72,83.002,73.17,31.029,4.956,2067,local,30.704,4.839,305,after,AV1,12,2,0,W12,used,0.1036,False,0,,10,W12.2,Buffer only,0.0,42.141000000000005,8.503026634382566,False
AD_2026.09.24_A.AV1.12.2.oir,1,4,1104.2,577.3,1878,0.861,109.276,92.936,30.859,4.839,2524,local,30.704,4.839,224,after,AV1,12,2,0,W12,used,0.1036,False,0,,10,W12.2,Buffer only,0.0,62.077000000000005,12.828476958049183,False
AD_2026.09.24_A.AV1.12.2.oir,1,5,122.2,1218.7,1408,0.909,145.244,178.092,30.836,4.973,2275,local,30.704,4.839,307,after,AV1,12,2,0,W12,used,0.1036,False,0,,10,W12.2,Buffer only,0.0,147.25600000000003,29.611099939674247,False
AD_2026.09.24_A.AV1.12.2.oir,1,6,831.7,1316.7,808,0.894,196.12,219.089,30.944,4.786,1956,local,30.704,4.839,383,after,AV1,12,2,0,W12,used,0.1036,False,0,,10,W12.2,Buffer only,0.0,188.145,39.3115336397827,False
AD_2026.09.24_A.AV1.12.2.oir,1,7,897.5,1362.2,1662,0.856,84.458,68.157,30.746,4.925,2434,local,30.704,4.839,149,after,AV1,12,2,0,W12,used,0.1036,False,0,,10,W12.2,Buffer only,0.0,37.411,7.596142131979696,False
AD_2026.09.24_A.AV1.12.2.oir,1,8,1758.0,1458.8,2006,0.809,32.116,32.068,30.932,4.907,2032,local,30.704,4.839,53,after,AV1,12,2,0,W12,used,0.1036,False,0,,10,W12.2,Buffer only,0.0,1.1359999999999992,0.23150601181984903,False
AD_2026.09.24_A.AV1.12.2.oir,1,9,1832.0,1750.4,1181,0.832,32.174,31.629,31.014,4.905,1866,local,30.704,4.839,50,after,AV1,12,2,0,W12,used,0.1036,False,0,,10,W12.2,Buffer only,0.0,0.615000000000002,0.1253822629969423,False
AD_2026.09.24_A.AV1.12.2.oir,1,10,913.3,1999.3,1839,0.88,67.768,51.345,30.845,4.715,2495,local,30.704,4.839,121,after,AV1,12,2,0,W12,used,0.1036,False,0,,10,W12.2,Buffer only,0.0,20.5,4.3478260869565215,False
AD_2026.09.24_A.AV1.12.3.oir,1,1,1832.3,373.8,1522,0.876,105.589,96.717,30.541,4.898,2356,local,30.502,4.827,256,after,AV1,12,3,0,W12,used,0.1036,False,0,,4,W12.3,Buffer only,0.0,66.176,13.510820743160474,False
AD_2026.09.24_A.AV1.12.3.oir,1,2,162.2,565.8,1271,0.871,143.85,155.842,30.854,4.767,2239,local,30.502,4.827,299,after,AV1,12,3,0,W12,used,0.1036,False,0,,4,W12.3,Buffer only,0.0,124.98800000000001,26.21942521501993,False
AD_2026.09.24_A.AV1.12.3.oir,1,3,1403.1,658.1,1625,0.889,118.359,114.102,30.683,4.901,2387,local,30.502,4.827,260,after,AV1,12,3,0,W12,used,0.1036,False,0,,4,W12.3,Buffer only,0.0,83.41900000000001,17.02081207916752,False
AD_2026.09.24_A.AV1.12.3.oir,1,4,1938.1,1700.0,1332,0.903,83.344,68.503,30.28,4.903,2136,local,30.502,4.827,147,after,AV1,12,3,0,W12,used,0.1036,False,0,,4,W12.3,Buffer only,0.0,38.223,7.795839282072201,False
AD_2026.09.24_AP0.5W1.1_0001.oir,1,1,158.9,90.7,1561,0.891,119.712,148.569,31.135,5.824,2359,local,30.153,8.361,348,after,P0.5,1,1,1,W1,used,0.1036,False,0,,31,W1.1,Probe 0.25,0.25,117.43399999999998,20.16380494505494,False
AD_2026.09.24_AP0.5W1.1_0001.oir,1,2,1623.4,130.2,1353,0.902,2221.089,2506.501,56.57,38.092,2254,local,30.153,8.361,4095,after,P0.5,1,1,1,W1,used,0.1036,False,0,,31,W1.1,Probe 0.25,0.25,2449.931,64.31615562322797,True
AD_2026.09.24_AP0.5W1.1_0001.oir,1,3,1252.7,141.4,1011,0.888,214.565,174.45,32.122,6.321,2085,local,30.153,8.361,1016,after,P0.5,1,1,1,W1,used,0.1036,False,0,,31,W1.1,Probe 0.25,0.25,142.32799999999997,22.516690397089064,False
AD_2026.09.24_AP0.5W1.1_0001.oir,1,4,91.0,328.5,1319,0.894,1170.169,1535.383,43.727,21.959,2248,local,30.153,8.361,3421,after,P0.5,1,1,1,W1,used,0.1036,False,0,,31,W1.1,Probe 0.25,0.25,1491.656,67.92914067125096,False
AD_2026.09.24_AP0.5W1.1_0001.oir,1,5,1650.0,411.8,1381,0.891,2605.063,3152.903,66.871,46.231,2279,local,30.153,8.361,4095,after,P0.5,1,1,1,W1,used,0.1036,False,0,,31,W1.1,Probe 0.25,0.25,3086.0319999999997,66.75243883973955,True
AD_2026.09.24_AP0.5W1.1_0001.oir,1,6,35.1,411.0,1296,0.89,2552.477,3432.878,71.014,55.867,2120,local,30.153,8.361,4095,after,P0.5,1,1,1,W1,used,0.1036,False,0,,31,W1.1,Probe 0.25,0.25,3361.864,60.176204199258954,True
AD_2026.09.24_AP0.5W1.1_0001.oir,1,7,775.8,490.6,1203,0.893,2273.973,2893.684,38.817,10.524,2189,local,30.153,8.361,4095,after,P0.5,1,1,1,W1,used,0.1036,False,0,,31,W1.1,Probe 0.25,0.25,2854.867,271.27204484986703,True
AD_2026.09.24_AP0.5W1.1_0001.oir,1,8,1961.4,523.3,1819,0.886,675.114,991.891,36.413,10.913,2483,local,30.153,8.361,2752,after,P0.5,1,1,1,W1,used,0.1036,False,0,,31,W1.1,Probe 0.25,0.25,955.478,87.55410977732978,False
AD_2026.09.24_AP0.5W1.1_0001.oir,1,9,1239.4,544.6,995,0.907,3050.692,2800.851,68.87,43.742,2066,local,30.153,8.361,4095,after,P0.5,1,1,1,W1,used,0.1036,False,0,,31,W1.1,Probe 0.25,0.25,2731.981,62.456700653833856,True
AD_2026.09.24_AP0.5W1.1_0001.oir,1,10,492.7,557.8,1387,0.88,1668.011,2551.064,49.602,29.958,2289,local,30.153,8.361,4095,after,P0.5,1,1,1,W1,used,0.1036,False,0,,31,W1.1,Probe 0.25,0.25,2501.462,83.49896521797183,True
AD_2026.09.24_AP0.5W1.1_0001.oir,1,11,855.2,740.0,1217,0.907,2906.839,3479.748,76.257,50.862,2183,local,30.153,8.361,4095,after,P0.5,1,1,1,W1,used,0.1036,False,0,,31,W1.1,Probe 0.25,0.25,3403.491,66.91618497109826,True
AD_2026.09.24_AP0.5W1.1_0001.oir,1,12,1531.4,853.6,820,0.749,41.48,41.438,34.84,6.827,1311,local,30.153,8.361,69,after,P0.5,1,1,1,W1,used,0.1036,False,0,,31,W1.1,Probe 0.25,0.25,6.597999999999999,0.9664567159806648,False
AD_2026.09.24_AP0.5W1.1_0001.oir,1,13,1597.7,859.6,949,0.764,33.458,33.623,33.225,8.99,1313,local,30.153,8.361,54,after,P0.5,1,1,1,W1,used,0.1036,False,0,,31,W1.1,Probe 0.25,0.25,0.39799999999999613,0.04427141268075596,False
AD_2026.09.24_AP0.5W1.1_0001.oir,1,14,875.7,902.8,1440,0.885,156.629,170.683,31.308,5.642,2312,local,30.153,8.361,460,after,P0.5,1,1,1,W1,used,0.1036,False,0,,31,W1.1,Probe 0.25,0.25,139.375,24.703119461183977,False
AD_2026.09.24_AP0.5W1.1_0001.oir,1,15,1514.4,916.6,1385,0.843,36.675,36.616,34.357,6.535,1613,local,30.153,8.361,59,after,P0.5,1,1,1,W1,used,0.1036,False,0,,31,W1.1,Probe 0.25,0.25,2.2590000000000003,0.34567712318286153,False
AD_2026.09.24_AP0.5W1.1_0001.oir,1,16,882.6,978.0,1454,0.894,336.563,420.084,32.885,6.453,2308,local,30.153,8.361,1037,after,P0.5,1,1,1,W1,used,0.1036,False,0,,31,W1.1,Probe 0.25,0.25,387.199,60.0029443669611,False
AD_2026.09.24_AP0.5W1.1_0001.oir,1,17,102.6,1007.8,1375,0.895,187.447,207.913,31.401,5.746,2274,local,30.153,8.361,584,after,P0.5,1,1,1,W1,used,0.1036,False,0,,31,W1.1,Probe 0.25,0.25,176.512,30.719108945353288,False
AD_2026.09.24_AP0.5W1.1_0001.oir,1,18,1054.9,1018.0,1315,0.884,3269.012,3590.558,53.441,27.238,2253,local,30.153,8.361,4095,after,P0.5,1,1,1,W1,used,0.1036,False,0,,31,W1.1,Probe 0.25,0.25,3537.117,129.859644614142,True
AD_2026.09.24_AP0.5W1.1_0001.oir,1,19,1601.4,1020.0,1399,0.844,608.484,673.662,35.544,9.007,2035,local,30.153,8.361,2413,after,P0.5,1,1,1,W1,used,0.1036,False,0,,31,W1.1,Probe 0.25,0.25,638.118,70.84689685799934,False
AD_2026.09.24_AP0.5W1.1_0001.oir,1,20,180.1,1123.9,1772,0.898,1104.792,2113.414,32.986,6.623,2455,local,30.153,8.361,4095,after,P0.5,1,1,1,W1,used,0.1036,False,0,,31,W1.1,Probe 0.25,0.25,2080.4280000000003,314.12169711611057,True
AD_2026.09.24_AP0.5W1.1_0001.oir,1,21,1152.9,1125.2,1299,0.911,108.352,110.164,30.732,5.345,2217,local,30.153,8.361,261,after,P0.5,1,1,1,W1,used,0.1036,False,0,,31,W1.1,Probe 0.25,0.25,79.432,14.860991580916746,False
AD_2026.09.24_AP0.5W1.1_0001.oir,1,22,301.7,1215.8,1358,0.894,1785.996,2572.05,43.975,17.194,2261,local,30.153,8.361,4095,after,P0.5,1,1,1,W1,used,0.1036,False,0,,31,W1.1,Probe 0.25,0.25,2528.0750000000003,147.03239502151916,True
AD_2026.09.24_AP0.5W1.1_0001.oir,1,23,1693.0,1341.2,1244,0.888,1481.779,1961.17,40.302,12.608,2211,local,30.153,8.361,4095,after,P0.5,1,1,1,W1,used,0.1036,False,0,,31,W1.1,Probe 0.25,0.25,1920.8680000000002,152.35310913705584,True
AD_2026.09.24_AP0.5W1.1_0001.oir,1,24,952.3,1401.5,1101,0.905,319.172,344.336,32.329,6.133,2128,local,30.153,8.361,1112,after,P0.5,1,1,1,W1,used,0.1036,False,0,,31,W1.1,Probe 0.25,0.25,312.007,50.873471384314364,False
AD_2026.09.24_AP0.5W1.1_0001.oir,1,25,1689.0,1450.5,1097,0.87,1672.188,2300.385,39.267,12.654,2143,local,30.153,8.361,4095,after,P0.5,1,1,1,W1,used,0.1036,False,0,,31,W1.1,Probe 0.25,0.25,2261.1180000000004,178.68800379326697,True
AD_2026.09.24_AP0.5W1.1_0001.oir,1,26,578.2,1638.0,1843,0.885,150.374,213.419,31.782,6.482,2489,local,30.153,8.361,555,after,P0.5,1,1,1,W1,used,0.1036,False,0,,31,W1.1,Probe 0.25,0.25,181.637,28.021752545510644,False
AD_2026.09.24_AP0.5W1.1_0001.oir,1,27,505.2,1648.4,1241,0.893,1229.958,1770.019,40.79,14.321,2207,local,30.153,8.361,4095,after,P0.5,1,1,1,W1,used,0.1036,False,0,,31,W1.1,Probe 0.25,0.25,1729.229,120.74778297604917,True
AD_2026.09.24_AP0.5W1.1_0001.oir,1,28,1393.1,1676.8,2097,0.846,2194.11,3737.067,50.301,34.77,2628,local,30.153,8.361,4095,after,P0.5,1,1,1,W1,used,0.1036,False,0,,31,W1.1,Probe 0.25,0.25,3686.766,106.03295944779983,True
AD_2026.09.24_AP0.5W1.1_0001.oir,1,29,901.8,1717.7,1118,0.907,3242.535,3719.568,69.534,40.576,2138,local,30.153,8.361,4095,after,P0.5,1,1,1,W1,used,0.1036,False,0,,31,W1.1,Probe 0.25,0.25,3650.034,89.95549093059937,True
AD_2026.09.24_AP0.5W1.1_0001.oir,1,30,1284.0,1752.3,1648,0.889,144.601,187.885,30.725,5.385,2406,local,30.153,8.361,476,after,P0.5,1,1,1,W1,used,0.1036,False,0,,31,W1.1,Probe 0.25,0.25,157.16,29.18477251624884,False
AD_2026.09.24_AP0.5W1.1_0001.oir,1,31,1781.0,1904.4,683,0.883,511.286,414.735,33.23,6.639,1880,local,30.153,8.361,1671,after,P0.5,1,1,1,W1,used,0.1036,False,0,,31,W1.1,Probe 0.25,0.25,381.505,57.46422654014159,False
AD_2026.09.24_AP0.5W1.2.oir,1,1,253.1,65.2,1159,0.902,811.582,1116.916,35.338,8.696,2162,local,30.873,5.908,2070,after,P0.5,1,2,0,W1,used,0.1036,False,0,,28,W1.2,Probe 0.25,0.25,1081.578,124.37649494020239,False
AD_2026.09.24_AP0.5W1.2.oir,1,2,1055.5,123.1,1004,0.897,83.361,79.677,30.866,5.239,2079,local,30.873,5.908,156,after,P0.5,1,2,0,W1,used,0.1036,False,0,,28,W1.2,Probe 0.25,0.25,48.81100000000001,9.316854361519376,False
AD_2026.09.24_AP0.5W1.2.oir,1,3,618.4,232.6,903,0.851,2159.564,1413.813,51.563,14.27,1396,local,30.873,5.908,4095,after,P0.5,1,2,0,W1,used,0.1036,False,0,,28,W1.2,Probe 0.25,0.25,1362.25,95.4625087596356,True
AD_2026.09.24_AP0.5W1.2.oir,1,4,619.5,285.9,793,0.897,2614.609,3258.482,43.415,13.085,1792,local,30.873,5.908,4095,after,P0.5,1,2,0,W1,used,0.1036,False,0,,28,W1.2,Probe 0.25,0.25,3215.067,245.70630492930835,True
AD_2026.09.24_AP0.5W1.2.oir,1,5,1415.4,300.5,998,0.885,501.048,798.038,31.468,5.634,2079,local,30.873,5.908,2964,after,P0.5,1,2,0,W1,used,0.1036,False,0,,28,W1.2,Probe 0.25,0.25,766.57,136.06141285055023,False
AD_2026.09.24_AP0.5W1.2.oir,1,6,976.2,328.7,1409,0.884,1247.93,2295.178,38.503,10.552,2298,local,30.873,5.908,4095,after,P0.5,1,2,0,W1,used,0.1036,False,0,,28,W1.2,Probe 0.25,0.25,2256.6749999999997,213.86230098559514,True
AD_2026.09.24_AP0.5W1.2.oir,1,7,110.7,383.7,1245,0.888,78.546,90.625,31.298,5.564,2211,local,30.873,5.908,158,after,P0.5,1,2,0,W1,used,0.1036,False,0,,28,W1.2,Probe 0.25,0.25,59.327,10.662652767792954,False
AD_2026.09.24_AP0.5W1.2.oir,1,8,574.8,498.6,1566,0.897,308.11,519.621,34.954,9.16,2151,local,30.873,5.908,1350,after,P0.5,1,2,0,W1,used,0.1036,False,0,,28,W1.2,Probe 0.25,0.25,484.667,52.91124454148471,False
AD_2026.09.24_AP0.5W1.2.oir,1,9,646.7,504.4,746,0.813,1219.964,1666.891,37.076,10.709,1284,local,30.873,5.908,4095,after,P0.5,1,2,0,W1,used,0.1036,False,0,,28,W1.2,Probe 0.25,0.25,1629.815,152.1911476328322,True
AD_2026.09.24_AP0.5W1.2.oir,1,10,506.3,511.2,934,0.89,812.681,1255.328,35.472,9.512,2040,local,30.873,5.908,4095,after,P0.5,1,2,0,W1,used,0.1036,False,0,,28,W1.2,Probe 0.25,0.25,1219.856,128.2439024390244,True
AD_2026.09.24_AP0.5W1.2.oir,1,11,609.2,546.8,892,0.828,867.51,542.608,40.453,10.668,1214,local,30.873,5.908,2070,after,P0.5,1,2,0,W1,used,0.1036,False,0,,28,W1.2,Probe 0.25,0.25,502.155,47.071147356580425,False
AD_2026.09.24_AP0.5W1.2.oir,1,12,667.3,552.4,1039,0.791,65.654,59.872,33.912,8.562,1473,local,30.873,5.908,135,after,P0.5,1,2,0,W1,used,0.1036,False,0,,28,W1.2,Probe 0.25,0.25,25.96,3.0320018687222614,False
AD_2026.09.24_AP0.5W1.2.oir,1,13,1780.7,578.5,1317,0.893,1400.038,2479.369,34.504,6.928,2240,local,30.873,5.908,4095,after,P0.5,1,2,0,W1,used,0.1036,False,0,,28,W1.2,Probe 0.25,0.25,2444.8650000000002,352.8962182448037,True
AD_2026.09.24_AP0.5W1.2.oir,1,14,1020.2,668.6,1238,0.906,2335.183,3815.753,52.598,22.886,2087,local,30.873,5.908,4095,after,P0.5,1,2,0,W1,used,0.1036,False,0,,28,W1.2,Probe 0.25,0.25,3763.155,164.43043782224942,True
AD_2026.09.24_AP0.5W1.2.oir,1,15,1139.8,677.9,817,0.791,33.164,33.453,34.015,8.052,1354,local,30.873,5.908,51,after,P0.5,1,2,0,W1,used,0.1036,False,0,,28,W1.2,Probe 0.25,0.25,-0.5619999999999976,-0.06979632389468425,False
AD_2026.09.24_AP0.5W1.2.oir,1,16,1057.5,757.6,2144,0.79,186.193,179.978,41.971,10.469,2309,local,30.873,5.908,799,after,P0.5,1,2,0,W1,used,0.1036,False,0,,28,W1.2,Probe 0.25,0.25,138.007,13.182443404336613,False
AD_2026.09.24_AP0.5W1.2.oir,1,17,577.4,860.3,843,0.889,3065.769,3969.379,55.483,27.192,1972,local,30.873,5.908,4095,after,P0.5,1,2,0,W1,used,0.1036,False,0,,28,W1.2,Probe 0.25,0.25,3913.8959999999997,143.93556928508383,True
AD_2026.09.24_AP0.5W1.2.oir,1,18,1818.2,1070.3,1039,0.891,2666.061,3825.428,43.818,12.516,2100,local,30.873,5.908,4095,after,P0.5,1,2,0,W1,used,0.1036,False,0,,28,W1.2,Probe 0.25,0.25,3781.6099999999997,302.14205816554806,True
AD_2026.09.24_AP0.5W1.2.oir,1,19,1683.6,1072.1,1297,0.901,171.195,237.563,31.534,5.663,2233,local,30.873,5.908,455,after,P0.5,1,2,0,W1,used,0.1036,False,0,,28,W1.2,Probe 0.25,0.25,206.029,36.381599858732116,False
AD_2026.09.24_AP0.5W1.2.oir,1,20,116.0,1199.2,714,0.813,2124.808,2844.178,41.419,12.776,1425,local,30.873,5.908,4095,after,P0.5,1,2,0,W1,used,0.1036,False,0,,28,W1.2,Probe 0.25,0.25,2802.759,219.3768785222292,True
AD_2026.09.24_AP0.5W1.2.oir,1,21,136.9,1228.3,869,0.833,1018.527,1512.945,37.261,10.067,1518,local,30.873,5.908,3293,after,P0.5,1,2,0,W1,used,0.1036,False,0,,28,W1.2,Probe 0.25,0.25,1475.684,146.58627197774908,False
AD_2026.09.24_AP0.5W1.2.oir,1,22,1241.4,1400.3,866,0.904,2559.306,3686.174,52.293,25.232,1993,local,30.873,5.908,4095,after,P0.5,1,2,0,W1,used,0.1036,False,0,,28,W1.2,Probe 0.25,0.25,3633.881,144.01874603677868,True
AD_2026.09.24_AP0.5W1.2.oir,1,23,1102.9,1417.4,975,0.898,93.099,107.576,31.391,5.58,2061,local,30.873,5.908,205,after,P0.5,1,2,0,W1,used,0.1036,False,0,,28,W1.2,Probe 0.25,0.25,76.185,13.653225806451614,False
AD_2026.09.24_AP0.5W1.2.oir,1,24,42.3,1438.9,1720,0.914,2679.83,4088.96,51.073,17.579,2427,local,30.873,5.908,4095,after,P0.5,1,2,0,W1,used,0.1036,False,0,,28,W1.2,Probe 0.25,0.25,4037.887,229.6994709596678,True
AD_2026.09.24_AP0.5W1.2.oir,1,25,737.8,1512.4,1408,0.862,37.565,36.721,33.409,5.99,2312,local,30.873,5.908,58,after,P0.5,1,2,0,W1,used,0.1036,False,0,,28,W1.2,Probe 0.25,0.25,3.3119999999999976,0.5529215358931548,False
AD_2026.09.24_AP0.5W1.2.oir,1,26,1617.9,1650.5,1397,0.894,1415.867,2518.191,44.653,21.026,2278,local,30.873,5.908,4095,after,P0.5,1,2,0,W1,used,0.1036,False,0,,28,W1.2,Probe 0.25,0.25,2473.538,117.64187196803957,True
AD_2026.09.24_AP0.5W1.2.oir,1,27,1117.7,1696.4,1192,0.899,131.965,176.275,31.031,5.378,2174,local,30.873,5.908,453,after,P0.5,1,2,0,W1,used,0.1036,False,0,,28,W1.2,Probe 0.25,0.25,145.244,27.007065823726293,False
AD_2026.09.24_AP0.5W1.2.oir,1,28,1593.2,1769.4,1027,0.914,2677.309,3831.365,54.344,27.333,2078,local,30.873,5.908,4095,after,P0.5,1,2,0,W1,used,0.1036,False,0,,28,W1.2,Probe 0.25,0.25,3777.0209999999997,138.18538030951598,True
AD_2026.09.24_AP0.5W1.3.oir,1,1,1235.2,28.1,922,0.764,42.407,37.513,30.25,5.373,811,local,32.96,77.521,82,after,P0.5,1,3,0,W1,used,0.1036,False,0,,31,W1.3,Probe 0.25,0.25,7.262999999999998,1.3517587939698488,False
AD_2026.09.24_AP0.5W1.3.oir,1,2,1836.3,50.1,1052,0.855,90.581,72.907,35.787,6.689,1575,local,32.96,77.521,176,after,P0.5,1,3,0,W1,used,0.1036,False,0,,31,W1.3,Probe 0.25,0.25,37.12,5.54940947824787,False
AD_2026.09.24_AP0.5W1.3.oir,1,3,792.4,183.0,1809,0.771,32.836,32.593,31.715,5.504,1990,local,32.96,77.521,56,after,P0.5,1,3,0,W1,used,0.1036,False,0,,31,W1.3,Probe 0.25,0.25,0.8780000000000037,0.15952034883720997,False
AD_2026.09.24_AP0.5W1.3.oir,1,4,845.7,186.8,1683,0.821,35.45,35.49,33.705,6.416,1409,local,32.96,77.521,67,after,P0.5,1,3,0,W1,used,0.1036,False,0,,31,W1.3,Probe 0.25,0.25,1.7850000000000037,0.2782107231920205,False
AD_2026.09.24_AP0.5W1.3.oir,1,5,895.5,204.1,1734,0.718,77.907,64.635,38.523,8.276,2085,local,32.96,77.521,148,after,P0.5,1,3,0,W1,used,0.1036,False,0,,31,W1.3,Probe 0.25,0.25,26.112000000000002,3.1551474142097633,False
AD_2026.09.24_AP0.5W1.3.oir,1,6,761.1,282.7,1388,0.797,81.9,70.511,40.824,7.922,2001,local,32.96,77.521,159,after,P0.5,1,3,0,W1,used,0.1036,False,0,,31,W1.3,Probe 0.25,0.25,29.686999999999998,3.7474122696288816,False
AD_2026.09.24_AP0.5W1.3.oir,1,7,736.5,346.8,990,0.864,91.063,78.501,39.119,8.412,2082,local,32.96,77.521,168,after,P0.5,1,3,0,W1,used,0.1036,False,0,,31,W1.3,Probe 0.25,0.25,39.382000000000005,4.6816452686638135,False
AD_2026.09.24_AP0.5W1.3.oir,1,8,1908.8,387.1,1555,0.888,168.468,226.387,30.326,5.574,2367,local,32.96,77.521,587,after,P0.5,1,3,0,W1,used,0.1036,False,0,,31,W1.3,Probe 0.25,0.25,196.061,35.174201650520274,False
AD_2026.09.24_AP0.5W1.3.oir,1,9,1715.1,482.7,1076,0.893,181.276,257.741,30.266,5.403,2122,local,32.96,77.521,495,after,P0.5,1,3,0,W1,used,0.1036,False,0,,31,W1.3,Probe 0.25,0.25,227.475,42.10161021654636,False
AD_2026.09.24_AP0.5W1.3.oir,1,10,1952.6,504.3,1021,0.896,2566.509,3860.927,37.761,10.653,2081,local,32.96,77.521,4095,after,P0.5,1,3,0,W1,used,0.1036,False,0,,31,W1.3,Probe 0.25,0.25,3823.166,358.8816295879095,True
AD_2026.09.24_AP0.5W1.3.oir,1,11,1774.8,521.7,917,0.896,1260.831,2039.627,32.746,6.701,2027,local,32.96,77.521,4095,after,P0.5,1,3,0,W1,used,0.1036,False,0,,31,W1.3,Probe 0.25,0.25,2006.8809999999999,299.48977764512756,True
AD_2026.09.24_AP0.5W1.3.oir,1,12,1041.5,608.8,995,0.895,1565.972,2580.783,37.985,10.097,2073,local,32.96,77.521,4095,after,P0.5,1,3,0,W1,used,0.1036,False,0,,31,W1.3,Probe 0.25,0.25,2542.798,251.83698128156877,True
AD_2026.09.24_AP0.5W1.3.oir,1,13,1884.6,645.0,1235,0.809,36.621,37.245,34.098,12.445,1498,local,32.96,77.521,89,after,P0.5,1,3,0,W1,used,0.1036,False,0,,31,W1.3,Probe 0.25,0.25,3.1469999999999985,0.2528726396143028,False
AD_2026.09.24_AP0.5W1.3.oir,1,14,1813.4,646.7,1099,0.737,75.013,71.469,42.503,11.144,1520,local,32.96,77.521,143,after,P0.5,1,3,0,W1,used,0.1036,False,0,,31,W1.3,Probe 0.25,0.25,28.965999999999994,2.5992462311557785,False
AD_2026.09.24_AP0.5W1.3.oir,1,15,1560.6,696.1,1833,0.816,38.279,36.853,33.358,5.888,2553,local,32.96,77.521,62,after,P0.5,1,3,0,W1,used,0.1036,False,0,,31,W1.3,Probe 0.25,0.25,3.4950000000000045,0.593580163043479,False
AD_2026.09.24_AP0.5W1.3.oir,1,16,1686.5,841.2,1034,0.899,1617.303,2720.84,37.329,10.775,2094,local,32.96,77.521,4095,after,P0.5,1,3,0,W1,used,0.1036,False,0,,31,W1.3,Probe 0.25,0.25,2683.511,249.04974477958237,True
AD_2026.09.24_AP0.5W1.3.oir,1,17,1893.8,923.2,1060,0.909,2451.608,3616.241,55.891,40.244,2103,local,32.96,77.521,4095,after,P0.5,1,3,0,W1,used,0.1036,False,0,,31,W1.3,Probe 0.25,0.25,3560.35,88.4690885597853,True
AD_2026.09.24_AP0.5W1.3.oir,1,18,188.4,975.3,2393,0.876,32.038,32.128,31.583,5.476,2722,local,32.96,77.521,56,after,P0.5,1,3,0,W1,used,0.1036,False,0,,31,W1.3,Probe 0.25,0.25,0.5450000000000017,0.09952520087655253,False
AD_2026.09.24_AP0.5W1.3.oir,1,19,1966.9,1031.7,988,0.901,2705.512,3934.319,43.195,14.95,2066,local,32.96,77.521,4095,after,P0.5,1,3,0,W1,used,0.1036,False,0,,31,W1.3,Probe 0.25,0.25,3891.124,260.27585284280934,True
AD_2026.09.24_AP0.5W1.3.oir,1,20,623.9,1048.1,1152,0.893,138.64,183.201,29.878,5.187,2161,local,32.96,77.521,354,after,P0.5,1,3,0,W1,used,0.1036,False,0,,31,W1.3,Probe 0.25,0.25,153.32299999999998,29.559090032774236,False
AD_2026.09.24_AP0.5W1.3.oir,1,21,316.1,1096.3,853,0.768,1623.788,2483.418,39.358,13.913,2067,local,32.96,77.521,4095,after,P0.5,1,3,0,W1,used,0.1036,False,0,,31,W1.3,Probe 0.25,0.25,2444.06,175.66736146050457,True
AD_2026.09.24_AP0.5W1.3.oir,1,22,1692.6,1146.9,1364,0.883,1396.477,2457.003,37.511,9.961,2279,local,32.96,77.521,4095,after,P0.5,1,3,0,W1,used,0.1036,False,0,,31,W1.3,Probe 0.25,0.25,2419.492,242.8964963357093,True
AD_2026.09.24_AP0.5W1.3.oir,1,23,1646.2,1405.7,1003,0.915,1689.781,2685.178,44.978,20.921,2053,local,32.96,77.521,4095,after,P0.5,1,3,0,W1,used,0.1036,False,0,,31,W1.3,Probe 0.25,0.25,2640.2,126.19855647435591,True
AD_2026.09.24_AP0.5W1.3.oir,1,24,1639.7,1479.4,1040,0.882,1015.973,1646.883,37.121,10.305,2093,local,32.96,77.521,4095,after,P0.5,1,3,0,W1,used,0.1036,False,0,,31,W1.3,Probe 0.25,0.25,1609.762,156.21174187287724,True
AD_2026.09.24_AP0.5W1.3.oir,1,25,1435.4,1515.0,941,0.879,323.336,415.031,36.243,9.379,2053,local,32.96,77.521,1868,after,P0.5,1,3,0,W1,used,0.1036,False,0,,31,W1.3,Probe 0.25,0.25,378.788,40.386821622774285,False
AD_2026.09.24_AP0.5W1.3.oir,1,26,1753.5,1525.1,914,0.854,275.993,360.346,320.598,833.725,1830,local,32.96,77.521,4095,after,P0.5,1,3,0,W1,used,0.1036,False,0,,31,W1.3,Probe 0.25,0.25,39.74799999999999,0.04767519265945005,True
AD_2026.09.24_AP0.5W1.3.oir,1,27,966.0,1582.9,1467,0.887,780.37,374.625,60.641,22.594,1932,local,32.96,77.521,2249,after,P0.5,1,3,0,W1,used,0.1036,False,0,,31,W1.3,Probe 0.25,0.25,313.984,13.89678675754625,False
AD_2026.09.24_AP0.5W1.3.oir,1,28,1011.8,1612.2,1265,0.876,147.278,198.833,37.15,15.088,1856,local,32.96,77.521,355,after,P0.5,1,3,0,W1,used,0.1036,False,0,,31,W1.3,Probe 0.25,0.25,161.683,10.715999469777307,False
AD_2026.09.24_AP0.5W1.3.oir,1,29,1450.3,1697.4,1144,0.899,2730.328,1564.887,57.556,23.58,2112,local,32.96,77.521,4095,after,P0.5,1,3,0,W1,used,0.1036,False,0,,31,W1.3,Probe 0.25,0.25,1507.331,63.924130619168785,True
AD_2026.09.24_AP0.5W1.3.oir,1,30,680.1,1813.1,1036,0.906,1572.404,2510.465,39.653,10.73,2088,local,32.96,77.521,4095,after,P0.5,1,3,0,W1,used,0.1036,False,0,,31,W1.3,Probe 0.25,0.25,2470.8120000000004,230.27138863000934,True
AD_2026.09.24_AP0.5W1.3.oir,1,31,152.9,1853.8,1355,0.892,2515.721,3719.929,43.403,11.962,2265,local,32.96,77.521,4095,after,P0.5,1,3,0,W1,used,0.1036,False,0,,31,W1.3,Probe 0.25,0.25,3676.5260000000003,307.3504430697208,True
AD_2026.09.24_AP0.5W2.1.oir,1,1,1137.1,483.4,959,0.874,2362.112,3411.737,42.55,8.465,2041,local,39.914,15.877,4095,after,P0.5,2,1,0,W2,used,0.1036,False,0,,6,W2.1,Probe 0.25,0.25,3369.187,398.01382161842884,True
AD_2026.09.24_AP0.5W2.1.oir,1,2,181.5,546.0,1132,0.867,2740.521,3607.819,47.805,10.222,2159,local,39.914,15.877,4095,after,P0.5,2,1,0,W2,used,0.1036,False,0,,6,W2.1,Probe 0.25,0.25,3560.014,348.26981021326554,True
AD_2026.09.24_AP0.5W2.1.oir,1,3,1982.1,637.2,1533,0.859,3017.511,3856.235,52.377,19.625,2372,local,39.914,15.877,4095,after,P0.5,2,1,0,W2,used,0.1036,False,0,,6,W2.1,Probe 0.25,0.25,3803.858,193.8271592356688,True
AD_2026.09.24_AP0.5W2.1.oir,1,4,1867.1,757.7,2072,0.774,45.481,44.871,42.15,8.385,1764,local,39.914,15.877,73,after,P0.5,2,1,0,W2,used,0.1036,False,0,,6,W2.1,Probe 0.25,0.25,2.7210000000000036,0.3245080500894459,False
AD_2026.09.24_AP0.5W2.1.oir,1,5,1229.9,1177.6,1217,0.868,2761.518,3497.328,46.803,9.531,2216,local,39.914,15.877,4095,after,P0.5,2,1,0,W2,used,0.1036,False,0,,6,W2.1,Probe 0.25,0.25,3450.525,362.03179099779663,True
AD_2026.09.24_AP0.5W2.1.oir,1,6,693.7,1679.2,1316,0.864,1238.741,1719.488,43.813,7.539,2268,local,39.914,15.877,4087,after,P0.5,2,1,0,W2,used,0.1036,False,0,,6,W2.1,Probe 0.25,0.25,1675.675,222.26754211433877,False
AD_2026.09.24_AP0.5W2.2.oir,1,1,1010.9,74.0,1151,0.896,2393.267,3388.739,65.912,64.342,2055,local,37.67,76.442,4095,after,P0.5,2,2,0,W2,used,0.1036,False,0,,18,W2.2,Probe 0.25,0.25,3322.827,51.64320350626341,True
AD_2026.09.24_AP0.5W2.2.oir,1,2,163.3,147.4,1167,0.897,1781.44,2823.04,42.221,11.89,2167,local,37.67,76.442,4095,after,P0.5,2,2,0,W2,used,0.1036,False,0,,18,W2.2,Probe 0.25,0.25,2780.819,233.87880571909167,True
AD_2026.09.24_AP0.5W2.2.oir,1,3,2017.0,151.9,1112,0.902,2867.259,3469.21,57.488,49.499,1886,local,37.67,76.442,4095,after,P0.5,2,2,0,W2,used,0.1036,False,0,,18,W2.2,Probe 0.25,0.25,3411.722,68.92506919331704,True
AD_2026.09.24_AP0.5W2.2.oir,1,4,113.7,244.2,867,0.887,2680.348,3539.323,47.003,19.378,2001,local,37.67,76.442,4095,after,P0.5,2,2,0,W2,used,0.1036,False,0,,18,W2.2,Probe 0.25,0.25,3492.3199999999997,180.22086902673132,True
AD_2026.09.24_AP0.5W2.2.oir,1,5,1084.5,517.3,1005,0.898,1841.961,2720.867,625.271,1352.581,2001,local,37.67,76.442,4095,after,P0.5,2,2,0,W2,used,0.1036,False,0,,18,W2.2,Probe 0.25,0.25,2095.5960000000005,1.5493312415300826,True
AD_2026.09.24_AP0.5W2.2.oir,1,6,950.5,605.2,1417,0.871,897.746,1505.221,40.426,9.939,2299,local,37.67,76.442,3418,after,P0.5,2,2,0,W2,used,0.1036,False,0,,18,W2.2,Probe 0.25,0.25,1464.795,147.37850890431633,False
AD_2026.09.24_AP0.5W2.2.oir,1,7,810.5,611.4,1247,0.885,353.828,546.046,36.678,6.771,2211,local,37.67,76.442,1591,after,P0.5,2,2,0,W2,used,0.1036,False,0,,18,W2.2,Probe 0.25,0.25,509.36800000000005,75.22788362132626,False
AD_2026.09.24_AP0.5W2.2.oir,1,8,428.4,784.1,934,0.89,362.011,209.324,39.456,7.545,1946,local,37.67,76.442,1493,after,P0.5,2,2,0,W2,used,0.1036,False,0,,18,W2.2,Probe 0.25,0.25,169.868,22.513982770046386,False
AD_2026.09.24_AP0.5W2.2.oir,1,9,579.8,799.6,2163,0.82,41.319,42.453,43.682,16.799,2129,local,37.67,76.442,82,after,P0.5,2,2,0,W2,used,0.1036,False,0,,18,W2.2,Probe 0.25,0.25,-1.2289999999999992,-0.07315911661408413,False
AD_2026.09.24_AP0.5W2.2.oir,1,10,657.5,834.0,1437,0.786,60.994,57.871,48.785,12.902,1511,local,37.67,76.442,130,after,P0.5,2,2,0,W2,used,0.1036,False,0,,18,W2.2,Probe 0.25,0.25,9.086000000000006,0.7042319020306934,False
AD_2026.09.24_AP0.5W2.2.oir,1,11,947.6,913.4,980,0.915,2872.002,1988.574,74.749,36.813,2052,local,37.67,76.442,4095,after,P0.5,2,2,0,W2,used,0.1036,False,0,,18,W2.2,Probe 0.25,0.25,1913.825,51.98774889305408,True
AD_2026.09.24_AP0.5W2.2.oir,1,12,1184.1,1082.7,1333,0.904,129.737,146.118,36.51,6.155,2249,local,37.67,76.442,321,after,P0.5,2,2,0,W2,used,0.1036,False,0,,18,W2.2,Probe 0.25,0.25,109.608,17.80796100731113,False
AD_2026.09.24_AP0.5W2.2.oir,1,13,1150.8,1446.6,1027,0.872,143.167,161.764,36.27,6.303,1861,local,37.67,76.442,510,after,P0.5,2,2,0,W2,used,0.1036,False,0,,18,W2.2,Probe 0.25,0.25,125.494,19.910201491353323,False
AD_2026.09.24_AP0.5W2.2.oir,1,14,84.0,1479.4,1171,0.849,1613.182,2472.548,45.697,14.226,2097,local,37.67,76.442,4095,after,P0.5,2,2,0,W2,used,0.1036,False,0,,18,W2.2,Probe 0.25,0.25,2426.8509999999997,170.59264726557004,True
AD_2026.09.24_AP0.5W2.2.oir,1,15,140.0,1798.0,1215,0.917,116.351,131.599,38.353,6.676,2184,local,37.67,76.442,240,after,P0.5,2,2,0,W2,used,0.1036,False,0,,18,W2.2,Probe 0.25,0.25,93.24599999999998,13.9673457159976,False
AD_2026.09.24_AP0.5W2.2.oir,1,16,1668.4,1810.0,989,0.721,2062.126,2425.945,44.98,17.811,2196,local,37.67,76.442,4095,after,P0.5,2,2,0,W2,used,0.1036,False,0,,18,W2.2,Probe 0.25,0.25,2380.965,133.6794677446522,True
AD_2026.09.24_AP0.5W2.2.oir,1,17,885.9,1817.2,916,0.704,2622.66,3476.0,42.623,9.543,2149,local,37.67,76.442,4095,after,P0.5,2,2,0,W2,used,0.1036,False,0,,18,W2.2,Probe 0.25,0.25,3433.377,359.77962904746937,True
AD_2026.09.24_AP0.5W2.2.oir,1,18,777.4,1929.3,1191,0.887,2084.871,3390.44,45.498,10.926,2182,local,37.67,76.442,4095,after,P0.5,2,2,0,W2,used,0.1036,False,0,,18,W2.2,Probe 0.25,0.25,3344.942,306.14515833790955,True
AD_2026.09.24_AP0.5W2.3.oir,1,1,1427.6,323.0,1400,0.896,116.771,120.766,34.502,5.965,2287,local,36.78,6.57,451,after,P0.5,2,3,0,W2,used,0.1036,False,0,,13,W2.3,Probe 0.25,0.25,86.26400000000001,14.461693210393967,False
AD_2026.09.24_AP0.5W2.3.oir,1,2,438.2,452.4,1169,0.898,2902.5,3948.536,42.71,8.446,2169,local,36.78,6.57,4095,after,P0.5,2,3,0,W2,used,0.1036,False,0,,13,W2.3,Probe 0.25,0.25,3905.826,462.44683874023207,True
AD_2026.09.24_AP0.5W2.3.oir,1,3,654.7,525.2,1286,0.898,3052.712,3959.926,44.135,9.472,2223,local,36.78,6.57,4095,after,P0.5,2,3,0,W2,used,0.1036,False,0,,13,W2.3,Probe 0.25,0.25,3915.7909999999997,413.40698902027026,True
AD_2026.09.24_AP0.5W2.3.oir,1,4,1386.6,940.4,2051,0.898,1945.143,2494.859,40.547,7.329,2568,local,36.78,6.57,4095,after,P0.5,2,3,0,W2,used,0.1036,False,0,,13,W2.3,Probe 0.25,0.25,2454.312,334.87679083094554,True
AD_2026.09.24_AP0.5W2.3.oir,1,5,879.2,1042.8,1248,0.91,568.071,868.256,37.082,6.448,2199,local,36.78,6.57,2959,after,P0.5,2,3,0,W2,used,0.1036,False,0,,13,W2.3,Probe 0.25,0.25,831.174,128.9041563275434,False
AD_2026.09.24_AP0.5W2.3.oir,1,6,580.6,1157.8,1264,0.897,260.343,358.25,36.929,6.398,2219,local,36.78,6.57,952,after,P0.5,2,3,0,W2,used,0.1036,False,0,,13,W2.3,Probe 0.25,0.25,321.321,50.22210065645515,False
AD_2026.09.24_AP0.5W2.3.oir,1,7,1222.8,1180.6,1274,0.904,180.003,211.599,36.398,6.385,2209,local,36.78,6.57,540,after,P0.5,2,3,0,W2,used,0.1036,False,0,,13,W2.3,Probe 0.25,0.25,175.201,27.439467501957715,False
AD_2026.09.24_AP0.5W2.3.oir,1,8,978.8,1503.1,1032,0.897,2226.601,3291.431,40.187,7.224,2091,local,36.78,6.57,4095,after,P0.5,2,3,0,W2,used,0.1036,False,0,,13,W2.3,Probe 0.25,0.25,3251.244,450.0614617940199,True
AD_2026.09.24_AP0.5W2.3.oir,1,9,1380.5,1679.4,2249,0.893,2374.219,584.308,53.82,12.256,2659,local,36.78,6.57,4095,after,P0.5,2,3,0,W2,used,0.1036,False,0,,13,W2.3,Probe 0.25,0.25,530.4879999999999,43.28394255874673,True
AD_2026.09.24_AP0.5W2.3.oir,1,10,1093.2,1704.7,1186,0.887,229.849,314.966,37.637,6.482,2184,local,36.78,6.57,792,after,P0.5,2,3,0,W2,used,0.1036,False,0,,13,W2.3,Probe 0.25,0.25,277.329,42.78448009873496,False
AD_2026.09.24_AP0.5W2.3.oir,1,11,427.2,1739.5,1386,0.891,2320.69,2970.336,43.756,8.178,2282,local,36.78,6.57,4095,after,P0.5,2,3,0,W2,used,0.1036,False,0,,13,W2.3,Probe 0.25,0.25,2926.58,357.860112496943,True
AD_2026.09.24_AP0.5W2.3.oir,1,12,1530.2,1780.9,984,0.894,2482.032,3535.302,40.547,7.356,2066,local,36.78,6.57,4095,after,P0.5,2,3,0,W2,used,0.1036,False,0,,13,W2.3,Probe 0.25,0.25,3494.755,475.0890429581294,True
AD_2026.09.24_AP0.5W2.3.oir,1,13,678.3,1801.1,1562,0.896,206.134,261.353,38.985,6.729,2363,local,36.78,6.57,729,after,P0.5,2,3,0,W2,used,0.1036,False,0,,13,W2.3,Probe 0.25,0.25,222.368,33.04621786298112,False
AD_2026.09.24_AP0.5W3.1.oir,1,1,427.7,131.1,1093,0.89,2433.722,3712.771,47.817,11.304,2131,local,44.198,73.721,4095,after,P0.5,3,1,0,W3,used,0.1036,False,0,,33,W3.1,Probe 0.25,0.25,3664.954,324.2174451521585,True
AD_2026.09.24_AP0.5W3.1.oir,1,2,844.0,162.1,818,0.905,3004.78,3972.391,58.857,30.054,1961,local,44.198,73.721,4095,after,P0.5,3,1,0,W3,used,0.1036,False,0,,33,W3.1,Probe 0.25,0.25,3913.534,130.2167431955813,True
AD_2026.09.24_AP0.5W3.1.oir,1,3,1014.0,171.6,1077,0.894,273.521,388.004,38.457,6.661,2122,local,44.198,73.721,889,after,P0.5,3,1,0,W3,used,0.1036,False,0,,33,W3.1,Probe 0.25,0.25,349.547,52.47665515688336,False
AD_2026.09.24_AP0.5W3.1.oir,1,4,1316.6,261.0,1008,0.894,4094.746,4095.0,82.193,36.955,2075,local,44.198,73.721,4095,after,P0.5,3,1,0,W3,used,0.1036,False,0,,33,W3.1,Probe 0.25,0.25,4012.807,108.58630767149235,True
AD_2026.09.24_AP0.5W3.1.oir,1,5,881.1,436.0,1159,0.818,1720.781,1828.701,52.6,18.197,1660,local,44.198,73.721,4095,after,P0.5,3,1,0,W3,used,0.1036,False,0,,33,W3.1,Probe 0.25,0.25,1776.101,97.60405561356269,True
AD_2026.09.24_AP0.5W3.1.oir,1,6,45.2,454.2,1327,0.895,876.121,1519.002,43.42,7.702,2250,local,44.198,73.721,4095,after,P0.5,3,1,0,W3,used,0.1036,False,0,,33,W3.1,Probe 0.25,0.25,1475.5819999999999,191.58426382757725,True
AD_2026.09.24_AP0.5W3.1.oir,1,7,842.1,452.9,983,0.846,2274.517,3055.439,49.903,12.003,1582,local,44.198,73.721,4095,after,P0.5,3,1,0,W3,used,0.1036,False,0,,33,W3.1,Probe 0.25,0.25,3005.536,250.39873364992084,True
AD_2026.09.24_AP0.5W3.1.oir,1,8,1051.4,474.3,657,0.917,3661.909,4089.321,75.637,49.941,1849,local,44.198,73.721,4095,after,P0.5,3,1,0,W3,used,0.1036,False,0,,33,W3.1,Probe 0.25,0.25,4013.6839999999997,80.36851484752006,True
AD_2026.09.24_AP0.5W3.1.oir,1,9,1915.0,485.3,1987,0.884,67.229,70.147,55.196,28.177,2116,local,44.198,73.721,178,after,P0.5,3,1,0,W3,used,0.1036,False,0,,33,W3.1,Probe 0.25,0.25,14.951000000000008,0.5306100720445757,False
AD_2026.09.24_AP0.5W3.1.oir,1,10,1766.7,498.0,1952,0.846,58.952,56.268,48.264,8.652,2572,local,44.198,73.721,100,after,P0.5,3,1,0,W3,used,0.1036,False,0,,33,W3.1,Probe 0.25,0.25,8.003999999999998,0.9251040221914006,False
AD_2026.09.24_AP0.5W3.1.oir,1,11,1863.9,491.0,985,0.868,2163.771,1279.312,85.996,42.018,1578,local,44.198,73.721,4095,after,P0.5,3,1,0,W3,used,0.1036,False,0,,33,W3.1,Probe 0.25,0.25,1193.3159999999998,28.40011423675567,True
AD_2026.09.24_AP0.5W3.1.oir,1,12,1632.8,606.5,919,0.889,2513.893,3546.669,60.031,28.655,2031,local,44.198,73.721,4095,after,P0.5,3,1,0,W3,used,0.1036,False,0,,33,W3.1,Probe 0.25,0.25,3486.638,121.67642645262606,True
AD_2026.09.24_AP0.5W3.1.oir,1,13,1418.2,648.2,961,0.885,2450.001,3547.395,64.189,30.619,2052,local,44.198,73.721,4095,after,P0.5,3,1,0,W3,used,0.1036,False,0,,33,W3.1,Probe 0.25,0.25,3483.206,113.75962637577975,True
AD_2026.09.24_AP0.5W3.1.oir,1,14,1398.2,722.0,704,0.904,2012.224,1157.968,64.48,22.351,1882,local,44.198,73.721,4095,after,P0.5,3,1,0,W3,used,0.1036,False,0,,33,W3.1,Probe 0.25,0.25,1093.488,48.92344861527449,True
AD_2026.09.24_AP0.5W3.1.oir,1,15,1857.1,750.5,1190,0.895,231.161,344.606,40.772,7.033,2175,local,44.198,73.721,682,after,P0.5,3,1,0,W3,used,0.1036,False,0,,33,W3.1,Probe 0.25,0.25,303.834,43.20119436940139,False
AD_2026.09.24_AP0.5W3.1.oir,1,16,1399.2,784.3,865,0.893,107.691,120.832,45.86,15.186,1990,local,44.198,73.721,259,after,P0.5,3,1,0,W3,used,0.1036,False,0,,33,W3.1,Probe 0.25,0.25,74.972,4.936915580139602,False
AD_2026.09.24_AP0.5W3.1.oir,1,17,1102.7,847.7,1030,0.883,1605.47,2616.986,49.305,12.207,2099,local,44.198,73.721,4095,after,P0.5,3,1,0,W3,used,0.1036,False,0,,33,W3.1,Probe 0.25,0.25,2567.681,210.34496600311297,True
AD_2026.09.24_AP0.5W3.1.oir,1,18,777.7,1076.6,1366,0.892,315.44,492.238,43.481,7.461,2272,local,44.198,73.721,903,after,P0.5,3,1,0,W3,used,0.1036,False,0,,33,W3.1,Probe 0.25,0.25,448.757,60.14703122905777,False
AD_2026.09.24_AP0.5W3.1.oir,1,19,1497.4,1140.6,738,0.911,4074.022,4061.255,63.143,19.809,1896,local,44.198,73.721,4095,after,P0.5,3,1,0,W3,used,0.1036,False,0,,33,W3.1,Probe 0.25,0.25,3998.112,201.8331061638649,True
AD_2026.09.24_AP0.5W3.1.oir,1,20,1114.0,1232.2,754,0.825,2310.085,3089.133,55.737,34.3,1961,local,44.198,73.721,4095,after,P0.5,3,1,0,W3,used,0.1036,False,0,,33,W3.1,Probe 0.25,0.25,3033.3959999999997,88.43720116618076,True
AD_2026.09.24_AP0.5W3.1.oir,1,21,1869.3,1263.8,2143,0.867,58.49,55.656,51.051,11.675,2453,local,44.198,73.721,100,after,P0.5,3,1,0,W3,used,0.1036,False,0,,33,W3.1,Probe 0.25,0.25,4.604999999999997,0.3944325481798712,False
AD_2026.09.24_AP0.5W3.1.oir,1,22,1927.8,1351.5,2242,0.844,53.383,52.802,48.461,8.641,2269,local,44.198,73.721,88,after,P0.5,3,1,0,W3,used,0.1036,False,0,,33,W3.1,Probe 0.25,0.25,4.341000000000001,0.5023724106006251,False
AD_2026.09.24_AP0.5W3.1.oir,1,23,299.1,1350.7,1301,0.904,1322.782,2302.168,48.821,8.92,2236,local,44.198,73.721,4095,after,P0.5,3,1,0,W3,used,0.1036,False,0,,33,W3.1,Probe 0.25,0.25,2253.347,252.6173766816144,True
AD_2026.09.24_AP0.5W3.1.oir,1,24,950.3,1396.1,1922,0.907,376.464,573.293,44.874,7.602,2514,local,44.198,73.721,1422,after,P0.5,3,1,0,W3,used,0.1036,False,0,,33,W3.1,Probe 0.25,0.25,528.419,69.51052354643514,False
AD_2026.09.24_AP0.5W3.1.oir,1,25,1868.0,1434.0,1665,0.77,62.637,60.348,50.476,8.556,1866,local,44.198,73.721,99,after,P0.5,3,1,0,W3,used,0.1036,False,0,,33,W3.1,Probe 0.25,0.25,9.872,1.1538101916783545,False
AD_2026.09.24_AP0.5W3.1.oir,1,26,1450.4,1495.0,1642,0.87,61.25,59.368,51.042,8.454,2156,local,44.198,73.721,95,after,P0.5,3,1,0,W3,used,0.1036,False,0,,33,W3.1,Probe 0.25,0.25,8.326,0.9848592382304234,False
AD_2026.09.24_AP0.5W3.1.oir,1,27,1350.8,1511.9,1516,0.886,2285.171,3731.103,54.574,14.193,2348,local,44.198,73.721,4095,after,P0.5,3,1,0,W3,used,0.1036,False,0,,33,W3.1,Probe 0.25,0.25,3676.529,259.0381878390756,True
AD_2026.09.24_AP0.5W3.1.oir,1,28,256.6,1714.6,672,0.835,1861.833,2426.533,69.056,94.802,1887,local,44.198,73.721,4095,after,P0.5,3,1,0,W3,used,0.1036,False,0,,33,W3.1,Probe 0.25,0.25,2357.477,24.86737621569165,True
AD_2026.09.24_AP0.5W3.1.oir,1,29,226.1,1869.8,800,0.885,824.76,1147.315,51.642,9.356,1955,local,44.198,73.721,3757,after,P0.5,3,1,0,W3,used,0.1036,False,0,,33,W3.1,Probe 0.25,0.25,1095.673,117.10912783240701,False
AD_2026.09.24_AP0.5W3.1.oir,1,30,1781.2,1928.8,1981,0.81,46.101,46.054,44.964,7.649,2314,local,44.198,73.721,72,after,P0.5,3,1,0,W3,used,0.1036,False,0,,33,W3.1,Probe 0.25,0.25,1.0900000000000034,0.14250228788076919,False
AD_2026.09.24_AP0.5W3.1.oir,1,31,1071.3,1957.4,811,0.884,2217.835,3133.261,54.799,15.237,1965,local,44.198,73.721,4095,after,P0.5,3,1,0,W3,used,0.1036,False,0,,33,W3.1,Probe 0.25,0.25,3078.462,202.0385902736759,True
AD_2026.09.24_AP0.5W3.1.oir,1,32,1309.7,2004.3,1004,0.887,187.8,250.525,45.172,7.644,2084,local,44.198,73.721,574,after,P0.5,3,1,0,W3,used,0.1036,False,0,,33,W3.1,Probe 0.25,0.25,205.353,26.864599686028257,False
AD_2026.09.24_AP0.5W3.1.oir,1,33,979.4,2016.3,813,0.886,185.428,239.554,45.126,7.605,1873,local,44.198,73.721,462,after,P0.5,3,1,0,W3,used,0.1036,False,0,,33,W3.1,Probe 0.25,0.25,194.428,25.565811965811964,False
AD_2026.09.24_AP0.5W3.2.oir,1,1,1858.3,50.8,1025,0.909,3554.347,4095.0,54.122,13.714,2080,local,45.306,35.841,4095,after,P0.5,3,2,0,W3,used,0.1036,False,0,,17,W3.2,Probe 0.25,0.25,4040.878,294.6534927810996,True
AD_2026.09.24_AP0.5W3.2.oir,1,2,1655.4,88.6,928,0.885,667.653,998.832,41.876,7.819,1995,local,45.306,35.841,2740,after,P0.5,3,2,0,W3,used,0.1036,False,0,,17,W3.2,Probe 0.25,0.25,956.956,122.38854073410923,False
AD_2026.09.24_AP0.5W3.2.oir,1,3,1717.4,482.7,1046,0.887,684.855,913.898,42.655,7.151,2102,local,45.306,35.841,2559,after,P0.5,3,2,0,W3,used,0.1036,False,0,,17,W3.2,Probe 0.25,0.25,871.243,121.8351279541323,False
AD_2026.09.24_AP0.5W3.2.oir,1,4,377.6,495.4,1436,0.886,527.504,773.514,45.379,7.896,2285,local,45.306,35.841,2486,after,P0.5,3,2,0,W3,used,0.1036,False,0,,17,W3.2,Probe 0.25,0.25,728.135,92.21567882472138,False
AD_2026.09.24_AP0.5W3.2.oir,1,5,1351.5,510.6,1321,0.891,2681.768,3607.859,48.394,10.354,2251,local,45.306,35.841,4095,after,P0.5,3,2,0,W3,used,0.1036,False,0,,17,W3.2,Probe 0.25,0.25,3559.465,343.77680123623725,True
AD_2026.09.24_AP0.5W3.2.oir,1,6,1693.2,702.6,1345,0.893,1732.813,2656.367,44.713,8.04,2264,local,45.306,35.841,4095,after,P0.5,3,2,0,W3,used,0.1036,False,0,,17,W3.2,Probe 0.25,0.25,2611.654,324.83258706467666,True
AD_2026.09.24_AP0.5W3.2.oir,1,7,173.2,700.2,1093,0.788,3962.597,4068.04,81.222,34.809,2207,local,45.306,35.841,4095,after,P0.5,3,2,0,W3,used,0.1036,False,0,,17,W3.2,Probe 0.25,0.25,3986.8179999999998,114.53411474044069,True
AD_2026.09.24_AP0.5W3.2.oir,1,8,1902.4,737.6,1539,0.899,546.233,826.05,42.883,7.422,2196,local,45.306,35.841,2022,after,P0.5,3,2,0,W3,used,0.1036,False,0,,17,W3.2,Probe 0.25,0.25,783.1669999999999,105.51967124764214,False
AD_2026.09.24_AP0.5W3.2.oir,1,9,823.3,1022.9,1447,0.865,354.167,444.188,45.536,8.45,2299,local,45.306,35.841,1849,after,P0.5,3,2,0,W3,used,0.1036,False,0,,17,W3.2,Probe 0.25,0.25,398.652,47.177751479289945,False
AD_2026.09.24_AP0.5W3.2.oir,1,10,830.7,1116.1,1410,0.877,3460.538,2814.765,69.97,27.33,2219,local,45.306,35.841,4095,after,P0.5,3,2,0,W3,used,0.1036,False,0,,17,W3.2,Probe 0.25,0.25,2744.795,100.43157702158801,True
AD_2026.09.24_AP0.5W3.2.oir,1,11,155.7,1120.0,947,0.89,3655.039,3867.104,59.474,13.53,2046,local,45.306,35.841,4095,after,P0.5,3,2,0,W3,used,0.1036,False,0,,17,W3.2,Probe 0.25,0.25,3807.6299999999997,281.42128603104214,True
AD_2026.09.24_AP0.5W3.2.oir,1,12,1162.2,1207.2,1283,0.881,612.379,939.995,44.546,7.53,2240,local,45.306,35.841,2606,after,P0.5,3,2,0,W3,used,0.1036,False,0,,17,W3.2,Probe 0.25,0.25,895.449,118.91752988047807,False
AD_2026.09.24_AP0.5W3.2.oir,1,13,656.5,1607.7,1297,0.875,524.578,731.424,47.96,7.869,2248,local,45.306,35.841,1946,after,P0.5,3,2,0,W3,used,0.1036,False,0,,17,W3.2,Probe 0.25,0.25,683.4639999999999,86.85525479730588,False
AD_2026.09.24_AP0.5W3.2.oir,1,14,1904.0,1640.4,1793,0.836,3443.123,3800.633,62.683,20.82,2354,local,45.306,35.841,4095,after,P0.5,3,2,0,W3,used,0.1036,False,0,,17,W3.2,Probe 0.25,0.25,3737.95,179.53650336215176,True
AD_2026.09.24_AP0.5W3.2.oir,1,15,535.9,1686.8,1242,0.878,2245.657,1210.489,57.106,13.112,2209,local,45.306,35.841,4095,after,P0.5,3,2,0,W3,used,0.1036,False,0,,17,W3.2,Probe 0.25,0.25,1153.383,87.96392617449665,True
AD_2026.09.24_AP0.5W3.2.oir,1,16,1904.5,1738.7,1456,0.881,480.198,703.615,44.889,7.391,2322,local,45.306,35.841,2126,after,P0.5,3,2,0,W3,used,0.1036,False,0,,17,W3.2,Probe 0.25,0.25,658.726,89.12542281152753,False
AD_2026.09.24_AP0.5W3.2.oir,1,17,1742.5,2017.1,1301,0.876,124.801,136.776,45.918,7.919,1592,local,45.306,35.841,352,after,P0.5,3,2,0,W3,used,0.1036,False,0,,17,W3.2,Probe 0.25,0.25,90.858,11.473418360904155,False
AD_2026.09.24_AP0.5W3.3.oir,1,1,1290.5,86.9,1398,0.895,2984.691,4093.755,58.25,23.28,1584,local,36.351,75.462,4095,after,P0.5,3,3,0,W3,used,0.1036,False,0,,28,W3.3,Probe 0.25,0.25,4035.505,173.34643470790377,True
AD_2026.09.24_AP0.5W3.3.oir,1,2,1300.4,133.7,792,0.856,2267.091,2957.016,52.724,21.978,1085,local,36.351,75.462,4095,after,P0.5,3,3,0,W3,used,0.1036,False,0,,28,W3.3,Probe 0.25,0.25,2904.292,132.14541814541812,True
AD_2026.09.24_AP0.5W3.3.oir,1,3,1312.0,172.1,1068,0.857,2784.105,3889.888,48.77,18.637,1647,local,36.351,75.462,4095,after,P0.5,3,3,0,W3,used,0.1036,False,0,,28,W3.3,Probe 0.25,0.25,3841.118,206.10173311155228,True
AD_2026.09.24_AP0.5W3.3.oir,1,4,1611.9,249.6,1061,0.905,316.144,434.898,34.097,6.077,2094,local,36.351,75.462,1291,after,P0.5,3,3,0,W3,used,0.1036,False,0,,28,W3.3,Probe 0.25,0.25,400.80100000000004,65.95376007898635,False
AD_2026.09.24_AP0.5W3.3.oir,1,5,1461.7,334.0,1215,0.897,2569.509,3932.043,47.206,16.737,2193,local,36.351,75.462,4095,after,P0.5,3,3,0,W3,used,0.1036,False,0,,28,W3.3,Probe 0.25,0.25,3884.837,232.11071279201772,True
AD_2026.09.24_AP0.5W3.3.oir,1,6,965.2,335.0,1085,0.884,2486.934,3844.167,48.298,17.662,2129,local,36.351,75.462,4095,after,P0.5,3,3,0,W3,used,0.1036,False,0,,28,W3.3,Probe 0.25,0.25,3795.8689999999997,214.91728003623598,True
AD_2026.09.24_AP0.5W3.3.oir,1,7,1631.6,414.4,1005,0.891,3891.253,4095.0,72.725,46.8,2079,local,36.351,75.462,4095,after,P0.5,3,3,0,W3,used,0.1036,False,0,,28,W3.3,Probe 0.25,0.25,4022.275,85.94604700854701,True
AD_2026.09.24_AP0.5W3.3.oir,1,8,2016.4,531.1,1167,0.885,3214.712,4091.722,58.472,28.132,1950,local,36.351,75.462,4095,after,P0.5,3,3,0,W3,used,0.1036,False,0,,28,W3.3,Probe 0.25,0.25,4033.25,143.3687615526802,True
AD_2026.09.24_AP0.5W3.3.oir,1,9,1795.5,579.2,1802,0.77,38.53,38.15,38.259,8.266,1887,local,36.351,75.462,64,after,P0.5,3,3,0,W3,used,0.1036,False,0,,28,W3.3,Probe 0.25,0.25,-0.10900000000000176,-0.013186547302202003,False
AD_2026.09.24_AP0.5W3.3.oir,1,10,389.3,616.9,1122,0.902,1805.085,2991.195,41.184,10.163,2136,local,36.351,75.462,4095,after,P0.5,3,3,0,W3,used,0.1036,False,0,,28,W3.3,Probe 0.25,0.25,2950.011,290.26970382760993,True
AD_2026.09.24_AP0.5W3.3.oir,1,11,1546.9,618.3,1442,0.908,1260.792,2315.544,39.862,9.496,2300,local,36.351,75.462,4095,after,P0.5,3,3,0,W3,used,0.1036,False,0,,28,W3.3,Probe 0.25,0.25,2275.682,239.64637742207242,True
AD_2026.09.24_AP0.5W3.3.oir,1,12,1723.0,626.3,1329,0.799,52.354,50.813,39.579,7.155,1636,local,36.351,75.462,85,after,P0.5,3,3,0,W3,used,0.1036,False,0,,28,W3.3,Probe 0.25,0.25,11.234000000000002,1.570090845562544,False
AD_2026.09.24_AP0.5W3.3.oir,1,13,1838.0,669.6,897,0.788,2304.259,1727.112,87.903,37.257,1108,local,36.351,75.462,4095,after,P0.5,3,3,0,W3,used,0.1036,False,0,,28,W3.3,Probe 0.25,0.25,1639.209,43.99734278122232,True
AD_2026.09.24_AP0.5W3.3.oir,1,14,1832.8,714.6,1226,0.894,53.963,53.458,43.873,15.841,1737,local,36.351,75.462,99,after,P0.5,3,3,0,W3,used,0.1036,False,0,,28,W3.3,Probe 0.25,0.25,9.585,0.6050754371567453,False
AD_2026.09.24_AP0.5W3.3.oir,1,15,1983.4,831.1,1093,0.88,2667.822,3774.317,47.408,16.522,1643,local,36.351,75.462,4095,after,P0.5,3,3,0,W3,used,0.1036,False,0,,28,W3.3,Probe 0.25,0.25,3726.909,225.57250938143085,True
AD_2026.09.24_AP0.5W3.3.oir,1,16,1939.9,832.9,1240,0.903,159.699,210.708,36.633,11.586,1704,local,36.351,75.462,577,after,P0.5,3,3,0,W3,used,0.1036,False,0,,28,W3.3,Probe 0.25,0.25,174.075,15.024598653547383,False
AD_2026.09.24_AP0.5W3.3.oir,1,17,1004.2,868.2,614,0.737,35.386,35.306,34.932,6.283,983,local,36.351,75.462,69,after,P0.5,3,3,0,W3,used,0.1036,False,0,,28,W3.3,Probe 0.25,0.25,0.3739999999999952,0.05952570428139348,False
AD_2026.09.24_AP0.5W3.3.oir,1,18,556.5,915.4,1227,0.898,927.074,1595.84,37.894,7.474,2193,local,36.351,75.462,4095,after,P0.5,3,3,0,W3,used,0.1036,False,0,,28,W3.3,Probe 0.25,0.25,1557.946,208.44875568637943,True
AD_2026.09.24_AP0.5W3.3.oir,1,19,463.6,922.8,1104,0.891,1450.89,2408.994,42.209,11.156,2137,local,36.351,75.462,4095,after,P0.5,3,3,0,W3,used,0.1036,False,0,,28,W3.3,Probe 0.25,0.25,2366.7850000000003,212.15354965937613,True
AD_2026.09.24_AP0.5W3.3.oir,1,20,289.5,1216.0,2022,0.806,35.826,35.904,35.479,6.099,1116,local,36.351,75.462,59,after,P0.5,3,3,0,W3,used,0.1036,False,0,,28,W3.3,Probe 0.25,0.25,0.42500000000000426,0.06968355468109595,False
AD_2026.09.24_AP0.5W3.3.oir,1,21,1868.2,1222.8,999,0.902,2403.818,3708.934,44.132,13.444,2066,local,36.351,75.462,4095,after,P0.5,3,3,0,W3,used,0.1036,False,0,,28,W3.3,Probe 0.25,0.25,3664.802,272.5975900029753,True
AD_2026.09.24_AP0.5W3.3.oir,1,22,371.0,1471.4,835,0.914,218.278,287.441,35.215,6.283,1969,local,36.351,75.462,736,after,P0.5,3,3,0,W3,used,0.1036,False,0,,28,W3.3,Probe 0.25,0.25,252.22599999999997,40.14419863122711,False
AD_2026.09.24_AP0.5W3.3.oir,1,23,177.6,1600.7,876,0.9,120.532,148.41,36.32,6.094,1999,local,36.351,75.462,275,after,P0.5,3,3,0,W3,used,0.1036,False,0,,28,W3.3,Probe 0.25,0.25,112.09,18.39350180505415,False
AD_2026.09.24_AP0.5W3.3.oir,1,24,268.8,1612.3,943,0.912,3335.376,2645.419,67.55,26.29,1997,local,36.351,75.462,4095,after,P0.5,3,3,0,W3,used,0.1036,False,0,,28,W3.3,Probe 0.25,0.25,2577.8689999999997,98.05511601369341,True
AD_2026.09.24_AP0.5W3.3.oir,1,25,1634.7,1622.4,1102,0.881,276.014,422.142,34.78,6.256,2135,local,36.351,75.462,945,after,P0.5,3,3,0,W3,used,0.1036,False,0,,28,W3.3,Probe 0.25,0.25,387.36199999999997,61.918478260869556,False
AD_2026.09.24_AP0.5W3.3.oir,1,26,1358.5,1639.0,907,0.899,124.466,152.795,35.33,6.375,2019,local,36.351,75.462,274,after,P0.5,3,3,0,W3,used,0.1036,False,0,,28,W3.3,Probe 0.25,0.25,117.46499999999999,18.425882352941176,False
AD_2026.09.24_AP0.5W3.3.oir,1,27,1318.3,1701.2,828,0.892,2093.854,3127.913,44.688,13.837,1788,local,36.351,75.462,4095,after,P0.5,3,3,0,W3,used,0.1036,False,0,,28,W3.3,Probe 0.25,0.25,3083.225,222.82467297824672,True
AD_2026.09.24_AP0.5W3.3.oir,1,28,1032.2,1804.2,1217,0.881,2112.896,3434.366,43.429,11.087,2203,local,36.351,75.462,4095,after,P0.5,3,3,0,W3,used,0.1036,False,0,,28,W3.3,Probe 0.25,0.25,3390.937,305.84802020384234,True
AD_2026.09.24_AP0.5W4.1_0001.oir,1,1,983.8,53.8,904,0.844,119.351,130.079,41.845,6.925,2051,local,46.271,30.338,215,after,P1,4,1,1,W4,used,0.1036,False,0,,23,W4.1,Probe 0.5,0.5,88.23400000000001,12.741371841155237,False
AD_2026.09.24_AP0.5W4.1_0001.oir,1,2,1492.2,85.6,1227,0.887,296.64,418.002,42.034,7.1,2203,local,46.271,30.338,935,after,P1,4,1,1,W4,used,0.1036,False,0,,23,W4.1,Probe 0.5,0.5,375.968,52.953239436619725,False
AD_2026.09.24_AP0.5W4.1_0001.oir,1,3,1354.8,385.8,885,0.883,1771.601,2764.278,44.07,7.907,2015,local,46.271,30.338,4095,after,P1,4,1,1,W4,used,0.1036,False,0,,23,W4.1,Probe 0.5,0.5,2720.2079999999996,344.02529404325276,True
AD_2026.09.24_AP0.5W4.1_0001.oir,1,4,1094.7,504.8,969,0.826,3434.594,3580.728,65.498,31.292,1613,local,46.271,30.338,4095,after,P1,4,1,1,W4,used,0.1036,False,0,,23,W4.1,Probe 0.5,0.5,3515.23,112.33637990540713,True
AD_2026.09.24_AP0.5W4.1_0001.oir,1,5,1082.8,548.5,1374,0.822,121.976,127.216,64.53,26.235,1399,local,46.271,30.338,783,after,P1,4,1,1,W4,used,0.1036,False,0,,23,W4.1,Probe 0.5,0.5,62.68599999999999,2.3894034686487515,False
AD_2026.09.24_AP0.5W4.1_0001.oir,1,6,1016.8,557.4,2370,0.828,2141.6,1720.177,55.015,18.745,2366,local,46.271,30.338,4095,after,P1,4,1,1,W4,used,0.1036,False,0,,23,W4.1,Probe 0.5,0.5,1665.1619999999998,88.83232862096557,True
AD_2026.09.24_AP0.5W4.1_0001.oir,1,7,288.0,604.4,825,0.866,2043.393,2858.183,53.058,11.772,1978,local,46.271,30.338,4095,after,P1,4,1,1,W4,used,0.1036,False,0,,23,W4.1,Probe 0.5,0.5,2805.125,238.28788651036356,True
AD_2026.09.24_AP0.5W4.1_0001.oir,1,8,1283.4,705.8,2350,0.841,49.951,49.411,47.653,8.931,1704,local,46.271,30.338,84,after,P1,4,1,1,W4,used,0.1036,False,0,,23,W4.1,Probe 0.5,0.5,1.7580000000000027,0.19684245885119278,False
AD_2026.09.24_AP0.5W4.1_0001.oir,1,9,1226.0,721.2,2219,0.766,48.799,48.788,45.612,7.901,1416,local,46.271,30.338,83,after,P1,4,1,1,W4,used,0.1036,False,0,,23,W4.1,Probe 0.5,0.5,3.175999999999995,0.40197443361599733,False
AD_2026.09.24_AP0.5W4.1_0001.oir,1,10,1640.9,784.4,1976,0.88,70.799,66.45,54.261,11.999,2465,local,46.271,30.338,124,after,P1,4,1,1,W4,used,0.1036,False,0,,23,W4.1,Probe 0.5,0.5,12.189,1.0158346528877407,False
AD_2026.09.24_AP0.5W4.1_0001.oir,1,11,683.5,1041.5,1148,0.885,3419.458,2779.808,67.576,25.476,1972,local,46.271,30.338,4095,after,P1,4,1,1,W4,used,0.1036,False,0,,23,W4.1,Probe 0.5,0.5,2712.232,106.46223897001099,True
AD_2026.09.24_AP0.5W4.1_0001.oir,1,12,733.9,1073.5,1146,0.897,160.336,208.329,52.706,22.783,1971,local,46.271,30.338,418,after,P1,4,1,1,W4,used,0.1036,False,0,,23,W4.1,Probe 0.5,0.5,155.623,6.830663213799762,False
AD_2026.09.24_AP0.5W4.1_0001.oir,1,13,1597.4,1282.4,661,0.825,3473.75,3949.139,59.62,25.278,1896,local,46.271,30.338,4095,after,P1,4,1,1,W4,used,0.1036,False,0,,23,W4.1,Probe 0.5,0.5,3889.5190000000002,153.86972861777042,True
AD_2026.09.24_AP0.5W4.1_0001.oir,1,14,557.2,1287.3,1027,0.893,142.78,160.088,47.268,7.683,2095,local,46.271,30.338,284,after,P1,4,1,1,W4,used,0.1036,False,0,,23,W4.1,Probe 0.5,0.5,112.82,14.684368085383314,False
AD_2026.09.24_AP0.5W4.1_0001.oir,1,15,2000.5,1358.1,1296,0.883,229.398,140.579,51.013,9.794,2240,local,46.271,30.338,698,after,P1,4,1,1,W4,used,0.1036,False,0,,23,W4.1,Probe 0.5,0.5,89.566,9.144986726567286,False
AD_2026.09.24_AP0.5W4.1_0001.oir,1,16,1907.7,1398.0,2111,0.762,48.125,47.918,46.466,7.804,1912,local,46.271,30.338,76,after,P1,4,1,1,W4,used,0.1036,False,0,,23,W4.1,Probe 0.5,0.5,1.4519999999999982,0.18605843157355179,False
AD_2026.09.24_AP0.5W4.1_0001.oir,1,17,737.6,1508.3,883,0.863,1269.254,1860.357,50.547,9.689,2029,local,46.271,30.338,4095,after,P1,4,1,1,W4,used,0.1036,False,0,,23,W4.1,Probe 0.5,0.5,1809.81,186.79017442460523,True
AD_2026.09.24_AP0.5W4.1_0001.oir,1,18,1077.4,1619.0,1191,0.865,2749.097,3358.951,65.765,29.242,2200,local,46.271,30.338,4095,after,P1,4,1,1,W4,used,0.1036,False,0,,23,W4.1,Probe 0.5,0.5,3293.186,112.61835715751317,True
AD_2026.09.24_AP0.5W4.1_0001.oir,1,19,1424.6,1637.8,1245,0.881,1985.894,2854.582,52.613,10.436,2218,local,46.271,30.338,4095,after,P1,4,1,1,W4,used,0.1036,False,0,,23,W4.1,Probe 0.5,0.5,2801.969,268.49070525105407,True
AD_2026.09.24_AP0.5W4.1_0001.oir,1,20,63.7,1640.2,622,0.773,372.773,418.087,57.199,9.224,1862,local,46.271,30.338,1882,after,P1,4,1,1,W4,used,0.1036,False,0,,23,W4.1,Probe 0.5,0.5,360.888,39.124891587163916,False
AD_2026.09.24_AP0.5W4.1_0001.oir,1,21,407.6,1651.4,734,0.725,3040.048,3066.66,137.977,471.355,1979,local,46.271,30.338,4095,after,P1,4,1,1,W4,used,0.1036,False,0,,23,W4.1,Probe 0.5,0.5,2928.683,6.213327534448558,True
AD_2026.09.24_AP0.5W4.1_0001.oir,1,22,565.3,1813.8,1016,0.863,830.354,1121.457,53.122,9.004,2105,local,46.271,30.338,3681,after,P1,4,1,1,W4,used,0.1036,False,0,,23,W4.1,Probe 0.5,0.5,1068.335,118.65115504220347,False
AD_2026.09.24_AP0.5W4.1_0001.oir,1,23,39.7,1946.4,752,0.888,370.309,472.059,65.04,9.75,1928,local,46.271,30.338,993,after,P1,4,1,1,W4,used,0.1036,False,0,,23,W4.1,Probe 0.5,0.5,407.019,41.74553846153846,False
AD_2026.09.24_AP0.5W4.2_0002.oir,1,1,743.4,68.7,1317,0.896,227.615,322.988,39.048,6.445,2241,local,42.822,50.646,769,after,P1,4,2,2,W4,used,0.1036,False,0,,25,W4.2,Probe 0.5,0.5,283.94,44.055857253685026,False
AD_2026.09.24_AP0.5W4.2_0002.oir,1,2,1395.4,135.8,1196,0.899,1412.033,2375.831,42.597,8.547,2182,local,42.822,50.646,4095,after,P1,4,2,2,W4,used,0.1036,False,0,,25,W4.2,Probe 0.5,0.5,2333.234,272.988650988651,True
AD_2026.09.24_AP0.5W4.2_0002.oir,1,3,1599.0,204.5,978,0.901,1045.889,1670.371,40.357,7.075,2061,local,42.822,50.646,3936,after,P1,4,2,2,W4,used,0.1036,False,0,,25,W4.2,Probe 0.5,0.5,1630.0140000000001,230.3906713780919,False
AD_2026.09.24_AP0.5W4.2_0002.oir,1,4,938.8,604.2,1100,0.882,1811.989,2949.584,47.007,10.966,2142,local,42.822,50.646,4095,after,P1,4,2,2,W4,used,0.1036,False,0,,25,W4.2,Probe 0.5,0.5,2902.5769999999998,264.68876527448475,True
AD_2026.09.24_AP0.5W4.2_0002.oir,1,5,164.3,769.8,779,0.872,3393.372,4009.476,70.678,33.551,1944,local,42.822,50.646,4095,after,P1,4,2,2,W4,used,0.1036,False,0,,25,W4.2,Probe 0.5,0.5,3938.7980000000002,117.39733539983905,True
AD_2026.09.24_AP0.5W4.2_0002.oir,1,6,471.4,800.4,920,0.886,1841.934,2762.703,46.936,11.218,2033,local,42.822,50.646,4095,after,P1,4,2,2,W4,used,0.1036,False,0,,25,W4.2,Probe 0.5,0.5,2715.767,242.0901230165805,True
AD_2026.09.24_AP0.5W4.2_0002.oir,1,7,521.0,969.5,870,0.861,916.655,1392.487,44.43,8.276,2018,local,42.822,50.646,4028,after,P1,4,2,2,W4,used,0.1036,False,0,,25,W4.2,Probe 0.5,0.5,1348.057,162.88750604156598,False
AD_2026.09.24_AP0.5W4.2_0002.oir,1,8,342.8,1073.4,878,0.881,212.525,265.058,42.554,6.976,2011,local,42.822,50.646,561,after,P1,4,2,2,W4,used,0.1036,False,0,,25,W4.2,Probe 0.5,0.5,222.504,31.89564220183486,False
AD_2026.09.24_AP0.5W4.2_0002.oir,1,9,1111.4,1332.9,1125,0.887,655.184,1034.889,43.918,7.735,2154,local,42.822,50.646,2938,after,P1,4,2,2,W4,used,0.1036,False,0,,25,W4.2,Probe 0.5,0.5,990.9709999999999,128.11519069166127,False
AD_2026.09.24_AP0.5W4.2_0002.oir,1,10,489.6,1395.9,1656,0.783,112.217,99.942,66.416,12.411,1419,local,42.822,50.646,195,after,P1,4,2,2,W4,used,0.1036,False,0,,25,W4.2,Probe 0.5,0.5,33.525999999999996,2.701313351059544,False
AD_2026.09.24_AP0.5W4.2_0002.oir,1,11,467.4,1433.0,1136,0.791,63.927,63.687,52.367,10.622,1596,local,42.822,50.646,126,after,P1,4,2,2,W4,used,0.1036,False,0,,25,W4.2,Probe 0.5,0.5,11.32,1.065712671813218,False
AD_2026.09.24_AP0.5W4.2_0002.oir,1,12,734.0,1517.3,958,0.891,2600.898,3717.623,48.982,9.634,2046,local,42.822,50.646,4095,after,P1,4,2,2,W4,used,0.1036,False,0,,25,W4.2,Probe 0.5,0.5,3668.641,380.8014324268217,True
AD_2026.09.24_AP0.5W4.2_0002.oir,1,13,987.1,1534.4,1050,0.892,3955.911,3832.441,79.029,32.309,2105,local,42.822,50.646,4095,after,P1,4,2,2,W4,used,0.1036,False,0,,25,W4.2,Probe 0.5,0.5,3753.412,116.1723358816429,True
AD_2026.09.24_AP0.5W4.2_0002.oir,1,14,456.8,1597.4,1710,0.87,46.077,46.065,45.605,7.736,2179,local,42.822,50.646,76,after,P1,4,2,2,W4,used,0.1036,False,0,,25,W4.2,Probe 0.5,0.5,0.46000000000000085,0.05946225439503631,False
AD_2026.09.24_AP0.5W4.2_0002.oir,1,15,1048.5,1630.0,974,0.906,3048.987,3988.896,54.295,12.391,2056,local,42.822,50.646,4095,after,P1,4,2,2,W4,used,0.1036,False,0,,25,W4.2,Probe 0.5,0.5,3934.601,317.5370026632233,True
AD_2026.09.24_AP0.5W4.2_0002.oir,1,16,1692.6,1676.1,1030,0.892,1500.077,2405.886,47.599,9.018,2097,local,42.822,50.646,4095,after,P1,4,2,2,W4,used,0.1036,False,0,,25,W4.2,Probe 0.5,0.5,2358.287,261.50887114659565,True
AD_2026.09.24_AP0.5W4.2_0002.oir,1,17,1221.5,1728.9,2031,0.899,3180.782,2538.819,71.871,23.49,2560,local,42.822,50.646,4095,after,P1,4,2,2,W4,used,0.1036,False,0,,25,W4.2,Probe 0.5,0.5,2466.948,105.02120051085568,True
AD_2026.09.24_AP0.5W4.2_0002.oir,1,18,1568.6,1736.1,1111,0.881,53.343,52.173,46.882,7.787,2146,local,42.822,50.646,86,after,P1,4,2,2,W4,used,0.1036,False,0,,25,W4.2,Probe 0.5,0.5,5.291000000000004,0.6794657762938235,False
AD_2026.09.24_AP0.5W4.2_0002.oir,1,19,410.8,1803.0,584,0.736,1547.406,1808.211,86.77,243.886,940,local,42.822,50.646,4095,after,P1,4,2,2,W4,used,0.1036,False,0,,25,W4.2,Probe 0.5,0.5,1721.441,7.058383835070484,True
AD_2026.09.24_AP0.5W4.2_0002.oir,1,20,1825.0,1889.6,657,0.801,2692.307,3230.576,100.133,268.722,1878,local,42.822,50.646,4095,after,P1,4,2,2,W4,used,0.1036,False,0,,25,W4.2,Probe 0.5,0.5,3130.443,11.649373702190369,True
AD_2026.09.24_AP0.5W4.2_0002.oir,1,21,1095.8,1924.8,1031,0.905,2082.215,3276.398,52.148,10.05,2084,local,42.822,50.646,4095,after,P1,4,2,2,W4,used,0.1036,False,0,,25,W4.2,Probe 0.5,0.5,3224.25,320.820895522388,True
AD_2026.09.24_AP0.5W4.2_0002.oir,1,22,1345.5,1941.7,1152,0.893,495.991,766.022,45.675,7.425,2160,local,42.822,50.646,1877,after,P1,4,2,2,W4,used,0.1036,False,0,,25,W4.2,Probe 0.5,0.5,720.3470000000001,97.016430976431,False
AD_2026.09.24_AP0.5W4.2_0002.oir,1,23,1856.3,1974.2,1472,0.754,53.666,52.68,49.418,8.091,1088,local,42.822,50.646,110,after,P1,4,2,2,W4,used,0.1036,False,0,,25,W4.2,Probe 0.5,0.5,3.2620000000000005,0.403164009393153,False
AD_2026.09.24_AP0.5W4.2_0002.oir,1,24,189.5,1989.9,924,0.824,67.459,66.045,56.949,8.874,1504,local,42.822,50.646,104,after,P1,4,2,2,W4,used,0.1036,False,0,,25,W4.2,Probe 0.5,0.5,9.096000000000004,1.0250169033130496,False
AD_2026.09.24_AP0.5W4.2_0002.oir,1,25,492.2,2002.5,1369,0.891,3563.614,3114.258,78.138,25.838,2272,local,42.822,50.646,4095,after,P1,4,2,2,W4,used,0.1036,False,0,,25,W4.2,Probe 0.5,0.5,3036.12,117.50599891632478,True
AD_2026.09.24_AP0.5W4.3_0001.oir,1,1,1540.3,169.0,1173,0.905,109.902,134.898,35.787,6.044,2161,local,42.472,113.647,240,after,P1,4,3,1,W4,used,0.1036,False,0,,22,W4.3,Probe 0.5,0.5,99.11099999999999,16.39824619457313,False
AD_2026.09.24_AP0.5W4.3_0001.oir,1,2,1702.4,384.5,1139,0.903,1808.279,3109.937,44.354,13.14,2150,local,42.472,113.647,4095,after,P1,4,3,1,W4,used,0.1036,False,0,,22,W4.3,Probe 0.5,0.5,3065.583,233.30159817351597,True
AD_2026.09.24_AP0.5W4.3_0001.oir,1,3,1385.2,394.6,1228,0.895,204.432,127.004,43.665,9.893,1814,local,42.472,113.647,652,after,P1,4,3,1,W4,used,0.1036,False,0,,22,W4.3,Probe 0.5,0.5,83.339,8.4240371980188,False
AD_2026.09.24_AP0.5W4.3_0001.oir,1,4,557.1,435.4,887,0.894,847.851,1324.473,39.775,7.359,2008,local,42.472,113.647,3310,after,P1,4,3,1,W4,used,0.1036,False,0,,22,W4.3,Probe 0.5,0.5,1284.6979999999999,174.57507813561622,False
AD_2026.09.24_AP0.5W4.3_0001.oir,1,5,1365.2,441.7,1195,0.817,65.574,62.356,46.101,10.345,1216,local,42.472,113.647,108,after,P1,4,3,1,W4,used,0.1036,False,0,,22,W4.3,Probe 0.5,0.5,16.255000000000003,1.5712904784920252,False
AD_2026.09.24_AP0.5W4.3_0001.oir,1,6,1431.4,467.2,703,0.762,1620.686,2153.528,47.646,16.938,1370,local,42.472,113.647,4095,after,P1,4,3,1,W4,used,0.1036,False,0,,22,W4.3,Probe 0.5,0.5,2105.8819999999996,124.32884638091863,True
AD_2026.09.24_AP0.5W4.3_0001.oir,1,7,528.9,535.1,1677,0.844,213.679,178.443,52.494,15.473,1900,local,42.472,113.647,582,after,P1,4,3,1,W4,used,0.1036,False,0,,22,W4.3,Probe 0.5,0.5,125.94900000000001,8.139921152976152,False
AD_2026.09.24_AP0.5W4.3_0001.oir,1,8,547.7,577.7,1155,0.853,3399.874,2815.729,71.209,24.07,1580,local,42.472,113.647,4095,after,P1,4,3,1,W4,used,0.1036,False,0,,22,W4.3,Probe 0.5,0.5,2744.52,114.02243456584961,True
AD_2026.09.24_AP0.5W4.3_0001.oir,1,9,627.7,791.9,880,0.891,1007.194,1555.037,42.529,9.838,1999,local,42.472,113.647,3923,after,P1,4,3,1,W4,used,0.1036,False,0,,22,W4.3,Probe 0.5,0.5,1512.508,153.74141085586504,False
AD_2026.09.24_AP0.5W4.3_0001.oir,1,10,1799.1,1072.6,1272,0.892,829.432,1433.515,39.537,7.066,2224,local,42.472,113.647,3266,after,P1,4,3,1,W4,used,0.1036,False,0,,22,W4.3,Probe 0.5,0.5,1393.978,197.2796490234928,False
AD_2026.09.24_AP0.5W4.3_0001.oir,1,11,349.2,1081.5,688,0.899,321.004,421.077,39.955,6.899,1881,local,42.472,113.647,1225,after,P1,4,3,1,W4,used,0.1036,False,0,,22,W4.3,Probe 0.5,0.5,381.122,55.243078707059,False
AD_2026.09.24_AP0.5W4.3_0001.oir,1,12,605.2,1089.7,1255,0.888,157.433,216.395,38.887,6.637,2219,local,42.472,113.647,380,after,P1,4,3,1,W4,used,0.1036,False,0,,22,W4.3,Probe 0.5,0.5,177.508,26.745216212144044,False
AD_2026.09.24_AP0.5W4.3_0001.oir,1,13,503.6,1113.3,830,0.837,2909.347,3747.976,61.708,35.123,2005,local,42.472,113.647,4095,after,P1,4,3,1,W4,used,0.1036,False,0,,22,W4.3,Probe 0.5,0.5,3686.268,104.95310765025768,True
AD_2026.09.24_AP0.5W4.3_0001.oir,1,14,377.1,1333.9,852,0.881,2279.453,3193.972,52.535,21.63,1994,local,42.472,113.647,4095,after,P1,4,3,1,W4,used,0.1036,False,0,,22,W4.3,Probe 0.5,0.5,3141.4370000000004,145.23518261673604,True
AD_2026.09.24_AP0.5W4.3_0001.oir,1,15,525.5,1549.6,761,0.897,1195.139,1741.804,44.332,8.754,1922,local,42.472,113.647,4095,after,P1,4,3,1,W4,used,0.1036,False,0,,22,W4.3,Probe 0.5,0.5,1697.472,193.9081562714188,True
AD_2026.09.24_AP0.5W4.3_0001.oir,1,16,1034.5,1567.3,1036,0.901,459.011,268.656,52.11,12.351,2097,local,42.472,113.647,1216,after,P1,4,3,1,W4,used,0.1036,False,0,,22,W4.3,Probe 0.5,0.5,216.546,17.532669419480204,False
AD_2026.09.24_AP0.5W4.3_0001.oir,1,17,167.3,1625.3,1994,0.864,349.786,169.878,55.427,11.892,2069,local,42.472,113.647,1102,after,P1,4,3,1,W4,used,0.1036,False,0,,22,W4.3,Probe 0.5,0.5,114.451,9.624201143625967,False
AD_2026.09.24_AP0.5W4.3_0001.oir,1,18,1324.8,1651.8,2100,0.814,44.292,44.639,43.7,7.353,1342,local,42.472,113.647,72,after,P1,4,3,1,W4,used,0.1036,False,0,,22,W4.3,Probe 0.5,0.5,0.9390000000000001,0.127702978376173,False
AD_2026.09.24_AP0.5W4.3_0001.oir,1,19,1379.9,1724.1,1394,0.802,126.969,108.514,57.452,11.323,1542,local,42.472,113.647,233,after,P1,4,3,1,W4,used,0.1036,False,0,,22,W4.3,Probe 0.5,0.5,51.062,4.509582266183873,False
AD_2026.09.24_AP0.5W4.3_0001.oir,1,20,156.2,1746.5,1901,0.846,45.393,44.822,44.367,7.488,2032,local,42.472,113.647,75,after,P1,4,3,1,W4,used,0.1036,False,0,,22,W4.3,Probe 0.5,0.5,0.4550000000000054,0.06076388888888961,False
AD_2026.09.24_AP0.5W4.3_0001.oir,1,21,182.7,1920.1,872,0.835,2303.112,3134.835,60.435,28.564,2027,local,42.472,113.647,4095,after,P1,4,3,1,W4,used,0.1036,False,0,,22,W4.3,Probe 0.5,0.5,3074.4,107.63198431592214,True
AD_2026.09.24_AP0.5W4.3_0001.oir,1,22,1908.2,1975.1,865,0.899,1774.813,920.826,59.131,16.108,1992,local,42.472,113.647,4095,after,P1,4,3,1,W4,used,0.1036,False,0,,22,W4.3,Probe 0.5,0.5,861.695,53.49484728085424,True
AD_2026.09.24_AP1W5.1.oir,1,1,1250.3,90.3,1417,0.899,1964.986,3115.64,61.699,10.647,2293,local,71.809,43.126,4095,after,P1,5,1,0,W5,used,0.1036,False,0,,33,W5.1,Probe 0.5,0.5,3053.941,286.8358222973607,True
AD_2026.09.24_AP1W5.1.oir,1,2,395.0,108.0,907,0.907,3978.94,3939.771,90.007,22.499,1553,local,71.809,43.126,4095,after,P1,5,1,0,W5,used,0.1036,False,0,,33,W5.1,Probe 0.5,0.5,3849.764,171.10822703231256,True
AD_2026.09.24_AP1W5.1.oir,1,3,1000.4,132.1,734,0.725,378.94,465.0,71.145,91.488,1981,local,71.809,43.126,1177,after,P1,5,1,0,W5,used,0.1036,False,0,,33,W5.1,Probe 0.5,0.5,393.855,4.304990818467996,False
AD_2026.09.24_AP1W5.1.oir,1,4,394.6,149.2,942,0.906,1403.124,2090.895,76.274,17.648,1584,local,71.809,43.126,4095,after,P1,5,1,0,W5,used,0.1036,False,0,,33,W5.1,Probe 0.5,0.5,2014.621,114.15576835902085,True
AD_2026.09.24_AP1W5.1.oir,1,5,709.2,260.2,927,0.862,429.431,592.68,59.784,9.238,2050,local,71.809,43.126,1186,after,P1,5,1,0,W5,used,0.1036,False,0,,33,W5.1,Probe 0.5,0.5,532.896,57.68521324962113,False
AD_2026.09.24_AP1W5.1.oir,1,6,655.8,327.2,1411,0.903,334.086,493.515,61.452,9.153,2289,local,71.809,43.126,984,after,P1,5,1,0,W5,used,0.1036,False,0,,33,W5.1,Probe 0.5,0.5,432.063,47.20452310717797,False
AD_2026.09.24_AP1W5.1.oir,1,7,1814.3,351.3,868,0.796,318.302,233.8,60.519,12.596,898,local,71.809,43.126,772,after,P1,5,1,0,W5,used,0.1036,False,0,,33,W5.1,Probe 0.5,0.5,173.281,13.75682756430613,False
AD_2026.09.24_AP1W5.1.oir,1,8,1775.6,382.3,1905,0.851,55.218,56.734,55.441,13.311,1905,local,71.809,43.126,113,after,P1,5,1,0,W5,used,0.1036,False,0,,33,W5.1,Probe 0.5,0.5,1.2929999999999993,0.09713770565697538,False
AD_2026.09.24_AP1W5.1.oir,1,9,818.1,383.0,833,0.908,220.267,280.727,59.07,8.951,1965,local,71.809,43.126,630,after,P1,5,1,0,W5,used,0.1036,False,0,,33,W5.1,Probe 0.5,0.5,221.65699999999998,24.763378393475588,False
AD_2026.09.24_AP1W5.1.oir,1,10,1048.0,387.9,2038,0.761,67.591,67.149,64.738,9.735,2313,local,71.809,43.126,102,after,P1,5,1,0,W5,used,0.1036,False,0,,33,W5.1,Probe 0.5,0.5,2.4110000000000014,0.2476630713918851,False
AD_2026.09.24_AP1W5.1.oir,1,11,728.5,431.3,696,0.905,3584.226,4084.707,75.739,18.859,1878,local,71.809,43.126,4095,after,P1,5,1,0,W5,used,0.1036,False,0,,33,W5.1,Probe 0.5,0.5,4008.968,212.57585237817486,True
AD_2026.09.24_AP1W5.1.oir,1,12,852.9,648.3,1211,0.894,1794.846,2758.458,66.691,10.566,2191,local,71.809,43.126,4095,after,P1,5,1,0,W5,used,0.1036,False,0,,33,W5.1,Probe 0.5,0.5,2691.7670000000003,254.75742949081962,True
AD_2026.09.24_AP1W5.1.oir,1,13,1252.7,713.3,1008,0.91,341.332,477.317,63.522,9.992,2068,local,71.809,43.126,912,after,P1,5,1,0,W5,used,0.1036,False,0,,33,W5.1,Probe 0.5,0.5,413.795,41.41263010408326,False
AD_2026.09.24_AP1W5.1.oir,1,14,1304.1,943.3,605,0.887,306.074,375.473,62.645,9.584,1824,local,71.809,43.126,804,after,P1,5,1,0,W5,used,0.1036,False,0,,33,W5.1,Probe 0.5,0.5,312.82800000000003,32.640651085141904,False
AD_2026.09.24_AP1W5.1.oir,1,15,38.9,968.3,1093,0.898,266.091,338.646,78.766,10.941,2078,local,71.809,43.126,573,after,P1,5,1,0,W5,used,0.1036,False,0,,33,W5.1,Probe 0.5,0.5,259.88,23.752856228863905,False
AD_2026.09.24_AP1W5.1.oir,1,16,151.1,1021.2,2464,0.845,102.012,96.978,88.435,13.737,2331,local,71.809,43.126,159,after,P1,5,1,0,W5,used,0.1036,False,0,,33,W5.1,Probe 0.5,0.5,8.542999999999992,0.6218970663172448,False
AD_2026.09.24_AP1W5.1.oir,1,17,1726.0,1107.3,819,0.896,3998.062,4095.0,88.546,23.361,1965,local,71.809,43.126,4095,after,P1,5,1,0,W5,used,0.1036,False,0,,33,W5.1,Probe 0.5,0.5,4006.454,171.5018192714353,True
AD_2026.09.24_AP1W5.1.oir,1,18,143.0,1160.5,778,0.862,3124.64,3567.333,91.369,14.29,1668,local,71.809,43.126,4095,after,P1,5,1,0,W5,used,0.1036,False,0,,33,W5.1,Probe 0.5,0.5,3475.964,243.2445066480056,True
AD_2026.09.24_AP1W5.1.oir,1,19,603.3,1198.6,1422,0.882,113.719,107.021,88.273,12.996,2166,local,71.809,43.126,176,after,P1,5,1,0,W5,used,0.1036,False,0,,33,W5.1,Probe 0.5,0.5,18.748000000000005,1.442597722376116,False
AD_2026.09.24_AP1W5.1.oir,1,20,92.5,1220.0,1572,0.78,90.275,90.263,90.898,13.682,1748,local,71.809,43.126,131,after,P1,5,1,0,W5,used,0.1036,False,0,,33,W5.1,Probe 0.5,0.5,-0.6349999999999909,-0.04641134337085155,False
AD_2026.09.24_AP1W5.1.oir,1,21,625.3,1263.9,1565,0.886,81.69,81.029,78.704,11.536,2090,local,71.809,43.126,146,after,P1,5,1,0,W5,used,0.1036,False,0,,33,W5.1,Probe 0.5,0.5,2.325000000000003,0.2015429958391126,False
AD_2026.09.24_AP1W5.1.oir,1,22,620.7,1352.4,1526,0.823,78.179,77.432,76.765,10.86,2405,local,71.809,43.126,113,after,P1,5,1,0,W5,used,0.1036,False,0,,33,W5.1,Probe 0.5,0.5,0.6670000000000016,0.06141804788213643,False
AD_2026.09.24_AP1W5.1.oir,1,23,740.0,1349.0,996,0.895,3730.949,3864.251,95.11,20.465,2076,local,71.809,43.126,4095,after,P1,5,1,0,W5,used,0.1036,False,0,,33,W5.1,Probe 0.5,0.5,3769.141,184.17498167603225,True
AD_2026.09.24_AP1W5.1.oir,1,24,653.2,1471.2,1044,0.904,3544.332,3009.307,113.3,29.989,2091,local,71.809,43.126,4095,after,P1,5,1,0,W5,used,0.1036,False,0,,33,W5.1,Probe 0.5,0.5,2896.0069999999996,96.56897529094,True
AD_2026.09.24_AP1W5.1.oir,1,25,101.6,1581.5,2123,0.72,272.86,247.22,101.423,12.615,1886,local,71.809,43.126,923,after,P1,5,1,0,W5,used,0.1036,False,0,,33,W5.1,Probe 0.5,0.5,145.797,11.55743162901308,False
AD_2026.09.24_AP1W5.1.oir,1,26,654.2,1594.2,1106,0.769,105.307,104.636,94.28,13.785,1034,local,71.809,43.126,156,after,P1,5,1,0,W5,used,0.1036,False,0,,33,W5.1,Probe 0.5,0.5,10.355999999999995,0.7512513601741019,False
AD_2026.09.24_AP1W5.1.oir,1,27,1998.0,1605.3,1231,0.886,3855.285,3606.859,111.863,27.08,2207,local,71.809,43.126,4095,after,P1,5,1,0,W5,used,0.1036,False,0,,33,W5.1,Probe 0.5,0.5,3494.996,129.0618906942393,True
AD_2026.09.24_AP1W5.1.oir,1,28,557.0,1625.1,1894,0.729,120.805,115.933,98.743,14.273,1781,local,71.809,43.126,174,after,P1,5,1,0,W5,used,0.1036,False,0,,33,W5.1,Probe 0.5,0.5,17.190000000000012,1.2043718909829757,False
AD_2026.09.24_AP1W5.1.oir,1,29,1902.5,1629.0,1006,0.917,528.637,719.681,76.352,10.767,2057,local,71.809,43.126,1176,after,P1,5,1,0,W5,used,0.1036,False,0,,33,W5.1,Probe 0.5,0.5,643.3290000000001,59.75006965728616,False
AD_2026.09.24_AP1W5.1.oir,1,30,166.4,1652.3,2044,0.843,102.453,103.582,102.753,13.307,1956,local,71.809,43.126,151,after,P1,5,1,0,W5,used,0.1036,False,0,,33,W5.1,Probe 0.5,0.5,0.8289999999999935,0.062298038626286426,False
AD_2026.09.24_AP1W5.1.oir,1,31,208.0,1680.6,1323,0.848,104.48,103.842,101.012,13.104,1681,local,71.809,43.126,164,after,P1,5,1,0,W5,used,0.1036,False,0,,33,W5.1,Probe 0.5,0.5,2.8299999999999983,0.21596459096459084,False
AD_2026.09.24_AP1W5.1.oir,1,32,1781.2,1853.8,786,0.893,417.656,531.995,84.615,11.665,1947,local,71.809,43.126,958,after,P1,5,1,0,W5,used,0.1036,False,0,,33,W5.1,Probe 0.5,0.5,447.38,38.35233604800686,False
AD_2026.09.24_AP1W5.1.oir,1,33,1319.7,1916.2,1149,0.88,2796.755,1975.019,108.952,20.421,2165,local,71.809,43.126,4095,after,P1,5,1,0,W5,used,0.1036,False,0,,33,W5.1,Probe 0.5,0.5,1866.067,91.37980510259047,True
AD_2026.09.24_AP1W5.1_0001.oir,1,1,1969.6,98.3,2267,0.839,587.191,340.713,55.248,15.824,2233,local,47.509,73.509,3703,after,P1,5,1,1,W5,used,0.1036,False,1,,26,W5.1b,Probe 0.5,0.5,285.46500000000003,18.040002527805868,False
AD_2026.09.24_AP1W5.1_0001.oir,1,2,1919.4,113.1,1069,0.8,49.713,50.298,47.327,8.617,1657,local,47.509,73.509,114,after,P1,5,1,1,W5,used,0.1036,False,1,,26,W5.1b,Probe 0.5,0.5,2.9710000000000036,0.3447835673668334,False
AD_2026.09.24_AP1W5.1_0001.oir,1,3,1219.5,277.7,838,0.893,3250.591,4049.96,82.855,51.24,1972,local,47.509,73.509,4095,after,P1,5,1,1,W5,used,0.1036,False,1,,26,W5.1b,Probe 0.5,0.5,3967.105,77.42203356752538,True
AD_2026.09.24_AP1W5.1_0001.oir,1,4,39.2,384.2,1495,0.873,51.594,51.052,49.698,8.383,2083,local,47.509,73.509,83,after,P1,5,1,1,W5,used,0.1036,False,1,,26,W5.1b,Probe 0.5,0.5,1.3539999999999992,0.16151735655493252,False
AD_2026.09.24_AP1W5.1_0001.oir,1,5,430.1,386.3,1213,0.881,278.129,418.877,44.165,7.324,2014,local,47.509,73.509,819,after,P1,5,1,1,W5,used,0.1036,False,1,,26,W5.1b,Probe 0.5,0.5,374.712,51.16220644456581,False
AD_2026.09.24_AP1W5.1_0001.oir,1,6,98.9,457.7,793,0.736,91.267,90.541,64.892,12.377,934,local,47.509,73.509,151,after,P1,5,1,1,W5,used,0.1036,False,1,,26,W5.1b,Probe 0.5,0.5,25.649,2.0723115456087906,False
AD_2026.09.24_AP1W5.1_0001.oir,1,7,139.2,475.3,1379,0.824,82.223,79.916,57.575,11.657,1556,local,47.509,73.509,155,after,P1,5,1,1,W5,used,0.1036,False,1,,26,W5.1b,Probe 0.5,0.5,22.340999999999994,1.916530839838723,False
AD_2026.09.24_AP1W5.1_0001.oir,1,8,1462.3,614.7,939,0.918,759.262,1130.759,46.151,9.093,2025,local,47.509,73.509,2545,after,P1,5,1,1,W5,used,0.1036,False,1,,26,W5.1b,Probe 0.5,0.5,1084.608,119.27944572748267,False
AD_2026.09.24_AP1W5.1_0001.oir,1,9,1077.3,738.9,1079,0.9,260.786,369.802,45.38,7.665,2111,local,47.509,73.509,739,after,P1,5,1,1,W5,used,0.1036,False,1,,26,W5.1b,Probe 0.5,0.5,324.422,42.32511415525114,False
AD_2026.09.24_AP1W5.1_0001.oir,1,10,437.2,969.7,1083,0.825,69.109,67.524,52.226,9.981,2162,local,47.509,73.509,161,after,P1,5,1,1,W5,used,0.1036,False,1,,26,W5.1b,Probe 0.5,0.5,15.298000000000002,1.532712153090873,False
AD_2026.09.24_AP1W5.1_0001.oir,1,11,1958.0,1007.8,1062,0.911,2703.769,3828.765,61.751,24.326,2103,local,47.509,73.509,4095,after,P1,5,1,1,W5,used,0.1036,False,1,,26,W5.1b,Probe 0.5,0.5,3767.0139999999997,154.85546329030666,True
AD_2026.09.24_AP1W5.1_0001.oir,1,12,162.3,1050.4,1064,0.856,53.523,53.778,55.025,11.432,1506,local,47.509,73.509,81,after,P1,5,1,1,W5,used,0.1036,False,1,,26,W5.1b,Probe 0.5,0.5,-1.2469999999999999,-0.10907977606717983,False
AD_2026.09.24_AP1W5.1_0001.oir,1,13,1140.9,1066.4,717,0.701,48.077,47.693,48.895,8.909,1380,local,47.509,73.509,74,after,P1,5,1,1,W5,used,0.1036,False,1,,26,W5.1b,Probe 0.5,0.5,-1.2020000000000053,-0.1349197440790218,False
AD_2026.09.24_AP1W5.1_0001.oir,1,14,184.3,1093.4,1465,0.768,73.372,71.982,60.57,11.393,1225,local,47.509,73.509,113,after,P1,5,1,1,W5,used,0.1036,False,1,,26,W5.1b,Probe 0.5,0.5,11.411999999999999,1.001667690687264,False
AD_2026.09.24_AP1W5.1_0001.oir,1,15,1201.9,1096.4,1267,0.822,64.504,63.184,55.949,9.006,1557,local,47.509,73.509,100,after,P1,5,1,1,W5,used,0.1036,False,1,,26,W5.1b,Probe 0.5,0.5,7.234999999999999,0.8033533200088829,False
AD_2026.09.24_AP1W5.1_0001.oir,1,16,905.9,1151.7,1556,0.881,61.247,59.631,54.615,10.168,2368,local,47.509,73.509,101,after,P1,5,1,1,W5,used,0.1036,False,1,,26,W5.1b,Probe 0.5,0.5,5.015999999999998,0.49331235247836336,False
AD_2026.09.24_AP1W5.1_0001.oir,1,17,814.1,1194.2,1589,0.801,57.816,55.811,55.427,16.316,1948,local,47.509,73.509,169,after,P1,5,1,1,W5,used,0.1036,False,1,,26,W5.1b,Probe 0.5,0.5,0.38400000000000034,0.023535180191223363,False
AD_2026.09.24_AP1W5.1_0001.oir,1,18,1882.8,1225.4,1154,0.887,237.487,191.157,75.9,26.703,1556,local,47.509,73.509,468,after,P1,5,1,1,W5,used,0.1036,False,1,,26,W5.1b,Probe 0.5,0.5,115.257,4.31625660038198,False
AD_2026.09.24_AP1W5.1_0001.oir,1,19,1852.8,1265.1,1041,0.881,3848.185,4042.841,80.488,35.102,1723,local,47.509,73.509,4095,after,P1,5,1,1,W5,used,0.1036,False,1,,26,W5.1b,Probe 0.5,0.5,3962.353,112.88111788502081,True
AD_2026.09.24_AP1W5.1_0001.oir,1,20,1639.4,1269.1,669,0.895,3192.87,3842.974,74.605,35.474,1864,local,47.509,73.509,4095,after,P1,5,1,1,W5,used,0.1036,False,1,,26,W5.1b,Probe 0.5,0.5,3768.369,106.2290409877657,True
AD_2026.09.24_AP1W5.1_0001.oir,1,21,868.1,1290.2,1380,0.891,304.167,222.801,75.367,19.756,2281,local,47.509,73.509,644,after,P1,5,1,1,W5,used,0.1036,False,1,,26,W5.1b,Probe 0.5,0.5,147.43399999999997,7.46274549503948,False
AD_2026.09.24_AP1W5.1_0001.oir,1,22,472.8,1359.0,1209,0.849,1106.998,683.038,55.982,14.407,1685,local,47.509,73.509,3760,after,P1,5,1,1,W5,used,0.1036,False,1,,26,W5.1b,Probe 0.5,0.5,627.056,43.524397862150344,False
AD_2026.09.24_AP1W5.1_0001.oir,1,23,505.9,1386.3,996,0.82,1805.898,2675.996,58.224,16.114,1587,local,47.509,73.509,4095,after,P1,5,1,1,W5,used,0.1036,False,1,,26,W5.1b,Probe 0.5,0.5,2617.772,162.45327044805757,True
AD_2026.09.24_AP1W5.1_0001.oir,1,24,34.3,1548.9,1047,0.889,3931.492,4044.225,87.819,30.698,2020,local,47.509,73.509,4095,after,P1,5,1,1,W5,used,0.1036,False,1,,26,W5.1b,Probe 0.5,0.5,3956.406,128.8815558016809,True
AD_2026.09.24_AP1W5.1_0001.oir,1,25,563.1,1770.3,1073,0.814,385.727,336.679,129.464,33.066,1680,local,47.509,73.509,628,after,P1,5,1,1,W5,used,0.1036,False,1,,26,W5.1b,Probe 0.5,0.5,207.21499999999997,6.266709006229963,False
AD_2026.09.24_AP1W5.1_0001.oir,1,26,574.9,1812.4,584,0.78,242.795,258.631,80.272,41.554,979,local,47.509,73.509,544,after,P1,5,1,1,W5,used,0.1036,False,1,,26,W5.1b,Probe 0.5,0.5,178.35899999999998,4.292222168744284,False
AD_2026.09.24_AP1W5.2.oir,1,1,617.6,300.8,1322,0.893,319.483,493.081,43.029,7.421,2246,local,47.626,54.074,1100,after,P1,5,2,0,W5,used,0.1036,False,0,,25,W5.2,Probe 0.5,0.5,450.052,60.645735076135296,False
AD_2026.09.24_AP1W5.2.oir,1,2,1098.4,511.5,1160,0.891,88.296,81.709,53.722,10.538,2071,local,47.626,54.074,155,after,P1,5,2,0,W5,used,0.1036,False,0,,25,W5.2,Probe 0.5,0.5,27.987000000000002,2.655817043082179,False
AD_2026.09.24_AP1W5.2.oir,1,3,1992.1,559.4,1147,0.901,2867.081,4048.757,52.519,14.908,2157,local,47.626,54.074,4095,after,P1,5,2,0,W5,used,0.1036,False,0,,25,W5.2,Probe 0.5,0.5,3996.2380000000003,268.0599678025222,True
AD_2026.09.24_AP1W5.2.oir,1,4,1692.3,636.7,805,0.793,55.827,55.639,47.362,8.36,1132,local,47.626,54.074,108,after,P1,5,2,0,W5,used,0.1036,False,0,,25,W5.2,Probe 0.5,0.5,8.277000000000001,0.9900717703349284,False
AD_2026.09.24_AP1W5.2.oir,1,5,2000.1,685.5,961,0.907,3439.444,4095.0,61.656,26.39,2048,local,47.626,54.074,4095,after,P1,5,2,0,W5,used,0.1036,False,0,,25,W5.2,Probe 0.5,0.5,4033.344,152.83607427055702,True
AD_2026.09.24_AP1W5.2.oir,1,6,1670.7,739.3,1681,0.862,48.844,48.596,47.063,8.267,1629,local,47.626,54.074,74,after,P1,5,2,0,W5,used,0.1036,False,0,,25,W5.2,Probe 0.5,0.5,1.5329999999999941,0.18543607112616356,False
AD_2026.09.24_AP1W5.2.oir,1,7,742.8,946.7,1841,0.844,55.37,55.048,52.456,8.709,1661,local,47.626,54.074,92,after,P1,5,2,0,W5,used,0.1036,False,0,,25,W5.2,Probe 0.5,0.5,2.5919999999999987,0.29762314846710286,False
AD_2026.09.24_AP1W5.2.oir,1,8,538.9,962.7,1247,0.711,64.825,66.177,59.051,14.056,604,local,47.626,54.074,134,after,P1,5,2,0,W5,used,0.1036,False,0,,25,W5.2,Probe 0.5,0.5,7.126000000000005,0.5069721115537852,False
AD_2026.09.24_AP1W5.2.oir,1,9,730.3,1020.2,1450,0.834,65.297,58.355,54.809,9.351,1704,local,47.626,54.074,324,after,P1,5,2,0,W5,used,0.1036,False,0,,25,W5.2,Probe 0.5,0.5,3.5459999999999994,0.37921077959576505,False
AD_2026.09.24_AP1W5.2.oir,1,10,472.9,1030.1,1961,0.856,58.014,56.946,53.597,8.751,2099,local,47.626,54.074,100,after,P1,5,2,0,W5,used,0.1036,False,0,,25,W5.2,Probe 0.5,0.5,3.3489999999999966,0.38269912010055956,False
AD_2026.09.24_AP1W5.2.oir,1,11,1570.8,1037.0,1395,0.875,2737.867,3872.543,61.017,21.959,2301,local,47.626,54.074,4095,after,P1,5,2,0,W5,used,0.1036,False,0,,25,W5.2,Probe 0.5,0.5,3811.5260000000003,173.57466186984837,True
AD_2026.09.24_AP1W5.2.oir,1,12,1800.2,1041.1,949,0.896,298.27,404.061,44.122,7.457,2047,local,47.626,54.074,884,after,P1,5,2,0,W5,used,0.1036,False,0,,25,W5.2,Probe 0.5,0.5,359.93899999999996,48.268606678288855,False
AD_2026.09.24_AP1W5.2.oir,1,13,574.3,1081.5,1942,0.781,55.937,55.01,53.575,9.045,1075,local,47.626,54.074,91,after,P1,5,2,0,W5,used,0.1036,False,0,,25,W5.2,Probe 0.5,0.5,1.4349999999999952,0.15865118850193424,False
AD_2026.09.24_AP1W5.2.oir,1,14,934.9,1105.2,1071,0.88,2251.436,3445.54,58.782,17.648,2122,local,47.626,54.074,4095,after,P1,5,2,0,W5,used,0.1036,False,0,,25,W5.2,Probe 0.5,0.5,3386.758,191.90605167724388,True
AD_2026.09.24_AP1W5.2.oir,1,15,1014.8,1109.9,1309,0.888,181.483,144.319,64.062,15.337,2208,local,47.626,54.074,372,after,P1,5,2,0,W5,used,0.1036,False,0,,25,W5.2,Probe 0.5,0.5,80.25699999999999,5.232900828062854,False
AD_2026.09.24_AP1W5.2.oir,1,16,847.0,1320.0,935,0.865,2320.242,3406.031,57.034,14.249,2054,local,47.626,54.074,4095,after,P1,5,2,0,W5,used,0.1036,False,0,,25,W5.2,Probe 0.5,0.5,3348.997,235.03382693522352,True
AD_2026.09.24_AP1W5.2.oir,1,17,94.3,1324.2,1225,0.888,3510.786,3780.925,69.63,17.837,2204,local,47.626,54.074,4095,after,P1,5,2,0,W5,used,0.1036,False,0,,25,W5.2,Probe 0.5,0.5,3711.295,208.06721982396144,True
AD_2026.09.24_AP1W5.2.oir,1,18,1871.0,1355.4,1157,0.897,216.614,302.649,45.768,7.522,2156,local,47.626,54.074,596,after,P1,5,2,0,W5,used,0.1036,False,0,,25,W5.2,Probe 0.5,0.5,256.881,34.150624833820785,False
AD_2026.09.24_AP1W5.2.oir,1,19,1083.5,1575.7,840,0.892,3995.925,3963.857,69.191,23.501,1982,local,47.626,54.074,4095,after,P1,5,2,0,W5,used,0.1036,False,0,,25,W5.2,Probe 0.5,0.5,3894.666,165.72341602485,True
AD_2026.09.24_AP1W5.2.oir,1,20,582.3,1670.8,969,0.896,320.144,453.723,51.474,8.226,2061,local,47.626,54.074,2035,after,P1,5,2,0,W5,used,0.1036,False,0,,25,W5.2,Probe 0.5,0.5,402.249,48.89970824215901,False
AD_2026.09.24_AP1W5.2.oir,1,21,1876.2,1721.6,901,0.815,3542.415,3857.168,124.168,242.199,2046,local,47.626,54.074,4095,after,P1,5,2,0,W5,used,0.1036,False,0,,25,W5.2,Probe 0.5,0.5,3733.0,15.412945553036964,True
AD_2026.09.24_AP1W5.2.oir,1,22,843.5,1924.5,844,0.877,198.389,253.672,50.725,8.129,1984,local,47.626,54.074,584,after,P1,5,2,0,W5,used,0.1036,False,0,,25,W5.2,Probe 0.5,0.5,202.947,24.965801451593062,False
AD_2026.09.24_AP1W5.2.oir,1,23,1579.8,1950.2,969,0.739,3525.907,3850.99,144.3,396.197,2126,local,47.626,54.074,4095,after,P1,5,2,0,W5,used,0.1036,False,0,,25,W5.2,Probe 0.5,0.5,3706.6899999999996,9.35567407123224,True
AD_2026.09.24_AP1W5.2.oir,1,24,1387.1,1986.9,836,0.841,2930.48,3778.681,64.709,20.021,1578,local,47.626,54.074,4095,after,P1,5,2,0,W5,used,0.1036,False,0,,25,W5.2,Probe 0.5,0.5,3713.972,185.50382098796265,True
AD_2026.09.24_AP1W5.2.oir,1,25,917.5,1989.3,964,0.884,1533.668,2388.705,56.068,10.424,2060,local,47.626,54.074,4095,after,P1,5,2,0,W5,used,0.1036,False,0,,25,W5.2,Probe 0.5,0.5,2332.6369999999997,223.77561396776667,True
AD_2026.09.24_AP1W6.2.oir,1,1,2009.0,39.4,956,0.873,3347.892,4086.462,56.929,14.969,2013,local,49.681,39.047,4095,after,P1,6,2,0,W6,used,0.1036,False,0,,26,W6.2,Probe 0.5,0.5,4029.533,269.1918631839134,True
AD_2026.09.24_AP1W6.2.oir,1,2,1711.5,83.5,1144,0.911,248.865,345.077,43.171,7.247,2148,local,49.681,39.047,629,after,P1,6,2,0,W6,used,0.1036,False,0,,26,W6.2,Probe 0.5,0.5,301.906,41.65944528770526,False
AD_2026.09.24_AP1W6.2.oir,1,3,258.6,125.4,669,0.884,1780.834,2476.571,52.733,9.093,1870,local,49.681,39.047,4095,after,P1,6,2,0,W6,used,0.1036,False,0,,26,W6.2,Probe 0.5,0.5,2423.8379999999997,266.56087099967004,True
AD_2026.09.24_AP1W6.2.oir,1,4,143.5,293.6,985,0.873,2314.343,3334.048,57.617,11.604,2081,local,49.681,39.047,4095,after,P1,6,2,0,W6,used,0.1036,False,0,,26,W6.2,Probe 0.5,0.5,3276.4309999999996,282.3535849706997,True
AD_2026.09.24_AP1W6.2.oir,1,5,1662.6,639.7,1161,0.868,3475.486,4089.413,62.727,24.655,2185,local,49.681,39.047,4095,after,P1,6,2,0,W6,used,0.1036,False,0,,26,W6.2,Probe 0.5,0.5,4026.686,163.3212735753397,True
AD_2026.09.24_AP1W6.2.oir,1,6,516.5,740.8,1058,0.866,422.781,630.628,47.746,7.858,2126,local,49.681,39.047,1269,after,P1,6,2,0,W6,used,0.1036,False,0,,26,W6.2,Probe 0.5,0.5,582.8820000000001,74.17688979384069,False
AD_2026.09.24_AP1W6.2.oir,1,7,1141.2,773.9,982,0.871,2861.08,3879.096,59.674,17.746,2071,local,49.681,39.047,4095,after,P1,6,2,0,W6,used,0.1036,False,0,,26,W6.2,Probe 0.5,0.5,3819.422,215.2272061309591,True
AD_2026.09.24_AP1W6.2.oir,1,8,1680.7,793.6,1465,0.787,51.644,52.452,48.64,9.031,1913,local,49.681,39.047,91,after,P1,6,2,0,W6,used,0.1036,False,0,,26,W6.2,Probe 0.5,0.5,3.8119999999999976,0.4221016498726605,False
AD_2026.09.24_AP1W6.2.oir,1,9,1806.0,800.0,1061,0.872,205.958,265.915,45.149,7.698,2123,local,49.681,39.047,527,after,P1,6,2,0,W6,used,0.1036,False,0,,26,W6.2,Probe 0.5,0.5,220.76600000000002,28.67835801506885,False
AD_2026.09.24_AP1W6.2.oir,1,10,1691.7,843.7,1112,0.845,123.907,110.235,64.334,11.725,1435,local,49.681,39.047,203,after,P1,6,2,0,W6,used,0.1036,False,0,,26,W6.2,Probe 0.5,0.5,45.900999999999996,3.9147974413646054,False
AD_2026.09.24_AP1W6.2.oir,1,11,1886.6,863.5,1245,0.9,165.345,207.052,45.384,7.549,2203,local,49.681,39.047,370,after,P1,6,2,0,W6,used,0.1036,False,0,,26,W6.2,Probe 0.5,0.5,161.668,21.41581666445887,False
AD_2026.09.24_AP1W6.2.oir,1,12,1600.7,882.2,1036,0.85,45.857,45.861,45.928,7.577,2057,local,49.681,39.047,70,after,P1,6,2,0,W6,used,0.1036,False,0,,26,W6.2,Probe 0.5,0.5,-0.06700000000000017,-0.008842549821829242,False
AD_2026.09.24_AP1W6.2.oir,1,13,1693.8,911.5,1558,0.829,66.222,65.728,57.708,11.362,1563,local,49.681,39.047,107,after,P1,6,2,0,W6,used,0.1036,False,0,,26,W6.2,Probe 0.5,0.5,8.019999999999996,0.7058616440767467,False
AD_2026.09.24_AP1W6.2.oir,1,14,1737.8,909.6,1525,0.849,85.66,82.072,61.698,10.343,1671,local,49.681,39.047,145,after,P1,6,2,0,W6,used,0.1036,False,0,,26,W6.2,Probe 0.5,0.5,20.374000000000002,1.9698346707918402,False
AD_2026.09.24_AP1W6.2.oir,1,15,581.1,957.1,1014,0.89,3177.166,3969.822,67.258,28.299,2091,local,49.681,39.047,4095,after,P1,6,2,0,W6,used,0.1036,False,0,,26,W6.2,Probe 0.5,0.5,3902.5640000000003,137.90466094208278,True
AD_2026.09.24_AP1W6.2.oir,1,16,439.8,967.1,753,0.861,2941.189,3693.793,60.525,16.117,1946,local,49.681,39.047,4095,after,P1,6,2,0,W6,used,0.1036,False,0,,26,W6.2,Probe 0.5,0.5,3633.268,225.43078736737604,True
AD_2026.09.24_AP1W6.2.oir,1,17,1227.5,1183.8,1110,0.872,2608.92,3639.98,57.275,14.388,2153,local,49.681,39.047,4095,after,P1,6,2,0,W6,used,0.1036,False,0,,26,W6.2,Probe 0.5,0.5,3582.705,249.00646371976646,True
AD_2026.09.24_AP1W6.2.oir,1,18,1410.9,1301.7,1487,0.879,58.085,57.815,53.86,10.183,1254,local,49.681,39.047,90,after,P1,6,2,0,W6,used,0.1036,False,0,,26,W6.2,Probe 0.5,0.5,3.9549999999999983,0.3883924187371107,False
AD_2026.09.24_AP1W6.2.oir,1,19,1457.5,1328.8,1617,0.754,57.32,57.342,53.118,9.741,731,local,49.681,39.047,99,after,P1,6,2,0,W6,used,0.1036,False,0,,26,W6.2,Probe 0.5,0.5,4.223999999999997,0.43363104404065256,False
AD_2026.09.24_AP1W6.2.oir,1,20,1761.3,1336.2,861,0.885,3838.151,4062.925,62.369,14.132,1996,local,49.681,39.047,4095,after,P1,6,2,0,W6,used,0.1036,False,0,,26,W6.2,Probe 0.5,0.5,4000.556,283.08491367110105,True
AD_2026.09.24_AP1W6.2.oir,1,21,1521.3,1362.5,1712,0.831,50.311,50.315,50.602,8.377,2486,local,49.681,39.047,84,after,P1,6,2,0,W6,used,0.1036,False,0,,26,W6.2,Probe 0.5,0.5,-0.28699999999999903,-0.034260475110421275,False
AD_2026.09.24_AP1W6.2.oir,1,22,140.8,1367.8,1013,0.886,255.865,341.31,55.071,8.895,2090,local,49.681,39.047,612,after,P1,6,2,0,W6,used,0.1036,False,0,,26,W6.2,Probe 0.5,0.5,286.23900000000003,32.17976391231029,False
AD_2026.09.24_AP1W6.2.oir,1,23,1529.7,1526.2,1041,0.87,2536.672,3663.362,60.437,12.487,1814,local,49.681,39.047,4095,after,P1,6,2,0,W6,used,0.1036,False,0,,26,W6.2,Probe 0.5,0.5,3602.925,288.534075438456,True
AD_2026.09.24_AP1W6.2.oir,1,24,1534.9,1828.7,1088,0.832,1253.098,776.624,105.464,32.221,2026,local,49.681,39.047,3033,after,P1,6,2,0,W6,used,0.1036,False,0,,26,W6.2,Probe 0.5,0.5,671.1600000000001,20.829893547686297,False
AD_2026.09.24_AP1W6.2.oir,1,25,1977.8,1885.5,1727,0.802,55.962,56.071,55.489,8.932,1755,local,49.681,39.047,87,after,P1,6,2,0,W6,used,0.1036,False,0,,26,W6.2,Probe 0.5,0.5,0.5820000000000007,0.06515897895208247,False
AD_2026.09.24_AP1W6.2.oir,1,26,681.6,1981.2,1174,0.792,75.322,74.409,63.956,9.846,1448,local,49.681,39.047,118,after,P1,6,2,0,W6,used,0.1036,False,0,,26,W6.2,Probe 0.5,0.5,10.453000000000003,1.0616494007718873,False
AD_2026.09.24_AP1W6.3.oir,1,1,1402.0,56.9,1424,0.908,3840.379,3579.0,69.542,28.087,2255,local,39.18,31.424,4095,after,P1,6,3,0,W6,used,0.1036,False,0,,22,W6.3,Probe 0.5,0.5,3509.458,124.9495496137003,True
AD_2026.09.24_AP1W6.3.oir,1,2,669.9,144.0,1124,0.9,374.991,548.941,37.291,6.374,2143,local,39.18,31.424,1153,after,P1,6,3,0,W6,used,0.1036,False,0,,22,W6.3,Probe 0.5,0.5,511.65000000000003,80.27141512394103,False
AD_2026.09.24_AP1W6.3.oir,1,3,258.5,164.2,1140,0.896,1609.983,2603.772,40.032,7.125,2154,local,39.18,31.424,4095,after,P1,6,3,0,W6,used,0.1036,False,0,,22,W6.3,Probe 0.5,0.5,2563.74,359.8231578947368,True
AD_2026.09.24_AP1W6.3.oir,1,4,1319.6,195.1,991,0.882,4002.35,4095.0,69.736,48.532,2082,local,39.18,31.424,4095,after,P1,6,3,0,W6,used,0.1036,False,0,,22,W6.3,Probe 0.5,0.5,4025.264,82.94041045083657,True
AD_2026.09.24_AP1W6.3.oir,1,5,1125.0,475.2,1190,0.886,161.498,226.273,37.171,6.432,2188,local,39.18,31.424,498,after,P1,6,3,0,W6,used,0.1036,False,0,,22,W6.3,Probe 0.5,0.5,189.102,29.400186567164177,False
AD_2026.09.24_AP1W6.3.oir,1,6,961.7,879.1,1058,0.837,47.03,47.07,44.403,8.499,1377,local,39.18,31.424,74,after,P1,6,3,0,W6,used,0.1036,False,0,,22,W6.3,Probe 0.5,0.5,2.6670000000000016,0.31380162372043785,False
AD_2026.09.24_AP1W6.3.oir,1,7,421.2,893.0,824,0.827,39.097,38.872,39.271,6.641,663,local,39.18,31.424,68,after,P1,6,3,0,W6,used,0.1036,False,0,,22,W6.3,Probe 0.5,0.5,-0.3990000000000009,-0.060081313055262896,False
AD_2026.09.24_AP1W6.3.oir,1,8,1471.4,971.8,976,0.853,1686.403,2663.496,41.69,9.108,2088,local,39.18,31.424,4095,after,P1,6,3,0,W6,used,0.1036,False,0,,22,W6.3,Probe 0.5,0.5,2621.806,287.8574879227053,True
AD_2026.09.24_AP1W6.3.oir,1,9,1360.5,995.3,2307,0.749,465.936,262.445,63.358,16.059,2788,local,39.18,31.424,1818,after,P1,6,3,0,W6,used,0.1036,False,0,,22,W6.3,Probe 0.5,0.5,199.087,12.397222741142038,False
AD_2026.09.24_AP1W6.3.oir,1,10,1591.7,1021.3,821,0.814,2812.944,3665.104,426.721,1045.852,1732,local,39.18,31.424,4095,after,P1,6,3,0,W6,used,0.1036,False,0,,22,W6.3,Probe 0.5,0.5,3238.383,3.0964065661298155,True
AD_2026.09.24_AP1W6.3.oir,1,11,1666.5,1237.7,1424,0.893,164.409,226.841,37.952,6.547,2301,local,39.18,31.424,452,after,P1,6,3,0,W6,used,0.1036,False,0,,22,W6.3,Probe 0.5,0.5,188.889,28.851229570795788,False
AD_2026.09.24_AP1W6.3.oir,1,12,1281.6,1263.8,1189,0.853,2520.4,3411.509,60.609,31.248,1869,local,39.18,31.424,4095,after,P1,6,3,0,W6,used,0.1036,False,0,,22,W6.3,Probe 0.5,0.5,3350.9,107.23566308243727,True
AD_2026.09.24_AP1W6.3.oir,1,13,2016.3,1285.6,1303,0.851,81.842,72.199,45.179,9.086,1922,local,39.18,31.424,157,after,P1,6,3,0,W6,used,0.1036,False,0,,22,W6.3,Probe 0.5,0.5,27.019999999999996,2.9738058551617867,False
AD_2026.09.24_AP1W6.3.oir,1,14,1215.0,1325.7,908,0.869,135.663,165.946,38.764,6.675,2029,local,39.18,31.424,336,after,P1,6,3,0,W6,used,0.1036,False,0,,22,W6.3,Probe 0.5,0.5,127.18199999999999,19.053483146067414,False
AD_2026.09.24_AP1W6.3.oir,1,15,613.2,1406.2,916,0.76,2772.097,3371.33,62.98,55.634,2065,local,39.18,31.424,4095,after,P1,6,3,0,W6,used,0.1036,False,0,,22,W6.3,Probe 0.5,0.5,3308.35,59.46633353704569,True
AD_2026.09.24_AP1W6.3.oir,1,16,881.7,1508.6,1496,0.8,45.72,45.676,42.932,7.893,1816,local,39.18,31.424,71,after,P1,6,3,0,W6,used,0.1036,False,0,,22,W6.3,Probe 0.5,0.5,2.7439999999999998,0.34764981629291775,False
AD_2026.09.24_AP1W6.3.oir,1,17,917.5,1537.3,1402,0.761,62.911,72.561,50.9,15.112,857,local,39.18,31.424,342,after,P1,6,3,0,W6,used,0.1036,False,0,,22,W6.3,Probe 0.5,0.5,21.66100000000001,1.4333642138697729,False
AD_2026.09.24_AP1W6.3.oir,1,18,955.8,1536.2,753,0.723,161.531,183.45,45.821,7.76,871,local,39.18,31.424,475,after,P1,6,3,0,W6,used,0.1036,False,0,,22,W6.3,Probe 0.5,0.5,137.629,17.73569587628866,False
AD_2026.09.24_AP1W6.3.oir,1,19,1040.8,1547.5,1110,0.821,149.869,129.404,58.107,14.905,2166,local,39.18,31.424,275,after,P1,6,3,0,W6,used,0.1036,False,0,,22,W6.3,Probe 0.5,0.5,71.297,4.783428379738343,False
AD_2026.09.24_AP1W6.3.oir,1,20,866.6,1665.2,1060,0.888,3541.601,3872.613,59.393,21.215,2108,local,39.18,31.424,4095,after,P1,6,3,0,W6,used,0.1036,False,0,,22,W6.3,Probe 0.5,0.5,3813.22,179.74169219891584,True
AD_2026.09.24_AP1W6.3.oir,1,21,1176.1,1838.1,988,0.888,147.107,181.587,40.573,6.916,2068,local,39.18,31.424,524,after,P1,6,3,0,W6,used,0.1036,False,0,,22,W6.3,Probe 0.5,0.5,141.01399999999998,20.389531521110463,False
AD_2026.09.24_AP1W6.3.oir,1,22,283.7,2016.6,633,0.894,2155.107,2837.368,51.075,10.581,1801,local,39.18,31.424,4095,after,P1,6,3,0,W6,used,0.1036,False,0,,22,W6.3,Probe 0.5,0.5,2786.293,263.3298364993857,True
AD_2026.09.24_AP1W7.1.oir,1,1,1272.5,55.4,997,0.842,3443.865,3740.704,56.293,16.176,1504,local,48.039,41.531,4095,after,P2,7,1,0,W7,used,0.1036,False,0,,31,W7.1,Probe 1,1.0,3684.411,227.7702151335312,True
AD_2026.09.24_AP1W7.1.oir,1,2,1804.8,84.6,1550,0.892,249.629,369.643,44.631,7.307,2360,local,48.039,41.531,752,after,P2,7,1,0,W7,used,0.1036,False,0,,31,W7.1,Probe 1,1.0,325.01199999999994,44.479540166963176,False
AD_2026.09.24_AP1W7.1.oir,1,3,1741.1,168.4,1269,0.886,121.363,127.771,44.201,7.188,2225,local,48.039,41.531,588,after,P2,7,1,0,W7,used,0.1036,False,0,,31,W7.1,Probe 1,1.0,83.57,11.62632164718976,False
AD_2026.09.24_AP1W7.1.oir,1,4,1250.6,247.1,961,0.869,2018.734,2898.819,47.876,10.093,2021,local,48.039,41.531,4095,after,P2,7,1,0,W7,used,0.1036,False,0,,31,W7.1,Probe 1,1.0,2850.9429999999998,282.46735361141384,True
AD_2026.09.24_AP1W7.1.oir,1,5,697.0,316.2,1270,0.898,356.105,544.391,44.885,7.567,2204,local,48.039,41.531,2322,after,P2,7,1,0,W7,used,0.1036,False,0,,31,W7.1,Probe 1,1.0,499.506,66.01110083256243,False
AD_2026.09.24_AP1W7.1.oir,1,6,1221.2,337.3,1228,0.887,1652.787,2687.205,47.693,8.409,2205,local,48.039,41.531,4095,after,P2,7,1,0,W7,used,0.1036,False,0,,31,W7.1,Probe 1,1.0,2639.5119999999997,313.8913069330479,True
AD_2026.09.24_AP1W7.1.oir,1,7,628.3,398.0,1037,0.902,145.837,173.382,44.314,7.591,2096,local,48.039,41.531,356,after,P2,7,1,0,W7,used,0.1036,False,0,,31,W7.1,Probe 1,1.0,129.068,17.002766433934923,False
AD_2026.09.24_AP1W7.1.oir,1,8,1800.3,398.8,655,0.887,558.427,754.034,45.672,7.646,1855,local,48.039,41.531,3297,after,P2,7,1,0,W7,used,0.1036,False,0,,31,W7.1,Probe 1,1.0,708.362,92.64478158514255,False
AD_2026.09.24_AP1W7.1.oir,1,9,1129.7,536.4,1138,0.894,111.286,119.751,45.278,7.918,2150,local,48.039,41.531,223,after,P2,7,1,0,W7,used,0.1036,False,0,,31,W7.1,Probe 1,1.0,74.47300000000001,9.405531699924225,False
AD_2026.09.24_AP1W7.1.oir,1,10,1332.0,615.9,975,0.864,813.63,1261.094,45.413,7.724,1842,local,48.039,41.531,3069,after,P2,7,1,0,W7,used,0.1036,False,0,,31,W7.1,Probe 1,1.0,1215.681,157.39008285862246,False
AD_2026.09.24_AP1W7.1.oir,1,11,1743.8,634.1,934,0.873,1971.004,2975.004,47.814,8.051,2048,local,48.039,41.531,4095,after,P2,7,1,0,W7,used,0.1036,False,0,,31,W7.1,Probe 1,1.0,2927.19,363.5809216246429,True
AD_2026.09.24_AP1W7.1.oir,1,12,1592.5,716.8,1259,0.869,2954.798,3988.328,55.384,12.006,2232,local,48.039,41.531,4095,after,P2,7,1,0,W7,used,0.1036,False,0,,31,W7.1,Probe 1,1.0,3932.944,327.5815425620523,True
AD_2026.09.24_AP1W7.1.oir,1,13,1093.6,740.0,1053,0.891,189.154,227.89,46.465,7.959,2109,local,48.039,41.531,813,after,P2,7,1,0,W7,used,0.1036,False,0,,31,W7.1,Probe 1,1.0,181.42499999999998,22.794949114210326,False
AD_2026.09.24_AP1W7.1.oir,1,14,1741.1,749.7,1328,0.885,3244.774,3949.322,59.48,14.535,2254,local,48.039,41.531,4095,after,P2,7,1,0,W7,used,0.1036,False,0,,31,W7.1,Probe 1,1.0,3889.842,267.6189886480908,True
AD_2026.09.24_AP1W7.1.oir,1,15,1663.2,844.9,627,0.758,2763.952,3119.199,70.092,85.066,1865,local,48.039,41.531,4095,after,P2,7,1,0,W7,used,0.1036,False,0,,31,W7.1,Probe 1,1.0,3049.107,35.844015235229115,True
AD_2026.09.24_AP1W7.1.oir,1,16,1923.7,893.2,982,0.85,3059.942,3972.691,54.061,10.785,2092,local,48.039,41.531,4095,after,P2,7,1,0,W7,used,0.1036,False,0,,31,W7.1,Probe 1,1.0,3918.6299999999997,363.3407510431154,True
AD_2026.09.24_AP1W7.1.oir,1,17,1510.5,928.4,1268,0.886,187.624,241.809,47.158,7.945,2226,local,48.039,41.531,489,after,P2,7,1,0,W7,used,0.1036,False,0,,31,W7.1,Probe 1,1.0,194.651,24.499811202013845,False
AD_2026.09.24_AP1W7.1.oir,1,18,217.4,1041.9,1231,0.886,194.922,261.064,48.191,8.106,2209,local,48.039,41.531,567,after,P2,7,1,0,W7,used,0.1036,False,0,,31,W7.1,Probe 1,1.0,212.87300000000002,26.261164569454728,False
AD_2026.09.24_AP1W7.1.oir,1,19,927.5,1100.7,1391,0.887,350.211,522.421,48.443,7.97,2290,local,48.039,41.531,1356,after,P2,7,1,0,W7,used,0.1036,False,0,,31,W7.1,Probe 1,1.0,473.97800000000007,59.47026348808031,False
AD_2026.09.24_AP1W7.1.oir,1,20,1502.2,1181.6,769,0.874,3458.462,4045.908,59.55,15.674,1937,local,48.039,41.531,4095,after,P2,7,1,0,W7,used,0.1036,False,0,,31,W7.1,Probe 1,1.0,3986.3579999999997,254.32933520479776,True
AD_2026.09.24_AP1W7.1.oir,1,21,1141.0,1185.4,747,0.858,2962.539,3923.364,59.731,17.538,1499,local,48.039,41.531,4095,after,P2,7,1,0,W7,used,0.1036,False,0,,31,W7.1,Probe 1,1.0,3863.633,220.30066142091457,True
AD_2026.09.24_AP1W7.1.oir,1,22,1021.8,1205.3,896,0.867,3019.248,3930.363,58.251,12.881,2029,local,48.039,41.531,4095,after,P2,7,1,0,W7,used,0.1036,False,0,,31,W7.1,Probe 1,1.0,3872.1119999999996,300.60647465258904,True
AD_2026.09.24_AP1W7.1.oir,1,23,1124.1,1221.8,869,0.828,3659.687,4062.126,65.996,21.722,1602,local,48.039,41.531,4095,after,P2,7,1,0,W7,used,0.1036,False,0,,31,W7.1,Probe 1,1.0,3996.13,183.96694595341128,True
AD_2026.09.24_AP1W7.1.oir,1,24,574.4,1245.9,1359,0.895,190.453,246.147,48.504,8.295,2271,local,48.039,41.531,566,after,P2,7,1,0,W7,used,0.1036,False,0,,31,W7.1,Probe 1,1.0,197.643,23.826763110307414,False
AD_2026.09.24_AP1W7.1.oir,1,25,1376.6,1335.9,1071,0.869,2219.317,3447.354,52.288,9.452,2127,local,48.039,41.531,4095,after,P2,7,1,0,W7,used,0.1036,False,0,,31,W7.1,Probe 1,1.0,3395.066,359.1902242911553,True
AD_2026.09.24_AP1W7.1.oir,1,26,581.3,1338.3,999,0.882,1401.413,2252.904,52.417,8.872,1816,local,48.039,41.531,4095,after,P2,7,1,0,W7,used,0.1036,False,0,,31,W7.1,Probe 1,1.0,2200.487,248.02603697024347,True
AD_2026.09.24_AP1W7.1.oir,1,27,565.3,1391.0,1343,0.885,366.574,491.697,51.689,9.257,1997,local,48.039,41.531,1166,after,P2,7,1,0,W7,used,0.1036,False,0,,31,W7.1,Probe 1,1.0,440.008,47.532461920708656,False
AD_2026.09.24_AP1W7.1.oir,1,28,1723.1,1555.3,890,0.892,201.424,240.062,50.342,8.771,1867,local,48.039,41.531,666,after,P2,7,1,0,W7,used,0.1036,False,0,,31,W7.1,Probe 1,1.0,189.72000000000003,21.630372819518872,False
AD_2026.09.24_AP1W7.1.oir,1,29,84.3,1595.5,1981,0.885,3769.952,3324.16,115.638,66.73,2553,local,48.039,41.531,4095,after,P2,7,1,0,W7,used,0.1036,False,0,,31,W7.1,Probe 1,1.0,3208.522,48.08215195564214,True
AD_2026.09.24_AP1W7.1.oir,1,30,468.2,1642.8,999,0.889,315.152,433.335,50.208,8.028,2076,local,48.039,41.531,971,after,P2,7,1,0,W7,used,0.1036,False,0,,31,W7.1,Probe 1,1.0,383.12699999999995,47.72384155455904,False
AD_2026.09.24_AP1W7.1.oir,1,31,911.6,1804.7,1712,0.881,157.766,161.535,51.076,8.485,2446,local,48.039,41.531,428,after,P2,7,1,0,W7,used,0.1036,False,0,,31,W7.1,Probe 1,1.0,110.459,13.018149675898647,False
AD_2026.09.24_AP1W7.2.oir,1,1,1668.1,75.3,789,0.792,3309.066,3440.716,133.076,458.382,2011,local,57.858,86.051,4095,after,P2,7,2,0,W7,used,0.1036,False,0,,27,W7.2,Probe 1,1.0,3307.64,7.215902893220065,True
AD_2026.09.24_AP1W7.2.oir,1,2,363.2,112.2,1013,0.877,3546.153,3044.085,84.337,24.157,2093,local,57.858,86.051,4095,after,P2,7,2,0,W7,used,0.1036,False,0,,27,W7.2,Probe 1,1.0,2959.748,122.52133957031089,True
AD_2026.09.24_AP1W7.2.oir,1,3,1461.8,195.5,1337,0.881,2293.995,3685.869,57.453,11.591,2265,local,57.858,86.051,4095,after,P2,7,2,0,W7,used,0.1036,False,0,,27,W7.2,Probe 1,1.0,3628.416,313.03735656975243,True
AD_2026.09.24_AP1W7.2.oir,1,4,181.7,516.5,1345,0.915,3794.615,3903.516,210.592,595.476,2250,local,57.858,86.051,4095,after,P2,7,2,0,W7,used,0.1036,False,0,,27,W7.2,Probe 1,1.0,3692.924,6.201633651062344,True
AD_2026.09.24_AP1W7.2.oir,1,5,396.9,558.9,966,0.89,3977.522,3904.705,78.387,21.985,2054,local,57.858,86.051,4095,after,P2,7,2,0,W7,used,0.1036,False,0,,27,W7.2,Probe 1,1.0,3826.3179999999998,174.04221059813509,True
AD_2026.09.24_AP1W7.2.oir,1,6,43.0,674.7,896,0.881,171.253,205.694,56.39,8.798,2023,local,57.858,86.051,433,after,P2,7,2,0,W7,used,0.1036,False,0,,27,W7.2,Probe 1,1.0,149.30399999999997,16.970220504660148,False
AD_2026.09.24_AP1W7.2.oir,1,7,2000.2,840.1,687,0.889,145.033,164.78,51.229,8.493,1883,local,57.858,86.051,288,after,P2,7,2,0,W7,used,0.1036,False,0,,27,W7.2,Probe 1,1.0,113.551,13.369951724949958,False
AD_2026.09.24_AP1W7.2.oir,1,8,567.9,977.8,1141,0.879,312.78,263.118,65.23,17.976,1416,local,57.858,86.051,637,after,P2,7,2,0,W7,used,0.1036,False,0,,27,W7.2,Probe 1,1.0,197.88799999999998,11.008455718736093,False
AD_2026.09.24_AP1W7.2.oir,1,9,1737.7,1151.4,1229,0.896,283.037,390.761,57.091,9.846,2195,local,57.858,86.051,859,after,P2,7,2,0,W7,used,0.1036,False,0,,27,W7.2,Probe 1,1.0,333.67,33.88888888888889,False
AD_2026.09.24_AP1W7.2.oir,1,10,963.5,1217.5,622,0.826,3755.966,3931.011,142.751,416.228,1859,local,57.858,86.051,4095,after,P2,7,2,0,W7,used,0.1036,False,0,,27,W7.2,Probe 1,1.0,3788.2599999999998,9.101405960194892,True
AD_2026.09.24_AP1W7.2.oir,1,11,1847.2,1239.8,1020,0.725,61.435,61.165,57.363,9.999,1518,local,57.858,86.051,101,after,P2,7,2,0,W7,used,0.1036,False,0,,27,W7.2,Probe 1,1.0,3.8019999999999996,0.3802380238023802,False
AD_2026.09.24_AP1W7.2.oir,1,12,915.1,1277.5,1176,0.904,1526.776,2509.81,60.307,9.963,2172,local,57.858,86.051,4095,after,P2,7,2,0,W7,used,0.1036,False,0,,27,W7.2,Probe 1,1.0,2449.503,245.8599819331527,True
AD_2026.09.24_AP1W7.2.oir,1,13,1502.0,1289.8,834,0.913,1609.466,2375.224,59.094,10.742,1963,local,57.858,86.051,4095,after,P2,7,2,0,W7,used,0.1036,False,0,,27,W7.2,Probe 1,1.0,2316.13,215.6144107242599,True
AD_2026.09.24_AP1W7.2.oir,1,14,294.8,1298.4,897,0.895,3839.899,4095.0,84.769,22.845,2011,local,57.858,86.051,4095,after,P2,7,2,0,W7,used,0.1036,False,0,,27,W7.2,Probe 1,1.0,4010.2309999999998,175.54086233311446,True
AD_2026.09.24_AP1W7.2.oir,1,15,574.9,1334.6,1600,0.777,61.522,61.418,60.459,9.922,1647,local,57.858,86.051,104,after,P2,7,2,0,W7,used,0.1036,False,0,,27,W7.2,Probe 1,1.0,0.9589999999999961,0.09665390042330135,False
AD_2026.09.24_AP1W7.2.oir,1,16,266.5,1489.6,1005,0.891,3332.78,3908.022,77.186,16.051,2076,local,57.858,86.051,4095,after,P2,7,2,0,W7,used,0.1036,False,0,,27,W7.2,Probe 1,1.0,3830.836,238.66650052956203,True
AD_2026.09.24_AP1W7.2.oir,1,17,1360.7,1508.6,1319,0.905,1485.978,2478.059,60.893,10.05,2241,local,57.858,86.051,4095,after,P2,7,2,0,W7,used,0.1036,False,0,,27,W7.2,Probe 1,1.0,2417.166,240.51402985074625,True
AD_2026.09.24_AP1W7.2.oir,1,18,758.0,1545.2,1575,0.763,1073.77,469.242,79.157,19.59,1628,local,57.858,86.051,4095,after,P2,7,2,0,W7,used,0.1036,False,0,,27,W7.2,Probe 1,1.0,390.08500000000004,19.912455334354263,True
AD_2026.09.24_AP1W7.2.oir,1,19,1574.2,1541.5,756,0.869,236.665,297.867,55.79,8.836,1939,local,57.858,86.051,633,after,P2,7,2,0,W7,used,0.1036,False,0,,27,W7.2,Probe 1,1.0,242.07700000000003,27.396672702580354,False
AD_2026.09.24_AP1W7.2.oir,1,20,1745.2,1588.4,865,0.885,294.591,395.017,56.167,9.114,1995,local,57.858,86.051,1105,after,P2,7,2,0,W7,used,0.1036,False,0,,27,W7.2,Probe 1,1.0,338.85,37.17906517445688,False
AD_2026.09.24_AP1W7.2.oir,1,21,856.1,1694.1,1287,0.891,3701.017,3250.984,98.025,29.742,2185,local,57.858,86.051,4095,after,P2,7,2,0,W7,used,0.1036,False,0,,27,W7.2,Probe 1,1.0,3152.959,106.01032210342277,True
AD_2026.09.24_AP1W7.2.oir,1,22,234.8,1733.1,1279,0.905,3931.26,3784.469,102.377,27.932,2222,local,57.858,86.051,4095,after,P2,7,2,0,W7,used,0.1036,False,0,,27,W7.2,Probe 1,1.0,3682.092,131.82342832593443,True
AD_2026.09.24_AP1W7.2.oir,1,23,105.1,1893.2,897,0.868,3737.175,3517.363,97.304,18.384,1942,local,57.858,86.051,4095,after,P2,7,2,0,W7,used,0.1036,False,0,,27,W7.2,Probe 1,1.0,3420.0589999999997,186.0345409051349,True
AD_2026.09.24_AP1W7.2.oir,1,24,623.7,1966.0,794,0.879,235.18,287.87,66.203,10.14,1957,local,57.858,86.051,572,after,P2,7,2,0,W7,used,0.1036,False,0,,27,W7.2,Probe 1,1.0,221.667,21.860650887573964,False
AD_2026.09.24_AP1W7.2.oir,1,25,164.5,2004.0,1437,0.781,85.035,84.756,86.785,14.917,1891,local,57.858,86.051,131,after,P2,7,2,0,W7,used,0.1036,False,0,,27,W7.2,Probe 1,1.0,-2.0289999999999964,-0.13601930683113203,False
AD_2026.09.24_AP1W7.2.oir,1,26,231.7,2007.9,1091,0.869,3847.198,3647.253,101.855,21.281,2030,local,57.858,86.051,4095,after,P2,7,2,0,W7,used,0.1036,False,0,,27,W7.2,Probe 1,1.0,3545.398,166.59921996146798,True
AD_2026.09.24_AP1W7.2.oir,1,27,1124.7,2005.9,893,0.895,4090.384,4087.138,106.65,40.066,2007,local,57.858,86.051,4095,after,P2,7,2,0,W7,used,0.1036,False,0,,27,W7.2,Probe 1,1.0,3980.488,99.34827534567962,True
AD_2026.09.24_AP1W7.3.oir,1,1,1150.4,29.6,1300,0.877,137.048,109.738,56.87,12.888,1854,local,46.227,38.669,273,after,P2,7,3,0,W7,used,0.1036,False,0,,30,W7.3,Probe 1,1.0,52.868,4.102110490378647,False
AD_2026.09.24_AP1W7.3.oir,1,2,944.4,201.9,1420,0.855,192.287,208.653,43.538,7.514,2323,local,46.227,38.669,556,after,P2,7,3,0,W7,used,0.1036,False,0,,30,W7.3,Probe 1,1.0,165.115,21.974314612722917,False
AD_2026.09.24_AP1W7.3.oir,1,3,1275.2,260.4,1060,0.88,3766.217,3764.383,104.106,69.238,2117,local,46.227,38.669,4095,after,P2,7,3,0,W7,used,0.1036,False,0,,30,W7.3,Probe 1,1.0,3660.277,52.86514630694128,True
AD_2026.09.24_AP1W7.3.oir,1,4,400.2,323.6,963,0.883,4055.437,4077.986,103.793,85.089,2058,local,46.227,38.669,4095,after,P2,7,3,0,W7,used,0.1036,False,0,,30,W7.3,Probe 1,1.0,3974.1929999999998,46.70630751330959,True
AD_2026.09.24_AP1W7.3.oir,1,5,143.0,433.9,1343,0.885,185.72,225.726,44.504,7.789,2265,local,46.227,38.669,475,after,P2,7,3,0,W7,used,0.1036,False,0,,30,W7.3,Probe 1,1.0,181.222,23.266401335216333,False
AD_2026.09.24_AP1W7.3.oir,1,6,305.7,494.4,1229,0.899,185.771,210.904,44.548,7.448,2199,local,46.227,38.669,452,after,P2,7,3,0,W7,used,0.1036,False,0,,30,W7.3,Probe 1,1.0,166.356,22.33566058002148,False
AD_2026.09.24_AP1W7.3.oir,1,7,1967.0,591.2,997,0.896,2700.449,2771.297,75.573,36.699,2068,local,46.227,38.669,4095,after,P2,7,3,0,W7,used,0.1036,False,0,,30,W7.3,Probe 1,1.0,2695.724,73.45497152510968,True
AD_2026.09.24_AP1W7.3.oir,1,8,1044.5,618.0,1247,0.882,3407.064,4089.885,83.549,55.39,2218,local,46.227,38.669,4095,after,P2,7,3,0,W7,used,0.1036,False,0,,30,W7.3,Probe 1,1.0,4006.3360000000002,72.32959017873263,True
AD_2026.09.24_AP1W7.3.oir,1,9,1353.8,669.3,905,0.897,3601.65,3823.724,94.319,51.986,2018,local,46.227,38.669,4095,after,P2,7,3,0,W7,used,0.1036,False,0,,30,W7.3,Probe 1,1.0,3729.405,71.7386411726234,True
AD_2026.09.24_AP1W7.3.oir,1,10,1234.8,775.7,1182,0.88,3362.908,4085.002,89.535,55.618,2190,local,46.227,38.669,4095,after,P2,7,3,0,W7,used,0.1036,False,0,,30,W7.3,Probe 1,1.0,3995.467,71.83766046963213,True
AD_2026.09.24_AP1W7.3.oir,1,11,890.2,839.2,1269,0.89,189.231,228.389,45.134,7.526,2223,local,46.227,38.669,500,after,P2,7,3,0,W7,used,0.1036,False,0,,30,W7.3,Probe 1,1.0,183.255,24.34958809460537,False
AD_2026.09.24_AP1W7.3.oir,1,12,1010.7,920.3,1129,0.882,3312.864,4001.31,98.066,85.031,2150,local,46.227,38.669,4095,after,P2,7,3,0,W7,used,0.1036,False,0,,30,W7.3,Probe 1,1.0,3903.244,45.903776269831,True
AD_2026.09.24_AP1W7.3.oir,1,13,264.9,1001.1,848,0.894,3969.471,4095.0,87.62,67.428,1981,local,46.227,38.669,4095,after,P2,7,3,0,W7,used,0.1036,False,0,,30,W7.3,Probe 1,1.0,4007.38,59.4319867117518,True
AD_2026.09.24_AP1W7.3.oir,1,14,691.6,1013.6,1138,0.898,3955.994,4070.665,93.46,53.932,2146,local,46.227,38.669,4095,after,P2,7,3,0,W7,used,0.1036,False,0,,30,W7.3,Probe 1,1.0,3977.205,73.74480827708966,True
AD_2026.09.24_AP1W7.3.oir,1,15,1028.3,1227.1,1196,0.891,1953.339,3120.796,72.154,39.444,2189,local,46.227,38.669,4095,after,P2,7,3,0,W7,used,0.1036,False,0,,30,W7.3,Probe 1,1.0,3048.642,77.29038637055065,True
AD_2026.09.24_AP1W7.3.oir,1,16,525.0,1346.5,1486,0.875,54.142,53.861,50.583,8.67,1711,local,46.227,38.669,86,after,P2,7,3,0,W7,used,0.1036,False,0,,30,W7.3,Probe 1,1.0,3.2779999999999987,0.3780853517877738,False
AD_2026.09.24_AP1W7.3.oir,1,17,411.3,1382.2,1261,0.778,350.403,316.7,158.723,58.07,1426,local,46.227,38.669,521,after,P2,7,3,0,W7,used,0.1036,False,0,,30,W7.3,Probe 1,1.0,157.97699999999998,2.720458067849147,False
AD_2026.09.24_AP1W7.3.oir,1,18,1226.7,1394.2,1258,0.893,236.467,305.622,48.445,8.136,2210,local,46.227,38.669,657,after,P2,7,3,0,W7,used,0.1036,False,0,,30,W7.3,Probe 1,1.0,257.177,31.60975909537857,False
AD_2026.09.24_AP1W7.3.oir,1,19,1647.6,1437.9,1107,0.91,804.863,1123.606,50.79,9.799,2123,local,46.227,38.669,2841,after,P2,7,3,0,W7,used,0.1036,False,0,,30,W7.3,Probe 1,1.0,1072.816,109.48219206041433,False
AD_2026.09.24_AP1W7.3.oir,1,20,1236.4,1464.2,848,0.894,3858.89,3668.551,76.773,33.527,1888,local,46.227,38.669,4095,after,P2,7,3,0,W7,used,0.1036,False,0,,30,W7.3,Probe 1,1.0,3591.778,107.13090941629133,True
AD_2026.09.24_AP1W7.3.oir,1,21,231.8,1472.1,1356,0.901,3333.085,4092.668,71.205,25.536,2156,local,46.227,38.669,4095,after,P2,7,3,0,W7,used,0.1036,False,0,,30,W7.3,Probe 1,1.0,4021.463,157.48210369674186,True
AD_2026.09.24_AP1W7.3.oir,1,22,1294.9,1489.4,1357,0.74,103.426,111.076,68.785,33.86,1649,local,46.227,38.669,368,after,P2,7,3,0,W7,used,0.1036,False,0,,30,W7.3,Probe 1,1.0,42.291,1.2489958653278204,False
AD_2026.09.24_AP1W7.3.oir,1,23,1347.2,1486.6,1516,0.885,3515.516,4065.406,68.875,21.13,1906,local,46.227,38.669,4095,after,P2,7,3,0,W7,used,0.1036,False,0,,30,W7.3,Probe 1,1.0,3996.531,189.1401325130147,True
AD_2026.09.24_AP1W7.3.oir,1,24,1741.1,1509.2,1324,0.883,379.009,514.411,47.79,8.201,2256,local,46.227,38.669,2186,after,P2,7,3,0,W7,used,0.1036,False,0,,30,W7.3,Probe 1,1.0,466.6209999999999,56.898061212047295,False
AD_2026.09.24_AP1W7.3.oir,1,25,1067.6,1533.5,1072,0.893,3096.984,4022.481,76.578,36.319,2114,local,46.227,38.669,4095,after,P2,7,3,0,W7,used,0.1036,False,0,,30,W7.3,Probe 1,1.0,3945.9030000000002,108.64569509072386,True
AD_2026.09.24_AP1W7.3.oir,1,26,1235.8,1727.4,801,0.896,1345.446,1678.9,51.986,11.166,1954,local,46.227,38.669,4095,after,P2,7,3,0,W7,used,0.1036,False,0,,30,W7.3,Probe 1,1.0,1626.914,145.70248970087766,True
AD_2026.09.24_AP1W7.3.oir,1,27,543.3,1759.1,1048,0.902,1646.343,2587.676,55.721,17.021,2092,local,46.227,38.669,4095,after,P2,7,3,0,W7,used,0.1036,False,0,,30,W7.3,Probe 1,1.0,2531.955,148.75477351506962,True
AD_2026.09.24_AP1W7.3.oir,1,28,247.0,1824.8,1135,0.872,3522.84,4089.199,68.579,24.011,2166,local,46.227,38.669,4095,after,P2,7,3,0,W7,used,0.1036,False,0,,30,W7.3,Probe 1,1.0,4020.62,167.44908583565865,True
AD_2026.09.24_AP1W7.3.oir,1,29,1678.0,1876.1,1260,0.869,184.397,130.449,55.638,10.467,2174,local,46.227,38.669,457,after,P2,7,3,0,W7,used,0.1036,False,0,,30,W7.3,Probe 1,1.0,74.811,7.14732014903984,False
AD_2026.09.24_AP1W7.3.oir,1,30,641.3,1976.7,1011,0.888,3909.055,3748.538,81.043,35.307,2089,local,46.227,38.669,4095,after,P2,7,3,0,W7,used,0.1036,False,0,,30,W7.3,Probe 1,1.0,3667.495,103.87444416121448,True
AD_2026.09.24_AP2W8.1.oir,1,1,66.0,41.8,855,0.748,64.503,64.071,65.512,10.552,1351,local,78.442,227.475,103,after,P2,8,1,0,W8,used,0.1036,False,0,,48,W8.1,Probe 1,1.0,-1.4410000000000025,-0.13656178923426862,False
AD_2026.09.24_AP2W8.1.oir,1,2,179.3,143.4,841,0.753,60.677,60.791,59.994,9.684,2024,local,78.442,227.475,86,after,P2,8,1,0,W8,used,0.1036,False,0,,48,W8.1,Probe 1,1.0,0.796999999999997,0.08230070218917773,False
AD_2026.09.24_AP2W8.1.oir,1,3,1906.3,175.6,1996,0.75,1088.271,1093.72,80.483,37.193,2087,local,78.442,227.475,4095,after,P2,8,1,0,W8,used,0.1036,False,0,,48,W8.1,Probe 1,1.0,1013.2370000000001,27.242680074207517,True
AD_2026.09.24_AP2W8.1.oir,1,4,1878.0,205.4,1008,0.76,4095.0,4095.0,125.491,54.621,1485,local,78.442,227.475,4095,after,P2,8,1,0,W8,used,0.1036,False,0,,48,W8.1,Probe 1,1.0,3969.509,72.67367862177551,True
AD_2026.09.24_AP2W8.1.oir,1,5,1675.4,320.0,778,0.908,541.802,354.293,68.261,14.818,1935,local,78.442,227.475,1390,after,P2,8,1,0,W8,used,0.1036,False,0,,48,W8.1,Probe 1,1.0,286.03200000000004,19.303009852881633,False
AD_2026.09.24_AP2W8.1.oir,1,6,1052.2,393.2,820,0.865,338.643,464.756,59.539,10.288,1956,local,78.442,227.475,1709,after,P2,8,1,0,W8,used,0.1036,False,0,,48,W8.1,Probe 1,1.0,405.217,39.38734447900466,False
AD_2026.09.24_AP2W8.1.oir,1,7,1626.7,422.4,1742,0.87,61.749,61.153,60.697,9.885,2464,local,78.442,227.475,97,after,P2,8,1,0,W8,used,0.1036,False,0,,48,W8.1,Probe 1,1.0,0.45599999999999596,0.046130500758724935,False
AD_2026.09.24_AP2W8.1.oir,1,8,1486.5,458.3,998,0.892,220.928,172.142,70.797,12.792,2063,local,78.442,227.475,456,after,P2,8,1,0,W8,used,0.1036,False,0,,48,W8.1,Probe 1,1.0,101.345,7.922529706066292,False
AD_2026.09.24_AP2W8.1.oir,1,9,969.2,464.7,828,0.906,236.818,316.632,58.873,9.566,1961,local,78.442,227.475,652,after,P2,8,1,0,W8,used,0.1036,False,0,,48,W8.1,Probe 1,1.0,257.759,26.945327200501776,False
AD_2026.09.24_AP2W8.1.oir,1,10,1811.4,499.7,1984,0.802,68.188,67.874,67.794,11.757,1825,local,78.442,227.475,108,after,P2,8,1,0,W8,used,0.1036,False,0,,48,W8.1,Probe 1,1.0,0.0799999999999983,0.006804456919281985,False
AD_2026.09.24_AP2W8.1.oir,1,11,340.3,508.6,1598,0.734,1789.071,1810.416,97.43,54.61,2337,local,78.442,227.475,4095,after,P2,8,1,0,W8,used,0.1036,False,0,,48,W8.1,Probe 1,1.0,1712.9859999999999,31.367624977110417,True
AD_2026.09.24_AP2W8.1.oir,1,12,1743.4,549.4,1533,0.871,120.516,109.83,80.825,12.716,1803,local,78.442,227.475,177,after,P2,8,1,0,W8,used,0.1036,False,0,,48,W8.1,Probe 1,1.0,29.004999999999995,2.280984586347908,False
AD_2026.09.24_AP2W8.1.oir,1,13,1448.9,639.8,631,0.88,4095.0,4095.0,186.143,114.336,1846,local,78.442,227.475,4095,after,P2,8,1,0,W8,used,0.1036,False,0,,48,W8.1,Probe 1,1.0,3908.857,34.18745626924154,True
AD_2026.09.24_AP2W8.1.oir,1,14,849.8,683.5,1449,0.83,255.285,196.022,95.906,15.889,1802,local,78.442,227.475,503,after,P2,8,1,0,W8,used,0.1036,False,0,,48,W8.1,Probe 1,1.0,100.11599999999999,6.300962930329158,False
AD_2026.09.24_AP2W8.1.oir,1,15,1252.1,694.8,1083,0.686,69.371,71.157,66.818,13.667,1689,local,78.442,227.475,144,after,P2,8,1,0,W8,used,0.1036,False,0,,48,W8.1,Probe 1,1.0,4.338999999999999,0.3174800614619155,False
AD_2026.09.24_AP2W8.1.oir,1,16,144.2,735.2,729,0.767,90.915,91.396,79.34,17.703,900,local,78.442,227.475,154,after,P2,8,1,0,W8,used,0.1036,False,0,,48,W8.1,Probe 1,1.0,12.055999999999997,0.6810145173134495,False
AD_2026.09.24_AP2W8.1.oir,1,17,1920.3,739.2,525,0.713,131.23,130.254,111.576,30.907,422,local,78.442,227.475,183,after,P2,8,1,0,W8,used,0.1036,False,0,,48,W8.1,Probe 1,1.0,18.677999999999997,0.6043291163814022,False
AD_2026.09.24_AP2W8.1.oir,1,18,751.3,827.3,1398,0.892,77.874,76.997,76.298,21.404,1825,local,78.442,227.475,119,after,P2,8,1,0,W8,used,0.1036,False,0,,48,W8.1,Probe 1,1.0,0.6989999999999981,0.032657447206129606,False
AD_2026.09.24_AP2W8.1.oir,1,19,551.3,834.5,1096,0.91,3057.598,3645.873,76.351,16.512,2112,local,78.442,227.475,4095,after,P2,8,1,0,W8,used,0.1036,False,0,,48,W8.1,Probe 1,1.0,3569.522,216.17744670542635,True
AD_2026.09.24_AP2W8.1.oir,1,20,819.7,842.4,1290,0.797,74.062,73.998,68.011,11.215,1655,local,78.442,227.475,114,after,P2,8,1,0,W8,used,0.1036,False,0,,48,W8.1,Probe 1,1.0,5.987000000000009,0.5338386090057966,False
AD_2026.09.24_AP2W8.1.oir,1,21,262.3,849.6,1268,0.874,557.683,346.824,92.923,19.167,1862,local,78.442,227.475,1197,after,P2,8,1,0,W8,used,0.1036,False,0,,48,W8.1,Probe 1,1.0,253.901,13.246778316898835,False
AD_2026.09.24_AP2W8.1.oir,1,22,1830.7,883.7,1161,0.892,70.307,70.321,64.939,10.095,2095,local,78.442,227.475,109,after,P2,8,1,0,W8,used,0.1036,False,0,,48,W8.1,Probe 1,1.0,5.382000000000005,0.5331352154531951,False
AD_2026.09.24_AP2W8.1.oir,1,23,138.9,943.3,553,0.724,934.027,891.183,263.547,186.813,1034,local,78.442,227.475,1528,after,P2,8,1,0,W8,used,0.1036,False,0,,48,W8.1,Probe 1,1.0,627.636,3.3597019479372423,False
AD_2026.09.24_AP2W8.1.oir,1,24,1743.8,971.7,1011,0.875,616.515,908.754,63.949,11.625,2022,local,78.442,227.475,2662,after,P2,8,1,0,W8,used,0.1036,False,0,,48,W8.1,Probe 1,1.0,844.8050000000001,72.67139784946237,False
AD_2026.09.24_AP2W8.1.oir,1,25,144.6,979.2,787,0.841,410.156,374.195,128.316,81.114,1514,local,78.442,227.475,714,after,P2,8,1,0,W8,used,0.1036,False,0,,48,W8.1,Probe 1,1.0,245.879,3.03127696821757,False
AD_2026.09.24_AP2W8.1.oir,1,26,765.6,999.7,778,0.884,235.45,203.614,85.774,15.373,1946,local,78.442,227.475,410,after,P2,8,1,0,W8,used,0.1036,False,0,,48,W8.1,Probe 1,1.0,117.84,7.665387367462435,False
AD_2026.09.24_AP2W8.1.oir,1,27,1529.5,1017.8,1487,0.892,78.137,75.759,66.349,10.27,2332,local,78.442,227.475,121,after,P2,8,1,0,W8,used,0.1036,False,0,,48,W8.1,Probe 1,1.0,9.409999999999997,0.9162609542356375,False
AD_2026.09.24_AP2W8.1.oir,1,28,1395.9,1062.6,1225,0.871,951.867,462.075,86.606,22.127,2212,local,78.442,227.475,2554,after,P2,8,1,0,W8,used,0.1036,False,0,,48,W8.1,Probe 1,1.0,375.469,16.968816378180502,False
AD_2026.09.24_AP2W8.1.oir,1,29,1078.3,1237.1,1350,0.83,78.313,80.511,71.09,15.514,1653,local,78.442,227.475,134,after,P2,8,1,0,W8,used,0.1036,False,0,,48,W8.1,Probe 1,1.0,9.420999999999992,0.6072579605517592,False
AD_2026.09.24_AP2W8.1.oir,1,30,1017.0,1236.6,1070,0.905,170.08,144.054,88.689,33.553,1845,local,78.442,227.475,421,after,P2,8,1,0,W8,used,0.1036,False,0,,48,W8.1,Probe 1,1.0,55.36500000000001,1.6500759991654999,False
AD_2026.09.24_AP2W8.1.oir,1,31,1061.2,1279.4,990,0.751,1511.938,1495.812,99.223,81.663,1455,local,78.442,227.475,2888,after,P2,8,1,0,W8,used,0.1036,False,0,,48,W8.1,Probe 1,1.0,1396.589,17.1018576344244,False
AD_2026.09.24_AP2W8.1.oir,1,32,881.3,1318.9,738,0.882,202.444,242.508,63.745,10.199,1917,local,78.442,227.475,667,after,P2,8,1,0,W8,used,0.1036,False,0,,48,W8.1,Probe 1,1.0,178.763,17.52750269634278,False
AD_2026.09.24_AP2W8.1.oir,1,33,1666.0,1398.4,642,0.783,60.752,60.831,60.697,10.007,1905,local,78.442,227.475,94,after,P2,8,1,0,W8,used,0.1036,False,0,,48,W8.1,Probe 1,1.0,0.13400000000000034,0.01339062656140705,False
AD_2026.09.24_AP2W8.1.oir,1,34,1946.9,1610.7,1192,0.744,86.759,87.463,83.764,13.833,1294,local,78.442,227.475,139,after,P2,8,1,0,W8,used,0.1036,False,0,,48,W8.1,Probe 1,1.0,3.698999999999998,0.2674040338321404,False
AD_2026.09.24_AP2W8.1.oir,1,35,1034.9,1600.0,892,0.735,127.068,125.996,112.858,42.422,1427,local,78.442,227.475,193,after,P2,8,1,0,W8,used,0.1036,False,0,,48,W8.1,Probe 1,1.0,13.137999999999991,0.3096977983121963,False
AD_2026.09.24_AP2W8.1.oir,1,36,1087.5,1641.4,873,0.884,4095.0,4095.0,340.834,201.681,2000,local,78.442,227.475,4095,after,P2,8,1,0,W8,used,0.1036,False,0,,48,W8.1,Probe 1,1.0,3754.166,18.614376168305395,True
AD_2026.09.24_AP2W8.1.oir,1,37,1889.7,1660.4,1042,0.702,96.765,95.59,86.364,13.385,2097,local,78.442,227.475,136,after,P2,8,1,0,W8,used,0.1036,False,0,,48,W8.1,Probe 1,1.0,9.225999999999999,0.6892790437056406,False
AD_2026.09.24_AP2W8.1.oir,1,38,1997.7,1682.4,631,0.765,70.737,70.69,71.17,12.514,1125,local,78.442,227.475,103,after,P2,8,1,0,W8,used,0.1036,False,0,,48,W8.1,Probe 1,1.0,-0.480000000000004,-0.03835704011507144,False
AD_2026.09.24_AP2W8.1.oir,1,39,634.4,1693.3,1304,0.877,204.616,177.506,95.691,15.082,2251,local,78.442,227.475,319,after,P2,8,1,0,W8,used,0.1036,False,0,,48,W8.1,Probe 1,1.0,81.815,5.42467842461212,False
AD_2026.09.24_AP2W8.1.oir,1,40,140.0,1726.8,701,0.9,147.24,131.229,74.299,11.304,1885,local,78.442,227.475,241,after,P2,8,1,0,W8,used,0.1036,False,0,,48,W8.1,Probe 1,1.0,56.93000000000001,5.036270346779902,False
AD_2026.09.24_AP2W8.1.oir,1,41,341.6,1751.7,766,0.9,147.56,137.659,85.362,13.913,1930,local,78.442,227.475,203,after,P2,8,1,0,W8,used,0.1036,False,0,,48,W8.1,Probe 1,1.0,52.297,3.7588586214331916,False
AD_2026.09.24_AP2W8.1.oir,1,42,571.3,1799.3,1132,0.859,90.294,90.139,78.295,11.855,1677,local,78.442,227.475,136,after,P2,8,1,0,W8,used,0.1036,False,0,,48,W8.1,Probe 1,1.0,11.843999999999994,0.9990721214677346,False
AD_2026.09.24_AP2W8.1.oir,1,43,571.5,1840.7,890,0.777,83.9,84.681,76.809,12.187,1311,local,78.442,227.475,138,after,P2,8,1,0,W8,used,0.1036,False,0,,48,W8.1,Probe 1,1.0,7.872,0.6459341921719866,False
AD_2026.09.24_AP2W8.1.oir,1,44,1602.3,1851.8,610,0.927,334.585,421.864,66.196,10.832,1812,local,78.442,227.475,1643,after,P2,8,1,0,W8,used,0.1036,False,0,,48,W8.1,Probe 1,1.0,355.668,32.83493353028065,False
AD_2026.09.24_AP2W8.1.oir,1,45,450.5,1888.9,1056,0.845,212.85,278.425,68.881,10.674,2128,local,78.442,227.475,596,after,P2,8,1,0,W8,used,0.1036,False,0,,48,W8.1,Probe 1,1.0,209.544,19.63125351320967,False
AD_2026.09.24_AP2W8.1.oir,1,46,716.0,1918.6,1120,0.795,99.499,99.304,86.018,12.872,1582,local,78.442,227.475,150,after,P2,8,1,0,W8,used,0.1036,False,0,,48,W8.1,Probe 1,1.0,13.286000000000001,1.0321628340584215,False
AD_2026.09.24_AP2W8.1.oir,1,47,807.1,1928.6,995,0.886,96.875,89.833,76.1,12.721,2076,local,78.442,227.475,154,after,P2,8,1,0,W8,used,0.1036,False,0,,48,W8.1,Probe 1,1.0,13.733000000000004,1.0795534942221527,False
AD_2026.09.24_AP2W8.1.oir,1,48,737.9,1955.3,1368,0.813,90.442,90.677,82.898,13.105,1310,local,78.442,227.475,143,after,P2,8,1,0,W8,used,0.1036,False,0,,48,W8.1,Probe 1,1.0,7.779000000000011,0.5935902327355979,False
AD_2026.09.24_AP2W8.1_0001.oir,1,1,509.2,57.2,1922,0.754,71.908,72.316,72.148,10.886,1869,local,81.644,143.265,112,after,P2,8,1,1,W8,used,0.1036,False,1,,33,W8.1b,Probe 1,1.0,0.16800000000000637,0.01543266580929693,False
AD_2026.09.24_AP2W8.1_0001.oir,1,2,522.3,105.7,1047,0.856,78.275,77.715,73.227,10.772,1636,local,81.644,143.265,118,after,P2,8,1,1,W8,used,0.1036,False,1,,33,W8.1b,Probe 1,1.0,4.4879999999999995,0.4166357222428518,False
AD_2026.09.24_AP2W8.1_0001.oir,1,3,1663.5,236.8,915,0.898,2951.058,3979.421,86.319,25.445,1613,local,81.644,143.265,4095,after,P2,8,1,1,W8,used,0.1036,False,1,,33,W8.1b,Probe 1,1.0,3893.102,153.00066810768323,True
AD_2026.09.24_AP2W8.1_0001.oir,1,4,1654.5,279.0,905,0.897,3346.697,4080.406,87.079,23.433,1598,local,81.644,143.265,4095,after,P2,8,1,1,W8,used,0.1036,False,1,,33,W8.1b,Probe 1,1.0,3993.3269999999998,170.41467161695044,True
AD_2026.09.24_AP2W8.1_0001.oir,1,5,1816.7,307.9,832,0.883,3205.528,4072.122,87.465,27.527,1979,local,81.644,143.265,4095,after,P2,8,1,1,W8,used,0.1036,False,1,,33,W8.1b,Probe 1,1.0,3984.6569999999997,144.75449558615176,True
AD_2026.09.24_AP2W8.1_0001.oir,1,6,1153.1,328.4,1048,0.902,771.781,467.67,84.39,19.128,1644,local,81.644,143.265,2235,after,P2,8,1,1,W8,used,0.1036,False,1,,33,W8.1b,Probe 1,1.0,383.28000000000003,20.037641154328735,False
AD_2026.09.24_AP2W8.1_0001.oir,1,7,1335.5,346.2,998,0.91,277.056,385.339,70.165,10.588,2062,local,81.644,143.265,875,after,P2,8,1,1,W8,used,0.1036,False,1,,33,W8.1b,Probe 1,1.0,315.174,29.76709482432943,False
AD_2026.09.24_AP2W8.1_0001.oir,1,8,1155.5,367.5,722,0.9,1127.501,857.691,86.166,19.593,1401,local,81.644,143.265,2870,after,P2,8,1,1,W8,used,0.1036,False,1,,33,W8.1b,Probe 1,1.0,771.5250000000001,39.37758383096004,False
AD_2026.09.24_AP2W8.1_0001.oir,1,9,1727.7,449.3,1945,0.863,75.647,74.533,73.699,10.985,2308,local,81.644,143.265,113,after,P2,8,1,1,W8,used,0.1036,False,1,,33,W8.1b,Probe 1,1.0,0.8340000000000032,0.0759217114246703,False
AD_2026.09.24_AP2W8.1_0001.oir,1,10,1636.7,536.6,1587,0.864,425.292,303.316,109.559,26.815,2372,local,81.644,143.265,864,after,P2,8,1,1,W8,used,0.1036,False,1,,33,W8.1b,Probe 1,1.0,193.75699999999998,7.2256945739325,False
AD_2026.09.24_AP2W8.1_0001.oir,1,11,1046.7,540.6,1007,0.884,3902.489,3990.6,99.809,28.614,2085,local,81.644,143.265,4095,after,P2,8,1,1,W8,used,0.1036,False,1,,33,W8.1b,Probe 1,1.0,3890.7909999999997,135.9750821276298,True
AD_2026.09.24_AP2W8.1_0001.oir,1,12,1720.3,565.8,1141,0.861,82.883,82.725,81.845,13.18,1746,local,81.644,143.265,130,after,P2,8,1,1,W8,used,0.1036,False,1,,33,W8.1b,Probe 1,1.0,0.8799999999999955,0.06676783004552318,False
AD_2026.09.24_AP2W8.1_0001.oir,1,13,1706.1,612.1,1341,0.851,137.004,126.576,92.319,15.12,1834,local,81.644,143.265,212,after,P2,8,1,1,W8,used,0.1036,False,1,,33,W8.1b,Probe 1,1.0,34.25699999999999,2.265674603174603,False
AD_2026.09.24_AP2W8.1_0001.oir,1,14,1548.7,618.0,682,0.882,2407.952,3285.712,82.308,18.676,1881,local,81.644,143.265,4095,after,P2,8,1,1,W8,used,0.1036,False,1,,33,W8.1b,Probe 1,1.0,3203.404,171.52516598843437,True
AD_2026.09.24_AP2W8.1_0001.oir,1,15,758.4,721.4,1530,0.773,79.782,79.392,77.515,11.623,2030,local,81.644,143.265,122,after,P2,8,1,1,W8,used,0.1036,False,1,,33,W8.1b,Probe 1,1.0,1.8769999999999953,0.16149014884281127,False
AD_2026.09.24_AP2W8.1_0001.oir,1,16,924.0,727.0,1752,0.871,90.229,88.257,82.648,12.374,2119,local,81.644,143.265,137,after,P2,8,1,1,W8,used,0.1036,False,1,,33,W8.1b,Probe 1,1.0,5.609000000000009,0.4532891546791667,False
AD_2026.09.24_AP2W8.1_0001.oir,1,17,1009.5,802.3,1437,0.876,88.038,86.481,80.67,11.809,2316,local,81.644,143.265,136,after,P2,8,1,1,W8,used,0.1036,False,1,,33,W8.1b,Probe 1,1.0,5.810999999999993,0.49208231010246367,False
AD_2026.09.24_AP2W8.1_0001.oir,1,18,570.1,821.5,1639,0.891,4087.663,4085.277,175.995,79.364,2402,local,81.644,143.265,4095,after,P2,8,1,1,W8,used,0.1036,False,1,,33,W8.1b,Probe 1,1.0,3909.282,49.257623103674206,True
AD_2026.09.24_AP2W8.1_0001.oir,1,19,47.5,831.0,922,0.739,90.896,92.165,86.963,21.119,1421,local,81.644,143.265,143,after,P2,8,1,1,W8,used,0.1036,False,1,,33,W8.1b,Probe 1,1.0,5.202000000000012,0.24631848098868375,False
AD_2026.09.24_AP2W8.1_0001.oir,1,20,691.2,1043.9,797,0.876,262.966,338.414,78.422,11.735,1965,local,81.644,143.265,981,after,P2,8,1,1,W8,used,0.1036,False,1,,33,W8.1b,Probe 1,1.0,259.99199999999996,22.15526203664252,False
AD_2026.09.24_AP2W8.1_0001.oir,1,21,1898.1,1208.3,988,0.901,1627.033,2485.315,84.515,17.499,2063,local,81.644,143.265,4095,after,P2,8,1,1,W8,used,0.1036,False,1,,33,W8.1b,Probe 1,1.0,2400.8,137.1964112234985,True
AD_2026.09.24_AP2W8.1_0001.oir,1,22,919.5,1263.6,1047,0.894,205.491,259.427,79.809,12.293,2092,local,81.644,143.265,584,after,P2,8,1,1,W8,used,0.1036,False,1,,33,W8.1b,Probe 1,1.0,179.61800000000002,14.611404864557068,False
AD_2026.09.24_AP2W8.1_0001.oir,1,23,311.0,1274.0,1604,0.85,82.282,81.954,82.4,12.85,2400,local,81.644,143.265,139,after,P2,8,1,1,W8,used,0.1036,False,1,,33,W8.1b,Probe 1,1.0,-0.44600000000001216,-0.03470817120622663,False
AD_2026.09.24_AP2W8.1_0001.oir,1,24,970.3,1339.4,1727,0.872,78.422,78.289,78.201,11.746,2221,local,81.644,143.265,121,after,P2,8,1,1,W8,used,0.1036,False,1,,33,W8.1b,Probe 1,1.0,0.08800000000000807,0.0074919121403037685,False
AD_2026.09.24_AP2W8.1_0001.oir,1,25,245.1,1345.1,1098,0.874,1042.895,593.581,114.019,24.215,1781,local,81.644,143.265,2644,after,P2,8,1,1,W8,used,0.1036,False,1,,33,W8.1b,Probe 1,1.0,479.562,19.804336155275656,False
AD_2026.09.24_AP2W8.1_0001.oir,1,26,295.1,1356.5,681,0.779,85.372,85.222,94.414,24.799,1295,local,81.644,143.265,140,after,P2,8,1,1,W8,used,0.1036,False,1,,33,W8.1b,Probe 1,1.0,-9.192000000000007,-0.3706601072623899,False
AD_2026.09.24_AP2W8.1_0001.oir,1,27,234.5,1407.8,1700,0.878,110.182,104.803,95.015,19.789,2301,local,81.644,143.265,170,after,P2,8,1,1,W8,used,0.1036,False,1,,33,W8.1b,Probe 1,1.0,9.787999999999997,0.49461822224468116,False
AD_2026.09.24_AP2W8.1_0001.oir,1,28,698.7,1447.8,827,0.88,1228.866,749.181,99.881,20.769,1980,local,81.644,143.265,2828,after,P2,8,1,1,W8,used,0.1036,False,1,,33,W8.1b,Probe 1,1.0,649.3000000000001,31.26293995859214,False
AD_2026.09.24_AP2W8.1_0001.oir,1,29,1323.9,1531.1,721,0.885,489.25,646.225,80.145,12.291,1907,local,81.644,143.265,2090,after,P2,8,1,1,W8,used,0.1036,False,1,,33,W8.1b,Probe 1,1.0,566.08,46.0564640794077,False
AD_2026.09.24_AP2W8.1_0001.oir,1,30,852.0,1818.2,1405,0.907,3623.512,4056.286,112.427,29.405,2277,local,81.644,143.265,4095,after,P2,8,1,1,W8,used,0.1036,False,1,,33,W8.1b,Probe 1,1.0,3943.859,134.12205407243664,True
AD_2026.09.24_AP2W8.1_0001.oir,1,31,1718.8,1867.5,1279,0.905,4095.0,4095.0,151.798,65.297,2215,local,81.644,143.265,4095,after,P2,8,1,1,W8,used,0.1036,False,1,,33,W8.1b,Probe 1,1.0,3943.202,60.388716173790534,True
AD_2026.09.24_AP2W8.1_0001.oir,1,32,903.4,1874.1,729,0.867,364.63,463.086,81.475,12.279,1919,local,81.644,143.265,1386,after,P2,8,1,1,W8,used,0.1036,False,1,,33,W8.1b,Probe 1,1.0,381.611,31.07834514211255,False
AD_2026.09.24_AP2W8.1_0001.oir,1,33,410.1,1997.5,1673,0.891,349.234,283.047,131.985,23.307,1858,local,81.644,143.265,599,after,P2,8,1,1,W8,used,0.1036,False,1,,33,W8.1b,Probe 1,1.0,151.062,6.481400437636762,False
AD_2026.09.24_AP2W8.2.oir,1,1,1843.3,39.3,1225,0.896,345.531,432.663,57.336,9.18,2193,local,62.032,39.059,873,after,P2,8,2,0,W8,used,0.1036,False,0,,39,W8.2,Probe 1,1.0,375.327,40.88529411764706,False
AD_2026.09.24_AP2W8.2.oir,1,2,626.9,48.4,1399,0.823,1813.993,2958.662,79.358,48.985,2346,local,62.032,39.059,4095,after,P2,8,2,0,W8,used,0.1036,False,0,,39,W8.2,Probe 1,1.0,2879.3039999999996,58.77929978564866,True
AD_2026.09.24_AP2W8.2.oir,1,3,548.3,69.1,1452,0.908,392.102,633.984,63.25,21.185,1939,local,62.032,39.059,1676,after,P2,8,2,0,W8,used,0.1036,False,0,,39,W8.2,Probe 1,1.0,570.734,26.94047675241917,False
AD_2026.09.24_AP2W8.2.oir,1,4,542.2,120.9,1022,0.886,3553.872,4090.132,79.872,27.826,1680,local,62.032,39.059,4095,after,P2,8,2,0,W8,used,0.1036,False,0,,39,W8.2,Probe 1,1.0,4010.26,144.11916912240352,True
AD_2026.09.24_AP2W8.2.oir,1,5,287.1,167.0,1031,0.893,158.744,126.561,67.597,18.499,2012,local,62.032,39.059,315,after,P2,8,2,0,W8,used,0.1036,False,0,,39,W8.2,Probe 1,1.0,58.96400000000001,3.1874155359749183,False
AD_2026.09.24_AP2W8.2.oir,1,6,707.8,208.5,1263,0.901,308.614,461.46,57.965,9.105,2213,local,62.032,39.059,1497,after,P2,8,2,0,W8,used,0.1036,False,0,,39,W8.2,Probe 1,1.0,403.495,44.31576057111477,False
AD_2026.09.24_AP2W8.2.oir,1,7,1481.9,300.1,1164,0.898,448.937,648.719,58.401,9.378,2167,local,62.032,39.059,1417,after,P2,8,2,0,W8,used,0.1036,False,0,,39,W8.2,Probe 1,1.0,590.3180000000001,62.94711025805076,False
AD_2026.09.24_AP2W8.2.oir,1,8,1714.5,530.2,2226,0.864,67.894,67.347,63.632,10.751,2111,local,62.032,39.059,112,after,P2,8,2,0,W8,used,0.1036,False,0,,39,W8.2,Probe 1,1.0,3.7149999999999963,0.3455492512324432,False
AD_2026.09.24_AP2W8.2.oir,1,9,1894.1,539.6,989,0.784,2639.482,1850.75,77.976,16.613,1536,local,62.032,39.059,4095,after,P2,8,2,0,W8,used,0.1036,False,0,,39,W8.2,Probe 1,1.0,1772.774,106.71004634924456,True
AD_2026.09.24_AP2W8.2.oir,1,10,1304.0,562.1,1277,0.874,3713.696,4095.0,96.783,45.317,2243,local,62.032,39.059,4095,after,P2,8,2,0,W8,used,0.1036,False,0,,39,W8.2,Probe 1,1.0,3998.217,88.22775117505572,True
AD_2026.09.24_AP2W8.2.oir,1,11,1921.9,573.7,1718,0.828,129.495,163.702,72.404,15.411,1641,local,62.032,39.059,933,after,P2,8,2,0,W8,used,0.1036,False,0,,39,W8.2,Probe 1,1.0,91.298,5.924209979884498,False
AD_2026.09.24_AP2W8.2.oir,1,12,921.4,664.5,1715,0.822,60.489,60.368,60.418,9.872,1860,local,62.032,39.059,99,after,P2,8,2,0,W8,used,0.1036,False,0,,39,W8.2,Probe 1,1.0,-0.04999999999999716,-0.005064829821717702,False
AD_2026.09.24_AP2W8.2.oir,1,13,730.8,773.9,1125,0.876,3021.677,4013.609,78.925,25.49,2159,local,62.032,39.059,4095,after,P2,8,2,0,W8,used,0.1036,False,0,,39,W8.2,Probe 1,1.0,3934.6839999999997,154.36186739898,True
AD_2026.09.24_AP2W8.2.oir,1,14,1501.1,787.6,1132,0.906,530.047,826.006,60.684,9.714,2145,local,62.032,39.059,2985,after,P2,8,2,0,W8,used,0.1036,False,0,,39,W8.2,Probe 1,1.0,765.322,78.78546427836112,False
AD_2026.09.24_AP2W8.2.oir,1,15,1685.3,866.1,946,0.88,141.681,131.035,76.609,27.981,1588,local,62.032,39.059,297,after,P2,8,2,0,W8,used,0.1036,False,0,,39,W8.2,Probe 1,1.0,54.426,1.945105607376434,False
AD_2026.09.24_AP2W8.2.oir,1,16,1662.1,906.5,1260,0.806,3663.39,4056.741,94.773,30.705,1782,local,62.032,39.059,4095,after,P2,8,2,0,W8,used,0.1036,False,0,,39,W8.2,Probe 1,1.0,3961.968,129.0333170493405,True
AD_2026.09.24_AP2W8.2.oir,1,17,914.9,917.2,987,0.905,203.745,268.004,61.162,9.867,2065,local,62.032,39.059,536,after,P2,8,2,0,W8,used,0.1036,False,0,,39,W8.2,Probe 1,1.0,206.842,20.963008006486266,False
AD_2026.09.24_AP2W8.2.oir,1,18,1773.6,988.5,1688,0.887,3820.348,3430.877,91.587,23.997,2426,local,62.032,39.059,4095,after,P2,8,2,0,W8,used,0.1036,False,0,,39,W8.2,Probe 1,1.0,3339.29,139.15447764303872,True
AD_2026.09.24_AP2W8.2.oir,1,19,466.0,1035.7,1212,0.891,237.644,348.7,61.554,9.86,2184,local,62.032,39.059,642,after,P2,8,2,0,W8,used,0.1036,False,0,,39,W8.2,Probe 1,1.0,287.14599999999996,29.12231237322515,False
AD_2026.09.24_AP2W8.2.oir,1,20,405.3,1058.6,884,0.882,752.603,1154.34,65.242,12.482,1600,local,62.032,39.059,2791,after,P2,8,2,0,W8,used,0.1036,False,0,,39,W8.2,Probe 1,1.0,1089.098,87.25348501842653,False
AD_2026.09.24_AP2W8.2.oir,1,21,391.8,1101.9,898,0.86,3539.033,4082.243,86.433,28.937,1625,local,62.032,39.059,4095,after,P2,8,2,0,W8,used,0.1036,False,0,,39,W8.2,Probe 1,1.0,3995.81,138.08653281266197,True
AD_2026.09.24_AP2W8.2.oir,1,22,120.2,1131.9,1498,0.879,2386.391,3135.83,76.633,19.475,2346,local,62.032,39.059,4095,after,P2,8,2,0,W8,used,0.1036,False,0,,39,W8.2,Probe 1,1.0,3059.197,157.0832862644416,True
AD_2026.09.24_AP2W8.2.oir,1,23,1918.7,1133.8,590,0.827,1411.78,1780.872,65.807,11.429,1833,local,62.032,39.059,4095,after,P2,8,2,0,W8,used,0.1036,False,0,,39,W8.2,Probe 1,1.0,1715.065,150.0625601539942,True
AD_2026.09.24_AP2W8.2.oir,1,24,1315.4,1169.9,1352,0.851,3515.939,4090.186,89.247,34.634,2287,local,62.032,39.059,4095,after,P2,8,2,0,W8,used,0.1036,False,0,,39,W8.2,Probe 1,1.0,4000.9390000000003,115.52055783334296,True
AD_2026.09.24_AP2W8.2.oir,1,25,413.8,1178.2,999,0.86,3605.639,4093.128,81.855,25.227,2098,local,62.032,39.059,4095,after,P2,8,2,0,W8,used,0.1036,False,0,,39,W8.2,Probe 1,1.0,4011.273,159.00713521227257,True
AD_2026.09.24_AP2W8.2.oir,1,26,702.6,1326.4,939,0.891,2325.561,3470.375,69.178,13.171,2038,local,62.032,39.059,4095,after,P2,8,2,0,W8,used,0.1036,False,0,,39,W8.2,Probe 1,1.0,3401.197,258.2337711639208,True
AD_2026.09.24_AP2W8.2.oir,1,27,1977.0,1397.2,1170,0.892,2841.786,3947.573,73.87,15.919,2175,local,62.032,39.059,4095,after,P2,8,2,0,W8,used,0.1036,False,0,,39,W8.2,Probe 1,1.0,3873.703,243.33833783529116,True
AD_2026.09.24_AP2W8.2.oir,1,28,904.6,1513.1,1166,0.88,2913.382,3990.218,72.936,14.902,2181,local,62.032,39.059,4095,after,P2,8,2,0,W8,used,0.1036,False,0,,39,W8.2,Probe 1,1.0,3917.2819999999997,262.86954771171656,True
AD_2026.09.24_AP2W8.2.oir,1,29,1487.8,1565.3,1191,0.802,671.071,357.131,77.177,19.835,2075,local,62.032,39.059,2010,after,P2,8,2,0,W8,used,0.1036,False,0,,39,W8.2,Probe 1,1.0,279.95399999999995,14.114141668767328,False
AD_2026.09.24_AP2W8.2.oir,1,30,621.3,1630.0,810,0.841,3791.816,4085.269,87.698,28.887,1998,local,62.032,39.059,4095,after,P2,8,2,0,W8,used,0.1036,False,0,,39,W8.2,Probe 1,1.0,3997.571,138.38650604077958,True
AD_2026.09.24_AP2W8.2.oir,1,31,1540.9,1681.6,893,0.853,3816.89,4089.71,92.726,33.572,1695,local,62.032,39.059,4095,after,P2,8,2,0,W8,used,0.1036,False,0,,39,W8.2,Probe 1,1.0,3996.984,119.05707136899797,True
AD_2026.09.24_AP2W8.2.oir,1,32,1534.2,1739.3,1628,0.812,119.496,110.386,81.54,12.851,1951,local,62.032,39.059,179,after,P2,8,2,0,W8,used,0.1036,False,0,,39,W8.2,Probe 1,1.0,28.84599999999999,2.244650221772624,False
AD_2026.09.24_AP2W8.2.oir,1,33,1820.4,1762.6,963,0.861,3836.708,4093.665,88.69,31.092,1970,local,62.032,39.059,4095,after,P2,8,2,0,W8,used,0.1036,False,0,,39,W8.2,Probe 1,1.0,4004.975,128.81046571465328,True
AD_2026.09.24_AP2W8.2.oir,1,34,990.2,1776.0,1256,0.893,3920.802,3802.135,89.842,21.923,2212,local,62.032,39.059,4095,after,P2,8,2,0,W8,used,0.1036,False,0,,39,W8.2,Probe 1,1.0,3712.293,169.3332573096748,True
AD_2026.09.24_AP2W8.2.oir,1,35,1600.7,1810.1,1079,0.89,3377.368,2742.735,79.422,16.378,1702,local,62.032,39.059,4095,after,P2,8,2,0,W8,used,0.1036,False,0,,39,W8.2,Probe 1,1.0,2663.313,162.6152765905483,True
AD_2026.09.24_AP2W8.2.oir,1,36,1640.2,1812.6,599,0.859,2505.775,3118.943,75.754,17.993,1341,local,62.032,39.059,4095,after,P2,8,2,0,W8,used,0.1036,False,0,,39,W8.2,Probe 1,1.0,3043.1890000000003,169.1318290446285,True
AD_2026.09.24_AP2W8.2.oir,1,37,580.5,1837.0,1055,0.9,700.919,1120.791,64.396,10.221,2105,local,62.032,39.059,4095,after,P2,8,2,0,W8,used,0.1036,False,0,,39,W8.2,Probe 1,1.0,1056.395,103.35534683494765,True
AD_2026.09.24_AP2W8.2.oir,1,38,737.5,1971.0,962,0.881,1044.394,1604.091,65.692,10.385,1668,local,62.032,39.059,3543,after,P2,8,2,0,W8,used,0.1036,False,0,,39,W8.2,Probe 1,1.0,1538.399,148.13663938372653,False
AD_2026.09.24_AP2W8.2.oir,1,39,779.7,1999.0,1293,0.872,957.345,1570.189,66.228,10.387,1888,local,62.032,39.059,3404,after,P2,8,2,0,W8,used,0.1036,False,0,,39,W8.2,Probe 1,1.0,1503.961,144.79262539713102,False
AD_2026.09.24_AP2W9.1.oir,1,1,400.9,90.6,719,0.815,4010.124,4093.473,92.668,80.654,1449,local,49.868,154.409,4095,after,P2,9,1,0,W9,used,0.1036,False,0,,53,W9.1,Probe 1,1.0,4000.805,49.60454534183054,True
AD_2026.09.24_AP2W9.1.oir,1,2,428.5,113.9,821,0.886,249.381,332.117,47.113,25.838,1475,local,49.868,154.409,961,after,P2,9,1,0,W9,used,0.1036,False,0,,53,W9.1,Probe 1,1.0,285.004,11.030420311169596,False
AD_2026.09.24_AP2W9.1.oir,1,3,554.9,178.6,959,0.807,48.043,48.131,44.132,9.467,1608,local,49.868,154.409,88,after,P2,9,1,0,W9,used,0.1036,False,0,,53,W9.1,Probe 1,1.0,3.9990000000000023,0.42241470370761613,False
AD_2026.09.24_AP2W9.1.oir,1,4,567.9,220.7,1231,0.851,125.218,107.157,59.099,12.842,1720,local,49.868,154.409,215,after,P2,9,1,0,W9,used,0.1036,False,0,,53,W9.1,Probe 1,1.0,48.058,3.7422519856720133,False
AD_2026.09.24_AP2W9.1.oir,1,5,368.4,291.6,1118,0.895,284.064,225.412,74.803,19.995,2142,local,49.868,154.409,507,after,P2,9,1,0,W9,used,0.1036,False,0,,53,W9.1,Probe 1,1.0,150.609,7.532333083270818,False
AD_2026.09.24_AP2W9.1.oir,1,6,1471.7,297.9,1057,0.882,44.81,43.655,42.119,7.991,2117,local,49.868,154.409,74,after,P2,9,1,0,W9,used,0.1036,False,0,,53,W9.1,Probe 1,1.0,1.5360000000000014,0.19221624327368309,False
AD_2026.09.24_AP2W9.1.oir,1,7,2008.6,307.2,1117,0.849,216.746,283.648,44.166,7.685,1624,local,49.868,154.409,660,after,P2,9,1,0,W9,used,0.1036,False,0,,53,W9.1,Probe 1,1.0,239.48200000000003,31.1622641509434,False
AD_2026.09.24_AP2W9.1.oir,1,8,486.3,320.5,1035,0.879,3027.381,4006.521,90.066,65.571,2024,local,49.868,154.409,4095,after,P2,9,1,0,W9,used,0.1036,False,0,,53,W9.1,Probe 1,1.0,3916.4550000000004,59.728462277531236,True
AD_2026.09.24_AP2W9.1.oir,1,9,1820.5,322.9,883,0.894,971.561,1291.379,46.793,12.676,2001,local,49.868,154.409,2982,after,P2,9,1,0,W9,used,0.1036,False,0,,53,W9.1,Probe 1,1.0,1244.586,98.18444304196908,False
AD_2026.09.24_AP2W9.1.oir,1,10,861.2,444.0,971,0.891,2336.564,1295.695,89.41,31.119,2061,local,49.868,154.409,4095,after,P2,9,1,0,W9,used,0.1036,False,0,,53,W9.1,Probe 1,1.0,1206.2849999999999,38.76361708281114,True
AD_2026.09.24_AP2W9.1.oir,1,11,961.3,453.3,2013,0.842,1036.327,1239.861,448.486,1124.259,1888,local,49.868,154.409,4095,after,P2,9,1,0,W9,used,0.1036,False,0,,53,W9.1,Probe 1,1.0,791.3750000000001,0.703908085236587,True
AD_2026.09.24_AP2W9.1.oir,1,12,1594.5,489.1,963,0.9,189.552,253.516,41.414,7.122,2053,local,49.868,154.409,538,after,P2,9,1,0,W9,used,0.1036,False,0,,53,W9.1,Probe 1,1.0,212.10199999999998,29.781241224375172,False
AD_2026.09.24_AP2W9.1.oir,1,13,2012.9,511.3,927,0.897,2224.724,3290.236,46.518,10.348,2006,local,49.868,154.409,4095,after,P2,9,1,0,W9,used,0.1036,False,0,,53,W9.1,Probe 1,1.0,3243.718,313.463277928102,True
AD_2026.09.24_AP2W9.1.oir,1,14,1346.4,520.4,863,0.887,3604.762,4095.0,109.599,92.806,1998,local,49.868,154.409,4095,after,P2,9,1,0,W9,used,0.1036,False,0,,53,W9.1,Probe 1,1.0,3985.401,42.94335495549856,True
AD_2026.09.24_AP2W9.1.oir,1,15,1931.1,574.1,1018,0.905,1556.145,2468.608,61.484,32.888,1608,local,49.868,154.409,4095,after,P2,9,1,0,W9,used,0.1036,False,0,,53,W9.1,Probe 1,1.0,2407.1240000000003,73.19155923133059,True
AD_2026.09.24_AP2W9.1.oir,1,16,1939.1,620.2,1407,0.9,101.719,91.63,57.968,10.562,1829,local,49.868,154.409,164,after,P2,9,1,0,W9,used,0.1036,False,0,,53,W9.1,Probe 1,1.0,33.66199999999999,3.187085779208483,False
AD_2026.09.24_AP2W9.1.oir,1,17,88.6,671.7,1411,0.731,81.517,76.174,51.513,10.216,1747,local,49.868,154.409,138,after,P2,9,1,0,W9,used,0.1036,False,0,,53,W9.1,Probe 1,1.0,24.66100000000001,2.4139584964761167,False
AD_2026.09.24_AP2W9.1.oir,1,18,341.4,683.9,830,0.908,112.067,129.769,40.478,6.757,1961,local,49.868,154.409,247,after,P2,9,1,0,W9,used,0.1036,False,0,,53,W9.1,Probe 1,1.0,89.291,13.214592274678111,False
AD_2026.09.24_AP2W9.1.oir,1,19,2002.8,699.5,1218,0.877,138.119,117.444,59.489,11.105,2200,local,49.868,154.409,223,after,P2,9,1,0,W9,used,0.1036,False,0,,53,W9.1,Probe 1,1.0,57.955000000000005,5.218820351193156,False
AD_2026.09.24_AP2W9.1.oir,1,20,33.5,705.4,844,0.861,3951.71,3888.004,73.261,21.789,1372,local,49.868,154.409,4095,after,P2,9,1,0,W9,used,0.1036,False,0,,53,W9.1,Probe 1,1.0,3814.743,175.07655238882003,True
AD_2026.09.24_AP2W9.1.oir,1,21,75.8,715.4,1251,0.81,99.205,97.417,61.83,15.005,1217,local,49.868,154.409,243,after,P2,9,1,0,W9,used,0.1036,False,0,,53,W9.1,Probe 1,1.0,35.587,2.3716761079640123,False
AD_2026.09.24_AP2W9.1.oir,1,22,1012.9,707.2,639,0.876,2381.178,1559.526,69.519,20.265,1421,local,49.868,154.409,4095,after,P2,9,1,0,W9,used,0.1036,False,0,,53,W9.1,Probe 1,1.0,1490.007,73.52612879348631,True
AD_2026.09.24_AP2W9.1.oir,1,23,1422.1,808.0,737,0.905,2746.769,3728.317,69.352,41.011,1905,local,49.868,154.409,4095,after,P2,9,1,0,W9,used,0.1036,False,0,,53,W9.1,Probe 1,1.0,3658.965,89.21911194557558,True
AD_2026.09.24_AP2W9.1.oir,1,24,1329.9,832.4,894,0.741,43.536,43.642,42.666,7.575,1498,local,49.868,154.409,65,after,P2,9,1,0,W9,used,0.1036,False,0,,53,W9.1,Probe 1,1.0,0.9760000000000062,0.12884488448844966,False
AD_2026.09.24_AP2W9.1.oir,1,25,426.2,867.6,893,0.895,1363.656,2128.851,50.555,15.173,2012,local,49.868,154.409,4095,after,P2,9,1,0,W9,used,0.1036,False,0,,53,W9.1,Probe 1,1.0,2078.2960000000003,136.97330784946948,True
AD_2026.09.24_AP2W9.1.oir,1,26,1341.2,870.5,1296,0.755,65.45,64.458,48.701,8.883,1046,local,49.868,154.409,133,after,P2,9,1,0,W9,used,0.1036,False,0,,53,W9.1,Probe 1,1.0,15.756999999999998,1.7738376674546887,False
AD_2026.09.24_AP2W9.1.oir,1,27,1316.1,902.9,1340,0.783,49.652,49.466,45.531,7.76,1119,local,49.868,154.409,85,after,P2,9,1,0,W9,used,0.1036,False,0,,53,W9.1,Probe 1,1.0,3.9350000000000023,0.5070876288659797,False
AD_2026.09.24_AP2W9.1.oir,1,28,1202.9,962.0,869,0.899,1733.589,2645.463,57.309,21.825,1997,local,49.868,154.409,4095,after,P2,9,1,0,W9,used,0.1036,False,0,,53,W9.1,Probe 1,1.0,2588.154,118.58666666666667,True
AD_2026.09.24_AP2W9.1.oir,1,29,376.0,975.0,1142,0.897,1200.137,1983.249,48.547,12.235,2153,local,49.868,154.409,4095,after,P2,9,1,0,W9,used,0.1036,False,0,,53,W9.1,Probe 1,1.0,1934.702,158.12848385778506,True
AD_2026.09.24_AP2W9.1.oir,1,30,122.0,1022.4,799,0.894,1442.2,2038.975,45.761,8.737,1948,local,49.868,154.409,4095,after,P2,9,1,0,W9,used,0.1036,False,0,,53,W9.1,Probe 1,1.0,1993.214,228.13482888863453,True
AD_2026.09.24_AP2W9.1.oir,1,31,651.7,1054.2,1226,0.886,749.672,1232.821,48.382,11.218,2198,local,49.868,154.409,3551,after,P2,9,1,0,W9,used,0.1036,False,0,,53,W9.1,Probe 1,1.0,1184.4389999999999,105.58379390265644,False
AD_2026.09.24_AP2W9.1.oir,1,32,197.6,1082.1,1183,0.85,47.487,46.947,44.226,7.247,2196,local,49.868,154.409,80,after,P2,9,1,0,W9,used,0.1036,False,0,,53,W9.1,Probe 1,1.0,2.7210000000000036,0.3754657099489449,False
AD_2026.09.24_AP2W9.1.oir,1,33,1779.4,1099.3,931,0.914,717.633,1090.216,44.845,8.469,2017,local,49.868,154.409,2602,after,P2,9,1,0,W9,used,0.1036,False,0,,53,W9.1,Probe 1,1.0,1045.3709999999999,123.43499822883457,False
AD_2026.09.24_AP2W9.1.oir,1,34,1468.5,1123.9,941,0.884,201.808,155.617,62.365,21.776,2042,local,49.868,154.409,397,after,P2,9,1,0,W9,used,0.1036,False,0,,53,W9.1,Probe 1,1.0,93.25199999999998,4.28232916972814,False
AD_2026.09.24_AP2W9.1.oir,1,35,76.8,1180.1,964,0.884,548.638,844.393,43.937,7.758,2060,local,49.868,154.409,3190,after,P2,9,1,0,W9,used,0.1036,False,0,,53,W9.1,Probe 1,1.0,800.456,103.17813869554008,False
AD_2026.09.24_AP2W9.1.oir,1,36,1915.7,1189.3,1390,0.849,124.168,117.243,59.555,11.516,1810,local,49.868,154.409,234,after,P2,9,1,0,W9,used,0.1036,False,0,,53,W9.1,Probe 1,1.0,57.687999999999995,5.009378256339006,False
AD_2026.09.24_AP2W9.1.oir,1,37,169.3,1216.9,763,0.901,3249.402,3992.799,71.25,37.794,1927,local,49.868,154.409,4095,after,P2,9,1,0,W9,used,0.1036,False,0,,53,W9.1,Probe 1,1.0,3921.549,103.76115256389905,True
AD_2026.09.24_AP2W9.1.oir,1,38,422.0,1260.1,984,0.894,1835.136,2697.453,277.677,774.555,1961,local,49.868,154.409,4095,after,P2,9,1,0,W9,used,0.1036,False,0,,53,W9.1,Probe 1,1.0,2419.776,3.124085442608982,True
AD_2026.09.24_AP2W9.1.oir,1,39,314.2,1280.6,1297,0.876,104.138,88.147,51.935,10.614,2246,local,49.868,154.409,189,after,P2,9,1,0,W9,used,0.1036,False,0,,53,W9.1,Probe 1,1.0,36.212,3.411720369323535,False
AD_2026.09.24_AP2W9.1.oir,1,40,272.0,1378.0,810,0.896,3022.925,3819.664,98.113,69.741,1696,local,49.868,154.409,4095,after,P2,9,1,0,W9,used,0.1036,False,0,,53,W9.1,Probe 1,1.0,3721.5510000000004,53.36245537058546,True
AD_2026.09.24_AP2W9.1.oir,1,41,287.8,1423.8,705,0.891,3567.013,4039.023,91.523,73.09,1622,local,49.868,154.409,4095,after,P2,9,1,0,W9,used,0.1036,False,0,,53,W9.1,Probe 1,1.0,3947.5,54.00875632781502,True
AD_2026.09.24_AP2W9.1.oir,1,42,1523.7,1440.5,1230,0.905,602.539,959.093,44.471,7.699,2197,local,49.868,154.409,2847,after,P2,9,1,0,W9,used,0.1036,False,0,,53,W9.1,Probe 1,1.0,914.622,118.79750616963241,False
AD_2026.09.24_AP2W9.1.oir,1,43,27.7,1474.1,830,0.872,322.789,444.164,43.615,7.294,1724,local,49.868,154.409,960,after,P2,9,1,0,W9,used,0.1036,False,0,,53,W9.1,Probe 1,1.0,400.549,54.91486153002468,False
AD_2026.09.24_AP2W9.1.oir,1,44,887.7,1614.0,1036,0.768,2076.853,2541.387,75.128,41.726,1467,local,49.868,154.409,4095,after,P2,9,1,0,W9,used,0.1036,False,0,,53,W9.1,Probe 1,1.0,2466.259,59.10604898624359,True
AD_2026.09.24_AP2W9.1.oir,1,45,1820.6,1646.1,891,0.844,2543.846,3473.564,60.963,24.108,1006,local,49.868,154.409,4095,after,P2,9,1,0,W9,used,0.1036,False,0,,53,W9.1,Probe 1,1.0,3412.6009999999997,141.55471212875392,True
AD_2026.09.24_AP2W9.1.oir,1,46,1859.7,1665.8,1162,0.877,1495.09,2401.602,52.83,15.644,1712,local,49.868,154.409,4095,after,P2,9,1,0,W9,used,0.1036,False,0,,53,W9.1,Probe 1,1.0,2348.772,150.13883917156735,True
AD_2026.09.24_AP2W9.1.oir,1,47,1142.4,1778.8,588,0.899,2835.48,3562.378,58.572,22.71,1801,local,49.868,154.409,4095,after,P2,9,1,0,W9,used,0.1036,False,0,,53,W9.1,Probe 1,1.0,3503.806,154.2847203874945,True
AD_2026.09.24_AP2W9.1.oir,1,48,1253.2,1898.5,1570,0.864,48.809,49.884,46.188,9.318,1688,local,49.868,154.409,135,after,P2,9,1,0,W9,used,0.1036,False,0,,53,W9.1,Probe 1,1.0,3.695999999999998,0.39665164198325803,False
AD_2026.09.24_AP2W9.1.oir,1,49,248.5,1910.1,945,0.758,89.694,83.931,51.663,8.818,1512,local,49.868,154.409,143,after,P2,9,1,0,W9,used,0.1036,False,0,,53,W9.1,Probe 1,1.0,32.268,3.6593331821274666,False
AD_2026.09.24_AP2W9.1.oir,1,50,1634.9,1928.9,555,0.709,377.007,434.893,45.027,7.436,1266,local,49.868,154.409,1335,after,P2,9,1,0,W9,used,0.1036,False,0,,53,W9.1,Probe 1,1.0,389.866,52.429532006455084,False
AD_2026.09.24_AP2W9.1.oir,1,51,910.1,1929.8,795,0.914,339.809,467.149,44.284,7.581,1912,local,49.868,154.409,1182,after,P2,9,1,0,W9,used,0.1036,False,0,,53,W9.1,Probe 1,1.0,422.865,55.77958053027305,False
AD_2026.09.24_AP2W9.1.oir,1,52,1510.4,1968.9,552,0.704,55.514,55.901,50.642,8.612,1120,local,49.868,154.409,89,after,P2,9,1,0,W9,used,0.1036,False,0,,53,W9.1,Probe 1,1.0,5.259,0.6106595448211798,False
AD_2026.09.24_AP2W9.1.oir,1,53,476.6,1989.0,560,0.879,3374.65,3863.241,72.912,59.653,1791,local,49.868,154.409,4095,after,P2,9,1,0,W9,used,0.1036,False,0,,53,W9.1,Probe 1,1.0,3790.329,63.53962080700049,True
AD_2026.09.24_AP2W9.3.oir,1,1,1902.2,46.8,1183,0.896,914.478,1467.365,43.946,11.433,1839,local,54.638,197.229,3939,after,P2,9,3,0,W9,used,0.1036,False,0,,85,W9.3,Probe 1,1.0,1423.419,124.5009183941223,False
AD_2026.09.24_AP2W9.3.oir,1,2,1340.7,48.3,1114,0.904,117.381,143.679,38.663,6.73,2129,local,54.638,197.229,254,after,P2,9,3,0,W9,used,0.1036,False,0,,85,W9.3,Probe 1,1.0,105.016,15.604160475482912,False
AD_2026.09.24_AP2W9.3.oir,1,3,495.4,46.0,806,0.882,3031.282,3911.843,54.178,17.29,1922,local,54.638,197.229,4095,after,P2,9,3,0,W9,used,0.1036,False,0,,85,W9.3,Probe 1,1.0,3857.665,223.1153846153846,True
AD_2026.09.24_AP2W9.3.oir,1,4,740.8,189.4,1749,0.83,44.325,43.751,42.819,7.209,2507,local,54.638,197.229,75,after,P2,9,3,0,W9,used,0.1036,False,0,,85,W9.3,Probe 1,1.0,0.931999999999995,0.12928284089332712,False
AD_2026.09.24_AP2W9.3.oir,1,5,210.6,208.3,1562,0.801,53.445,53.897,46.399,10.048,1853,local,54.638,197.229,98,after,P2,9,3,0,W9,used,0.1036,False,0,,85,W9.3,Probe 1,1.0,7.4979999999999976,0.7462181528662418,False
AD_2026.09.24_AP2W9.3.oir,1,6,1929.4,209.8,912,0.7,41.14,40.848,41.04,6.805,1437,local,54.638,197.229,66,after,P2,9,3,0,W9,used,0.1036,False,0,,85,W9.3,Probe 1,1.0,-0.19200000000000017,-0.02821454812637769,False
AD_2026.09.24_AP2W9.3.oir,1,7,1288.0,233.1,1158,0.886,49.631,49.207,41.933,7.146,2165,local,54.638,197.229,88,after,P2,9,3,0,W9,used,0.1036,False,0,,85,W9.3,Probe 1,1.0,7.274000000000001,1.0179121186677864,False
AD_2026.09.24_AP2W9.3.oir,1,8,235.8,244.2,990,0.737,206.397,186.127,74.889,21.11,848,local,54.638,197.229,348,after,P2,9,3,0,W9,used,0.1036,False,0,,85,W9.3,Probe 1,1.0,111.23800000000001,5.269445760303174,False
AD_2026.09.24_AP2W9.3.oir,1,9,1879.4,258.0,1127,0.823,53.911,52.884,44.712,7.681,1560,local,54.638,197.229,118,after,P2,9,3,0,W9,used,0.1036,False,0,,85,W9.3,Probe 1,1.0,8.171999999999997,1.0639239682333026,False
AD_2026.09.24_AP2W9.3.oir,1,10,1615.2,265.4,1006,0.896,3460.225,4093.988,89.71,72.071,2078,local,54.638,197.229,4095,after,P2,9,3,0,W9,used,0.1036,False,0,,85,W9.3,Probe 1,1.0,4004.278,55.56018370773265,True
AD_2026.09.24_AP2W9.3.oir,1,11,1218.7,266.2,760,0.877,3397.186,3949.045,155.229,141.034,1495,local,54.638,197.229,4095,after,P2,9,3,0,W9,used,0.1036,False,0,,85,W9.3,Probe 1,1.0,3793.8160000000003,26.900009926684348,True
AD_2026.09.24_AP2W9.3.oir,1,12,1177.5,273.0,965,0.873,2150.711,3196.043,85.601,71.552,1179,local,54.638,197.229,4095,after,P2,9,3,0,W9,used,0.1036,False,0,,85,W9.3,Probe 1,1.0,3110.442,43.47106999105545,True
AD_2026.09.24_AP2W9.3.oir,1,13,1711.7,311.7,1142,0.889,2962.267,4016.074,81.469,57.121,2153,local,54.638,197.229,4095,after,P2,9,3,0,W9,used,0.1036,False,0,,85,W9.3,Probe 1,1.0,3934.605,68.88193484007633,True
AD_2026.09.24_AP2W9.3.oir,1,14,1174.5,310.4,648,0.865,3072.892,3717.867,80.245,58.759,1390,local,54.638,197.229,4095,after,P2,9,3,0,W9,used,0.1036,False,0,,85,W9.3,Probe 1,1.0,3637.6220000000003,61.907486512704445,True
AD_2026.09.24_AP2W9.3.oir,1,15,1032.5,318.9,868,0.866,3371.304,4079.256,107.086,86.523,2010,local,54.638,197.229,4095,after,P2,9,3,0,W9,used,0.1036,False,0,,85,W9.3,Probe 1,1.0,3972.17,45.908833489361214,True
AD_2026.09.24_AP2W9.3.oir,1,16,1323.7,324.5,862,0.896,126.542,109.159,51.41,11.741,1990,local,54.638,197.229,206,after,P2,9,3,0,W9,used,0.1036,False,0,,85,W9.3,Probe 1,1.0,57.74900000000001,4.918575930499959,False
AD_2026.09.24_AP2W9.3.oir,1,17,1986.7,330.7,1157,0.901,114.895,99.863,55.768,9.537,2155,local,54.638,197.229,188,after,P2,9,3,0,W9,used,0.1036,False,0,,85,W9.3,Probe 1,1.0,44.095,4.6235713536751595,False
AD_2026.09.24_AP2W9.3.oir,1,18,234.2,346.8,622,0.762,2054.391,2547.072,51.57,14.953,1244,local,54.638,197.229,4095,after,P2,9,3,0,W9,used,0.1036,False,0,,85,W9.3,Probe 1,1.0,2495.502,166.8897211261954,True
AD_2026.09.24_AP2W9.3.oir,1,19,504.5,350.3,770,0.856,3071.423,3943.899,69.225,38.95,1895,local,54.638,197.229,4095,after,P2,9,3,0,W9,used,0.1036,False,0,,85,W9.3,Probe 1,1.0,3874.674,99.4781514762516,True
AD_2026.09.24_AP2W9.3.oir,1,20,1644.2,361.1,1361,0.828,229.478,322.018,45.286,10.305,1639,local,54.638,197.229,711,after,P2,9,3,0,W9,used,0.1036,False,0,,85,W9.3,Probe 1,1.0,276.73199999999997,26.85414847161572,False
AD_2026.09.24_AP2W9.3.oir,1,21,306.9,363.3,730,0.897,431.093,564.297,44.903,10.9,1737,local,54.638,197.229,978,after,P2,9,3,0,W9,used,0.1036,False,0,,85,W9.3,Probe 1,1.0,519.394,47.6508256880734,False
AD_2026.09.24_AP2W9.3.oir,1,22,1680.7,385.7,1230,0.774,213.543,186.982,61.84,11.546,1106,local,54.638,197.229,437,after,P2,9,3,0,W9,used,0.1036,False,0,,85,W9.3,Probe 1,1.0,125.142,10.83855880824528,False
AD_2026.09.24_AP2W9.3.oir,1,23,615.9,395.1,665,0.879,1889.695,2642.353,52.989,21.115,1425,local,54.638,197.229,4095,after,P2,9,3,0,W9,used,0.1036,False,0,,85,W9.3,Probe 1,1.0,2589.364,122.63149419843714,True
AD_2026.09.24_AP2W9.3.oir,1,24,1663.8,434.4,631,0.77,51.997,52.36,52.537,10.919,930,local,54.638,197.229,73,after,P2,9,3,0,W9,used,0.1036,False,0,,85,W9.3,Probe 1,1.0,-0.1769999999999996,-0.016210275666269768,False
AD_2026.09.24_AP2W9.3.oir,1,25,1637.2,486.5,2452,0.754,161.31,125.869,57.767,12.017,1355,local,54.638,197.229,328,after,P2,9,3,0,W9,used,0.1036,False,0,,85,W9.3,Probe 1,1.0,68.102,5.667138220853791,False
AD_2026.09.24_AP2W9.3.oir,1,26,1588.2,478.0,1827,0.828,70.502,69.738,76.325,62.81,1398,local,54.638,197.229,115,after,P2,9,3,0,W9,used,0.1036,False,0,,85,W9.3,Probe 1,1.0,-6.587000000000003,-0.10487183569495308,False
AD_2026.09.24_AP2W9.3.oir,1,27,1527.6,480.3,852,0.804,3660.467,4095.0,475.491,1065.303,1694,local,54.638,197.229,4095,after,P2,9,3,0,W9,used,0.1036,False,0,,85,W9.3,Probe 1,1.0,3619.509,3.3976333493851043,True
AD_2026.09.24_AP2W9.3.oir,1,28,1683.4,495.6,818,0.874,1009.507,606.764,53.998,11.856,1432,local,54.638,197.229,3229,after,P2,9,3,0,W9,used,0.1036,False,0,,85,W9.3,Probe 1,1.0,552.766,46.62331309041835,False
AD_2026.09.24_AP2W9.3.oir,1,29,467.9,541.4,1467,0.852,39.518,39.118,39.716,6.642,2356,local,54.638,197.229,64,after,P2,9,3,0,W9,used,0.1036,False,0,,85,W9.3,Probe 1,1.0,-0.597999999999999,-0.0900331225534476,False
AD_2026.09.24_AP2W9.3.oir,1,30,1388.1,543.4,960,0.875,3144.765,4001.124,101.246,73.931,1670,local,54.638,197.229,4095,after,P2,9,3,0,W9,used,0.1036,False,0,,85,W9.3,Probe 1,1.0,3899.8779999999997,52.75024008873138,True
AD_2026.09.24_AP2W9.3.oir,1,31,1062.0,572.3,964,0.906,2329.899,3405.43,73.432,44.136,2050,local,54.638,197.229,4095,after,P2,9,3,0,W9,used,0.1036,False,0,,85,W9.3,Probe 1,1.0,3331.998,75.49388254486134,True
AD_2026.09.24_AP2W9.3.oir,1,32,1408.8,585.3,1052,0.888,1958.725,3073.464,65.51,41.246,1707,local,54.638,197.229,4095,after,P2,9,3,0,W9,used,0.1036,False,0,,85,W9.3,Probe 1,1.0,3007.9539999999997,72.92716869514618,True
AD_2026.09.24_AP2W9.3.oir,1,33,1907.4,596.7,899,0.884,1022.043,1520.486,48.161,12.186,1666,local,54.638,197.229,3464,after,P2,9,3,0,W9,used,0.1036,False,0,,85,W9.3,Probe 1,1.0,1472.325,120.82102412604628,False
AD_2026.09.24_AP2W9.3.oir,1,34,1249.5,612.4,612,0.896,403.809,545.046,41.638,7.93,1827,local,54.638,197.229,1645,after,P2,9,3,0,W9,used,0.1036,False,0,,85,W9.3,Probe 1,1.0,503.4080000000001,63.481462799495596,False
AD_2026.09.24_AP2W9.3.oir,1,35,1573.8,650.1,1090,0.897,474.123,719.708,65.174,29.896,818,local,54.638,197.229,1800,after,P2,9,3,0,W9,used,0.1036,False,0,,85,W9.3,Probe 1,1.0,654.534,21.893698153599143,False
AD_2026.09.24_AP2W9.3.oir,1,36,785.8,649.3,808,0.884,3358.11,4045.95,100.057,80.74,1447,local,54.638,197.229,4095,after,P2,9,3,0,W9,used,0.1036,False,0,,85,W9.3,Probe 1,1.0,3945.893,48.87160019816696,True
AD_2026.09.24_AP2W9.3.oir,1,37,1532.4,658.4,740,0.8,286.389,269.061,101.438,30.101,1357,local,54.638,197.229,427,after,P2,9,3,0,W9,used,0.1036,False,0,,85,W9.3,Probe 1,1.0,167.623,5.5686854257333644,False
AD_2026.09.24_AP2W9.3.oir,1,38,982.9,675.2,1159,0.891,174.831,144.956,65.949,22.29,1873,local,54.638,197.229,308,after,P2,9,3,0,W9,used,0.1036,False,0,,85,W9.3,Probe 1,1.0,79.00699999999999,3.544504262000897,False
AD_2026.09.24_AP2W9.3.oir,1,39,791.8,708.2,2298,0.805,43.529,43.762,45.601,16.62,2240,local,54.638,197.229,77,after,P2,9,3,0,W9,used,0.1036,False,0,,85,W9.3,Probe 1,1.0,-1.8389999999999986,-0.11064981949458474,False
AD_2026.09.24_AP2W9.3.oir,1,40,559.6,707.3,1251,0.854,60.771,58.31,46.496,7.728,1914,local,54.638,197.229,100,after,P2,9,3,0,W9,used,0.1036,False,0,,85,W9.3,Probe 1,1.0,11.814,1.5287267080745341,False
AD_2026.09.24_AP2W9.3.oir,1,41,947.2,720.1,1730,0.835,1153.284,604.115,67.171,27.682,2220,local,54.638,197.229,4095,after,P2,9,3,0,W9,used,0.1036,False,0,,85,W9.3,Probe 1,1.0,536.944,19.39686438841124,True
AD_2026.09.24_AP2W9.3.oir,1,42,1779.1,733.2,1356,0.896,732.31,1298.516,43.934,8.183,2259,local,54.638,197.229,3924,after,P2,9,3,0,W9,used,0.1036,False,0,,85,W9.3,Probe 1,1.0,1254.582,153.3156544054748,False
AD_2026.09.24_AP2W9.3.oir,1,43,1309.0,750.6,870,0.881,1553.63,2377.885,51.399,16.167,2004,local,54.638,197.229,4095,after,P2,9,3,0,W9,used,0.1036,False,0,,85,W9.3,Probe 1,1.0,2326.4860000000003,143.9033834353931,True
AD_2026.09.24_AP2W9.3.oir,1,44,1970.8,760.5,948,0.838,2826.277,3891.865,67.415,37.887,1983,local,54.638,197.229,4095,after,P2,9,3,0,W9,used,0.1036,False,0,,85,W9.3,Probe 1,1.0,3824.45,100.94359542851109,True
AD_2026.09.24_AP2W9.3.oir,1,45,1840.9,799.9,956,0.902,380.186,552.813,41.2,7.264,2047,local,54.638,197.229,1456,after,P2,9,3,0,W9,used,0.1036,False,0,,85,W9.3,Probe 1,1.0,511.613,70.43130506607929,False
AD_2026.09.24_AP2W9.3.oir,1,46,939.8,800.0,744,0.893,145.23,177.1,40.872,7.055,1918,local,54.638,197.229,300,after,P2,9,3,0,W9,used,0.1036,False,0,,85,W9.3,Probe 1,1.0,136.228,19.30942593905032,False
AD_2026.09.24_AP2W9.3.oir,1,47,323.1,859.1,1411,0.841,89.637,85.434,65.31,14.563,940,local,54.638,197.229,141,after,P2,9,3,0,W9,used,0.1036,False,0,,85,W9.3,Probe 1,1.0,20.123999999999995,1.381858133626313,False
AD_2026.09.24_AP2W9.3.oir,1,48,1856.6,888.1,1004,0.894,993.641,951.741,46.57,9.991,2075,local,54.638,197.229,2467,after,P2,9,3,0,W9,used,0.1036,False,0,,85,W9.3,Probe 1,1.0,905.1709999999999,90.59863877489741,False
AD_2026.09.24_AP2W9.3.oir,1,49,308.4,910.2,1507,0.83,113.237,104.437,67.348,14.769,1900,local,54.638,197.229,182,after,P2,9,3,0,W9,used,0.1036,False,0,,85,W9.3,Probe 1,1.0,37.089,2.511273613650213,False
AD_2026.09.24_AP2W9.3.oir,1,50,1374.2,926.8,1046,0.887,1092.06,608.403,77.034,23.032,1076,local,54.638,197.229,2608,after,P2,9,3,0,W9,used,0.1036,False,0,,85,W9.3,Probe 1,1.0,531.369,23.070901354637027,False
AD_2026.09.24_AP2W9.3.oir,1,51,1367.7,971.2,1145,0.867,194.506,167.671,68.946,14.918,1642,local,54.638,197.229,308,after,P2,9,3,0,W9,used,0.1036,False,0,,85,W9.3,Probe 1,1.0,98.725,6.617844215042231,False
AD_2026.09.24_AP2W9.3.oir,1,52,1292.2,980.6,989,0.797,3090.78,2312.277,69.856,20.001,1502,local,54.638,197.229,4095,after,P2,9,3,0,W9,used,0.1036,False,0,,85,W9.3,Probe 1,1.0,2242.4210000000003,112.11544422778861,True
AD_2026.09.24_AP2W9.3.oir,1,53,2017.7,977.7,487,0.739,42.312,42.086,41.457,7.12,1113,local,54.638,197.229,67,after,P2,9,3,0,W9,used,0.1036,False,0,,85,W9.3,Probe 1,1.0,0.6289999999999978,0.08834269662921317,False
AD_2026.09.24_AP2W9.3.oir,1,54,102.8,1134.4,1331,0.895,385.902,265.423,72.315,18.125,2243,local,54.638,197.229,781,after,P2,9,3,0,W9,used,0.1036,False,0,,85,W9.3,Probe 1,1.0,193.108,10.654234482758621,False
AD_2026.09.24_AP2W9.3.oir,1,55,1416.4,1150.3,1085,0.913,326.18,482.877,41.794,7.323,2112,local,54.638,197.229,1635,after,P2,9,3,0,W9,used,0.1036,False,0,,85,W9.3,Probe 1,1.0,441.083,60.232554963812646,False
AD_2026.09.24_AP2W9.3.oir,1,56,1218.3,1162.4,867,0.891,264.646,364.412,41.724,7.372,1997,local,54.638,197.229,1112,after,P2,9,3,0,W9,used,0.1036,False,0,,85,W9.3,Probe 1,1.0,322.688,43.772110689093864,False
AD_2026.09.24_AP2W9.3.oir,1,57,1291.0,1191.3,1080,0.905,458.035,712.458,43.178,7.983,2111,local,54.638,197.229,2675,after,P2,9,3,0,W9,used,0.1036,False,0,,85,W9.3,Probe 1,1.0,669.28,83.83815608167356,False
AD_2026.09.24_AP2W9.3.oir,1,58,1728.8,1248.9,736,0.844,397.698,338.002,87.046,21.479,1300,local,54.638,197.229,676,after,P2,9,3,0,W9,used,0.1036,False,0,,85,W9.3,Probe 1,1.0,250.95600000000002,11.683784161273804,False
AD_2026.09.24_AP2W9.3.oir,1,59,828.4,1250.4,872,0.883,703.308,1056.351,44.508,9.004,2004,local,54.638,197.229,3420,after,P2,9,3,0,W9,used,0.1036,False,0,,85,W9.3,Probe 1,1.0,1011.8430000000001,112.37705464238118,False
AD_2026.09.24_AP2W9.3.oir,1,60,1195.9,1291.7,1162,0.905,381.695,574.805,44.317,8.658,2160,local,54.638,197.229,1574,after,P2,9,3,0,W9,used,0.1036,False,0,,85,W9.3,Probe 1,1.0,530.4879999999999,61.271425271425265,False
AD_2026.09.24_AP2W9.3.oir,1,61,618.6,1301.9,959,0.901,103.117,113.283,40.568,6.907,2049,local,54.638,197.229,202,after,P2,9,3,0,W9,used,0.1036,False,0,,85,W9.3,Probe 1,1.0,72.715,10.527725495873751,False
AD_2026.09.24_AP2W9.3.oir,1,62,952.0,1355.3,1413,0.83,389.235,268.49,88.23,43.718,1623,local,54.638,197.229,811,after,P2,9,3,0,W9,used,0.1036,False,0,,85,W9.3,Probe 1,1.0,180.26,4.123244430211812,False
AD_2026.09.24_AP2W9.3.oir,1,63,965.1,1393.6,653,0.706,91.172,91.08,57.253,19.742,1381,local,54.638,197.229,257,after,P2,9,3,0,W9,used,0.1036,False,0,,85,W9.3,Probe 1,1.0,33.827,1.7134535508053894,False
AD_2026.09.24_AP2W9.3.oir,1,64,443.5,1424.6,920,0.895,252.472,347.996,43.064,7.952,2027,local,54.638,197.229,866,after,P2,9,3,0,W9,used,0.1036,False,0,,85,W9.3,Probe 1,1.0,304.93199999999996,38.34657947686116,False
AD_2026.09.24_AP2W9.3.oir,1,65,1682.8,1434.7,839,0.904,607.027,890.264,45.042,7.912,1977,local,54.638,197.229,3569,after,P2,9,3,0,W9,used,0.1036,False,0,,85,W9.3,Probe 1,1.0,845.222,106.8278564206269,False
AD_2026.09.24_AP2W9.3.oir,1,66,875.4,1458.3,958,0.913,1540.907,2348.112,55.687,20.623,2036,local,54.638,197.229,4095,after,P2,9,3,0,W9,used,0.1036,False,0,,85,W9.3,Probe 1,1.0,2292.425,111.15865780924211,True
AD_2026.09.24_AP2W9.3.oir,1,67,1135.9,1508.9,1032,0.873,180.473,154.806,69.002,16.198,1971,local,54.638,197.229,295,after,P2,9,3,0,W9,used,0.1036,False,0,,85,W9.3,Probe 1,1.0,85.80400000000002,5.297197184837636,False
AD_2026.09.24_AP2W9.3.oir,1,68,678.0,1529.4,2032,0.877,330.038,223.756,78.003,20.119,2250,local,54.638,197.229,809,after,P2,9,3,0,W9,used,0.1036,False,0,,85,W9.3,Probe 1,1.0,145.753,7.244544957502858,False
AD_2026.09.24_AP2W9.3.oir,1,69,604.0,1545.7,2071,0.871,45.62,46.143,51.196,17.619,2552,local,54.638,197.229,78,after,P2,9,3,0,W9,used,0.1036,False,0,,85,W9.3,Probe 1,1.0,-5.052999999999997,-0.28679266700720796,False
AD_2026.09.24_AP2W9.3.oir,1,70,1767.7,1534.7,744,0.889,3919.3,4095.0,98.731,70.273,1920,local,54.638,197.229,4095,after,P2,9,3,0,W9,used,0.1036,False,0,,85,W9.3,Probe 1,1.0,3996.2690000000002,56.867772828824734,True
AD_2026.09.24_AP2W9.3.oir,1,71,1866.9,1553.0,1101,0.885,290.098,422.743,42.703,7.155,2138,local,54.638,197.229,1109,after,P2,9,3,0,W9,used,0.1036,False,0,,85,W9.3,Probe 1,1.0,380.03999999999996,53.11530398322851,False
AD_2026.09.24_AP2W9.3.oir,1,72,942.1,1578.6,1152,0.824,93.619,88.901,58.046,10.912,1651,local,54.638,197.229,282,after,P2,9,3,0,W9,used,0.1036,False,0,,85,W9.3,Probe 1,1.0,30.854999999999997,2.827620967741935,False
AD_2026.09.24_AP2W9.3.oir,1,73,1418.8,1586.2,760,0.898,2973.349,3797.457,80.222,49.114,1927,local,54.638,197.229,4095,after,P2,9,3,0,W9,used,0.1036,False,0,,85,W9.3,Probe 1,1.0,3717.2349999999997,75.68585332084538,True
AD_2026.09.24_AP2W9.3.oir,1,74,921.7,1616.9,1171,0.771,94.691,88.982,59.144,13.227,1687,local,54.638,197.229,330,after,P2,9,3,0,W9,used,0.1036,False,0,,85,W9.3,Probe 1,1.0,29.838,2.2558403266046723,False
AD_2026.09.24_AP2W9.3.oir,1,75,1282.4,1645.7,713,0.89,1792.216,2449.781,66.856,39.315,1789,local,54.638,197.229,4095,after,P2,9,3,0,W9,used,0.1036,False,0,,85,W9.3,Probe 1,1.0,2382.925,60.6110899147908,True
AD_2026.09.24_AP2W9.3.oir,1,76,312.9,1651.7,887,0.902,272.399,352.268,44.959,10.194,2002,local,54.638,197.229,898,after,P2,9,3,0,W9,used,0.1036,False,0,,85,W9.3,Probe 1,1.0,307.30899999999997,30.14606631351775,False
AD_2026.09.24_AP2W9.3.oir,1,77,1135.5,1691.9,1409,0.715,53.327,52.027,47.808,8.471,1885,local,54.638,197.229,91,after,P2,9,3,0,W9,used,0.1036,False,0,,85,W9.3,Probe 1,1.0,4.219000000000001,0.4980521780191242,False
AD_2026.09.24_AP2W9.3.oir,1,78,1272.8,1762.4,1068,0.693,42.992,43.422,43.384,7.686,1149,local,54.638,197.229,67,after,P2,9,3,0,W9,used,0.1036,False,0,,85,W9.3,Probe 1,1.0,0.0379999999999967,0.004944054124381565,False
AD_2026.09.24_AP2W9.3.oir,1,79,1990.7,1769.5,963,0.751,117.04,139.309,59.522,10.542,1359,local,54.638,197.229,725,after,P2,9,3,0,W9,used,0.1036,False,0,,85,W9.3,Probe 1,1.0,79.787,7.568487952950105,False
AD_2026.09.24_AP2W9.3.oir,1,80,1657.1,1769.4,1009,0.907,1079.232,1671.877,46.82,9.513,2077,local,54.638,197.229,4095,after,P2,9,3,0,W9,used,0.1036,False,0,,85,W9.3,Probe 1,1.0,1625.057,170.82487122884476,True
AD_2026.09.24_AP2W9.3.oir,1,81,2024.0,1771.3,619,0.757,292.725,342.751,54.063,9.694,962,local,54.638,197.229,857,after,P2,9,3,0,W9,used,0.1036,False,0,,85,W9.3,Probe 1,1.0,288.688,29.780070146482355,False
AD_2026.09.24_AP2W9.3.oir,1,82,1750.3,1834.2,1200,0.883,219.102,309.255,42.443,7.189,2190,local,54.638,197.229,674,after,P2,9,3,0,W9,used,0.1036,False,0,,85,W9.3,Probe 1,1.0,266.812,37.11392405063291,False
AD_2026.09.24_AP2W9.3.oir,1,83,1159.9,1844.3,1321,0.904,110.421,97.944,58.958,11.032,2240,local,54.638,197.229,176,after,P2,9,3,0,W9,used,0.1036,False,0,,85,W9.3,Probe 1,1.0,38.986000000000004,3.5339013778100075,False
AD_2026.09.24_AP2W9.3.oir,1,84,1439.4,1860.0,605,0.903,4095.0,4095.0,91.453,38.84,1813,local,54.638,197.229,4095,after,P2,9,3,0,W9,used,0.1036,False,0,,85,W9.3,Probe 1,1.0,4003.547,103.0779351184346,True
AD_2026.09.24_AP2W9.3.oir,1,85,1909.9,1995.8,1116,0.885,1043.463,457.892,55.078,11.053,2146,local,54.638,197.229,3028,after,P2,9,3,0,W9,used,0.1036,False,0,,85,W9.3,Probe 1,1.0,402.81399999999996,36.44386139509635,False
AD_2026.09.24_AP2W9.3_0001.oir,1,1,299.2,32.5,853,0.886,3705.137,3979.757,100.723,120.456,1918,local,47.976,126.416,4095,after,P2,9,3,1,W9,used,0.1036,False,1,,34,W9.3b,Probe 1,1.0,3879.034,32.2029122667198,True
AD_2026.09.24_AP2W9.3_0001.oir,1,2,1415.7,103.7,1121,0.897,3106.221,3834.824,94.914,92.075,2142,local,47.976,126.416,4095,after,P2,9,3,1,W9,used,0.1036,False,1,,34,W9.3b,Probe 1,1.0,3739.91,40.61808308444203,True
AD_2026.09.24_AP2W9.3_0001.oir,1,3,753.5,157.4,1492,0.868,90.629,83.659,56.173,17.45,2100,local,47.976,126.416,180,after,P2,9,3,1,W9,used,0.1036,False,1,,34,W9.3b,Probe 1,1.0,27.486000000000004,1.5751289398280806,False
AD_2026.09.24_AP2W9.3_0001.oir,1,4,323.8,165.8,766,0.884,4014.918,3966.358,64.785,21.614,1939,local,47.976,126.416,4095,after,P2,9,3,1,W9,used,0.1036,False,1,,34,W9.3b,Probe 1,1.0,3901.5730000000003,180.511381511983,True
AD_2026.09.24_AP2W9.3_0001.oir,1,5,586.3,186.0,1105,0.888,412.865,619.922,45.5,12.552,2139,local,47.976,126.416,1424,after,P2,9,3,1,W9,used,0.1036,False,1,,34,W9.3b,Probe 1,1.0,574.422,45.76338432122371,False
AD_2026.09.24_AP2W9.3_0001.oir,1,6,765.5,214.8,935,0.891,799.026,1022.703,55.868,17.53,1687,local,47.976,126.416,3014,after,P2,9,3,1,W9,used,0.1036,False,1,,34,W9.3b,Probe 1,1.0,966.8349999999999,55.153166001140896,False
AD_2026.09.24_AP2W9.3_0001.oir,1,7,1459.4,241.3,821,0.899,4094.616,4095.0,202.564,264.064,1966,local,47.976,126.416,4095,after,P2,9,3,1,W9,used,0.1036,False,1,,34,W9.3b,Probe 1,1.0,3892.436,14.740502302472127,True
AD_2026.09.24_AP2W9.3_0001.oir,1,8,559.1,251.6,1291,0.886,2600.794,3746.639,72.98,53.308,2237,local,47.976,126.416,4095,after,P2,9,3,1,W9,used,0.1036,False,1,,34,W9.3b,Probe 1,1.0,3673.659,68.91384032415398,True
AD_2026.09.24_AP2W9.3_0001.oir,1,9,783.0,270.7,1188,0.893,919.576,1449.178,46.867,11.837,2062,local,47.976,126.416,3004,after,P2,9,3,1,W9,used,0.1036,False,1,,34,W9.3b,Probe 1,1.0,1402.3110000000001,118.46844639689112,False
AD_2026.09.24_AP2W9.3_0001.oir,1,10,695.4,290.8,1309,0.899,2195.827,1608.332,54.038,12.873,2232,local,47.976,126.416,4095,after,P2,9,3,1,W9,used,0.1036,False,1,,34,W9.3b,Probe 1,1.0,1554.294,120.74061990212073,True
AD_2026.09.24_AP2W9.3_0001.oir,1,11,1505.4,446.3,1395,0.9,1686.654,2802.863,54.298,23.848,2281,local,47.976,126.416,4095,after,P2,9,3,1,W9,used,0.1036,False,1,,34,W9.3b,Probe 1,1.0,2748.5649999999996,115.25348037571284,True
AD_2026.09.24_AP2W9.3_0001.oir,1,12,262.2,494.2,1260,0.871,3725.048,4093.085,78.148,40.101,2232,local,47.976,126.416,4095,after,P2,9,3,1,W9,used,0.1036,False,1,,34,W9.3b,Probe 1,1.0,4014.937,100.12062043340565,True
AD_2026.09.24_AP2W9.3_0001.oir,1,13,934.5,497.8,934,0.913,2720.242,1741.951,69.317,25.882,2029,local,47.976,126.416,4095,after,P2,9,3,1,W9,used,0.1036,False,1,,34,W9.3b,Probe 1,1.0,1672.634,64.6253767096824,True
AD_2026.09.24_AP2W9.3_0001.oir,1,14,910.6,599.1,946,0.893,2817.947,3603.545,77.448,50.375,2040,local,47.976,126.416,4095,after,P2,9,3,1,W9,used,0.1036,False,1,,34,W9.3b,Probe 1,1.0,3526.097,69.99696277915633,True
AD_2026.09.24_AP2W9.3_0001.oir,1,15,1536.6,622.9,1190,0.898,312.882,442.228,43.132,7.645,2179,local,47.976,126.416,1044,after,P2,9,3,1,W9,used,0.1036,False,1,,34,W9.3b,Probe 1,1.0,399.096,52.20353172007849,False
AD_2026.09.24_AP2W9.3_0001.oir,1,16,1158.4,687.9,1211,0.902,1386.712,2263.532,52.198,18.007,1948,local,47.976,126.416,4095,after,P2,9,3,1,W9,used,0.1036,False,1,,34,W9.3b,Probe 1,1.0,2211.3340000000003,122.80413172655079,True
AD_2026.09.24_AP2W9.3_0001.oir,1,17,1602.3,692.6,896,0.898,3077.173,3719.222,74.785,50.522,2013,local,47.976,126.416,4095,after,P2,9,3,1,W9,used,0.1036,False,1,,34,W9.3b,Probe 1,1.0,3644.4370000000004,72.13564387791457,True
AD_2026.09.24_AP2W9.3_0001.oir,1,18,1880.8,726.8,818,0.742,384.413,488.654,59.046,53.286,1040,local,47.976,126.416,1564,after,P2,9,3,1,W9,used,0.1036,False,1,,34,W9.3b,Probe 1,1.0,429.608,8.062305295950155,False
AD_2026.09.24_AP2W9.3_0001.oir,1,19,1823.2,733.4,833,0.783,2604.515,3173.327,49.555,10.628,1482,local,47.976,126.416,4095,after,P2,9,3,1,W9,used,0.1036,False,1,,34,W9.3b,Probe 1,1.0,3123.7720000000004,293.9190816710576,True
AD_2026.09.24_AP2W9.3_0001.oir,1,20,1900.1,763.0,833,0.858,3844.274,3994.9,102.687,97.741,1498,local,47.976,126.416,4095,after,P2,9,3,1,W9,used,0.1036,False,1,,34,W9.3b,Probe 1,1.0,3892.213,39.821702253915966,True
AD_2026.09.24_AP2W9.3_0001.oir,1,21,668.6,782.7,1168,0.897,185.592,247.305,42.584,7.133,2167,local,47.976,126.416,822,after,P2,9,3,1,W9,used,0.1036,False,1,,34,W9.3b,Probe 1,1.0,204.721,28.70054675452124,False
AD_2026.09.24_AP2W9.3_0001.oir,1,22,1983.9,789.5,1032,0.876,1334.229,1946.166,48.181,14.732,2105,local,47.976,126.416,4095,after,P2,9,3,1,W9,used,0.1036,False,1,,34,W9.3b,Probe 1,1.0,1897.985,128.8341705131686,True
AD_2026.09.24_AP2W9.3_0001.oir,1,23,301.7,1059.9,948,0.891,477.698,682.104,43.779,7.54,2047,local,47.976,126.416,4095,after,P2,9,3,1,W9,used,0.1036,False,1,,34,W9.3b,Probe 1,1.0,638.325,84.65848806366049,True
AD_2026.09.24_AP2W9.3_0001.oir,1,24,1334.3,1108.2,1027,0.893,3285.256,3938.894,117.926,163.377,2090,local,47.976,126.416,4095,after,P2,9,3,1,W9,used,0.1036,False,1,,34,W9.3b,Probe 1,1.0,3820.968,23.387429075084007,True
AD_2026.09.24_AP2W9.3_0001.oir,1,25,763.4,1213.7,861,0.891,3340.49,2981.668,65.182,20.425,1980,local,47.976,126.416,4095,after,P2,9,3,1,W9,used,0.1036,False,1,,34,W9.3b,Probe 1,1.0,2916.4860000000003,142.7900122399021,True
AD_2026.09.24_AP2W9.3_0001.oir,1,26,811.9,1291.0,1703,0.857,79.244,65.115,50.729,10.69,2448,local,47.976,126.416,290,after,P2,9,3,1,W9,used,0.1036,False,1,,34,W9.3b,Probe 1,1.0,14.385999999999996,1.3457436856875582,False
AD_2026.09.24_AP2W9.3_0001.oir,1,27,765.6,1370.9,1064,0.866,2252.178,3294.206,54.105,20.86,2127,local,47.976,126.416,4095,after,P2,9,3,1,W9,used,0.1036,False,1,,34,W9.3b,Probe 1,1.0,3240.101,155.32603068072868,True
AD_2026.09.24_AP2W9.3_0001.oir,1,28,1905.3,1424.1,1161,0.868,3051.17,3829.43,72.592,69.987,2151,local,47.976,126.416,4095,after,P2,9,3,1,W9,used,0.1036,False,1,,34,W9.3b,Probe 1,1.0,3756.8379999999997,53.6790832583194,True
AD_2026.09.24_AP2W9.3_0001.oir,1,29,181.3,1438.2,749,0.92,1218.453,1672.106,46.248,8.5,1565,local,47.976,126.416,4095,after,P2,9,3,1,W9,used,0.1036,False,1,,34,W9.3b,Probe 1,1.0,1625.858,191.27741176470587,True
AD_2026.09.24_AP2W9.3_0001.oir,1,30,136.7,1446.6,916,0.891,249.594,318.202,45.69,7.739,1680,local,47.976,126.416,585,after,P2,9,3,1,W9,used,0.1036,False,1,,34,W9.3b,Probe 1,1.0,272.512,35.21281819356506,False
AD_2026.09.24_AP2W9.3_0001.oir,1,31,50.3,1463.1,878,0.889,3893.174,4095.0,77.777,45.263,2000,local,47.976,126.416,4095,after,P2,9,3,1,W9,used,0.1036,False,1,,34,W9.3b,Probe 1,1.0,4017.223,88.7529107659678,True
AD_2026.09.24_AP2W9.3_0001.oir,1,32,644.7,1576.4,657,0.89,3889.56,4092.3,94.937,76.874,1859,local,47.976,126.416,4095,after,P2,9,3,1,W9,used,0.1036,False,1,,34,W9.3b,Probe 1,1.0,3997.3630000000003,51.99889429455994,True
AD_2026.09.24_AP2W9.3_0001.oir,1,33,1568.5,1793.6,1267,0.896,360.021,525.407,44.503,7.172,2220,local,47.976,126.416,1640,after,P2,9,3,1,W9,used,0.1036,False,1,,34,W9.3b,Probe 1,1.0,480.90400000000005,67.05298382598997,False
AD_2026.09.24_AP2W9.3_0001.oir,1,34,330.1,1994.9,931,0.888,1249.171,809.525,55.461,11.343,2033,local,47.976,126.416,3119,after,P2,9,3,1,W9,used,0.1036,False,1,,34,W9.3b,Probe 1,1.0,754.064,66.4783566957595,False
