file,frame,bead,x_px,y_px,area_px,circularity,disc_mean,ring_mean,bg_mean,bg_sd,bg_n,bg_source,image_bg_mean,image_bg_sd,disc_max
AD_2026.09.23-BW1.1.oir,1,1,651.9,112.9,334,0.932,44.608,33.900,25.872,4.892,586,local,26.118,4.649,83
AD_2026.09.23-BW1.1.oir,1,2,383.4,135.9,398,0.909,45.467,35.573,26.034,4.597,618,local,26.118,4.649,83
AD_2026.09.23-BW1.1.oir,1,3,678.8,204.5,409,0.905,45.577,36.927,26.506,4.831,623,local,26.118,4.649,83
AD_2026.09.23-BW1.1.oir,1,4,198.8,327.4,537,0.766,26.050,26.246,26.100,4.742,470,local,26.118,4.649,38
AD_2026.09.23-BW1.1.oir,1,5,256.6,366.5,332,0.847,27.175,26.720,26.006,4.315,313,local,26.118,4.649,41
AD_2026.09.23-BW1.1.oir,1,6,490.6,378.0,480,0.933,48.494,44.271,25.805,4.650,647,local,26.118,4.649,83
AD_2026.09.23-BW1.1.oir,1,7,827.5,484.6,337,0.917,43.166,35.099,26.242,4.758,590,local,26.118,4.649,84
AD_2026.09.23-BW1.1.oir,1,8,350.5,581.6,372,0.924,68.035,56.094,26.384,4.530,604,local,26.118,4.649,116
AD_2026.09.23-BW1.1.oir,1,9,723.6,873.5,292,0.921,47.168,45.266,26.254,4.784,564,local,26.118,4.649,94
AD_2026.09.23-BW1.1.oir,1,10,654.5,907.1,359,0.922,56.042,46.676,26.263,4.688,600,local,26.118,4.649,95
AD_2026.09.23-BW1.1.oir,1,11,332.1,934.8,487,0.927,58.809,55.137,26.287,4.502,647,local,26.118,4.649,93
AD_2026.09.23-BW1.1_0001.oir,1,1,1303.1,225.1,1494,0.897,40.803,30.611,26.541,4.615,2332,local,26.090,4.649,96
AD_2026.09.23-BW1.1_0001.oir,1,2,768.6,271.3,1754,0.895,42.155,31.374,26.228,4.583,2452,local,26.090,4.649,83
AD_2026.09.23-BW1.1_0001.oir,1,3,1357.3,408.2,1821,0.886,42.504,31.714,26.270,4.610,2487,local,26.090,4.649,81
AD_2026.09.23-BW1.1_0001.oir,1,4,890.2,498.0,1399,0.888,49.421,38.671,26.245,4.788,2291,local,26.090,4.649,92
AD_2026.09.23-BW1.1_0001.oir,1,5,265.5,644.4,813,0.717,26.236,26.152,26.215,4.426,1228,local,26.090,4.649,43
AD_2026.09.23-BW1.1_0001.oir,1,6,514.2,732.6,1443,0.887,28.147,26.974,26.158,4.596,1618,local,26.090,4.649,57
AD_2026.09.23-BW1.1_0001.oir,1,7,982.1,755.2,2048,0.888,45.490,38.841,26.199,4.591,2578,local,26.090,4.649,79
AD_2026.09.23-BW1.1_0001.oir,1,8,1656.3,968.3,1521,0.888,38.924,30.643,26.171,4.567,2351,local,26.090,4.649,82
AD_2026.09.23-BW1.1_0001.oir,1,9,703.3,1162.2,1645,0.877,60.087,42.446,26.202,4.531,2416,local,26.090,4.649,115
AD_2026.09.23-BW1.1_0001.oir,1,10,1447.9,1745.3,1341,0.902,43.053,38.453,26.070,4.679,2257,local,26.090,4.649,73
AD_2026.09.23-BW1.1_0001.oir,1,11,1308.3,1813.7,1624,0.896,49.869,36.524,26.226,4.541,2393,local,26.090,4.649,102
AD_2026.09.23-BW1.1_0001.oir,1,12,667.3,1868.7,2166,0.894,54.348,47.110,26.124,4.718,2614,local,26.090,4.649,98
AD_2026.09.23-BW1.1_0002.oir,1,1,1304.4,224.6,1266,0.870,52.491,40.857,26.396,4.577,2139,local,26.234,4.665,99
AD_2026.09.23-BW1.1_0002.oir,1,2,770.5,271.1,1439,0.903,48.435,41.069,26.398,4.726,2298,local,26.234,4.665,86
AD_2026.09.23-BW1.1_0002.oir,1,3,1358.8,407.7,1558,0.896,47.268,38.865,26.223,4.563,2355,local,26.234,4.665,96
AD_2026.09.23-BW1.1_0002.oir,1,4,984.7,754.2,1760,0.892,46.728,43.194,26.124,4.686,2456,local,26.234,4.665,75
AD_2026.09.23-BW1.1_0002.oir,1,5,1658.2,968.1,1254,0.887,46.959,40.972,26.174,4.643,2219,local,26.234,4.665,83
AD_2026.09.23-BW1.1_0002.oir,1,6,705.1,1162.3,1416,0.870,65.907,54.601,26.011,4.753,2311,local,26.234,4.665,118
AD_2026.09.23-BW1.1_0002.oir,1,7,1309.3,1814.0,1372,0.896,54.374,46.100,26.349,4.726,2275,local,26.234,4.665,96
AD_2026.09.23-BW1.1_0002.oir,1,8,668.5,1867.3,2103,0.893,51.731,41.981,26.368,4.834,2599,local,26.234,4.665,96
AD_2026.09.23-BW1.2.oir,1,1,902.2,512.3,1463,0.892,67.587,54.556,26.345,4.533,2319,local,26.345,4.677,126
AD_2026.09.23-BW1.2.oir,1,2,1544.9,527.0,1409,0.902,66.142,60.586,26.412,4.808,2287,local,26.345,4.677,106
AD_2026.09.23-BW1.2.oir,1,3,525.0,707.3,1027,0.914,58.768,54.106,26.432,4.711,2077,local,26.345,4.677,109
AD_2026.09.23-BW1.2.oir,1,4,235.5,993.4,914,0.880,34.776,33.793,26.421,4.668,2031,local,26.345,4.677,56
AD_2026.09.23-BW1.2.oir,1,5,1683.3,1051.5,1065,0.884,66.383,61.841,26.491,4.772,2120,local,26.345,4.677,124
AD_2026.09.23-BW1.2.oir,1,6,694.3,1106.6,1085,0.888,64.861,56.259,26.561,4.644,2129,local,26.345,4.677,112
AD_2026.09.23-BW1.2.oir,1,7,885.1,1405.8,981,0.861,37.319,31.513,26.672,4.669,1642,local,26.345,4.677,72
AD_2026.09.23-BW1.2.oir,1,8,834.2,1406.6,1193,0.801,36.876,31.156,26.529,4.793,1317,local,26.345,4.677,79
AD_2026.09.23-BW1.2.oir,1,9,1545.7,1589.7,1106,0.885,74.960,64.371,26.468,4.536,2139,local,26.345,4.677,127
AD_2026.09.23-BW1.2.oir,1,10,1705.6,1682.2,1299,0.892,75.052,64.832,26.290,4.696,2238,local,26.345,4.677,133
AD_2026.09.23-BW1.2.oir,1,11,558.5,1808.1,912,0.887,52.341,49.426,26.243,4.641,2028,local,26.345,4.677,90
AD_2026.09.23-BW1.2.oir,1,12,1959.1,1914.6,1279,0.889,62.122,55.981,26.212,4.648,1892,local,26.345,4.677,110
AD_2026.09.23-BW1.2.oir,1,13,1926.1,1956.0,1035,0.895,70.867,58.902,26.299,4.568,1740,local,26.345,4.677,121
AD_2026.09.23-BW1.3.oir,1,1,1414.1,222.1,837,0.770,26.588,26.636,26.607,4.765,1382,local,26.544,4.707,44
AD_2026.09.23-BW1.3.oir,1,2,362.4,277.9,993,0.893,59.513,50.994,26.495,4.772,2073,local,26.544,4.707,106
AD_2026.09.23-BW1.3.oir,1,3,241.8,476.1,1391,0.890,62.390,55.167,26.530,4.636,2284,local,26.544,4.707,106
AD_2026.09.23-BW1.3.oir,1,4,1061.5,587.4,1193,0.811,26.604,26.577,26.513,4.858,1609,local,26.544,4.707,49
AD_2026.09.23-BW1.3.oir,1,5,450.6,604.5,1719,0.782,26.506,26.661,26.464,4.607,2110,local,26.544,4.707,41
AD_2026.09.23-BW1.3.oir,1,6,498.9,636.1,1295,0.811,26.605,26.765,26.495,4.627,1826,local,26.544,4.707,40
AD_2026.09.23-BW1.3.oir,1,7,1562.2,755.7,1010,0.887,62.032,56.667,26.555,4.607,2085,local,26.544,4.707,98
AD_2026.09.23-BW1.3.oir,1,8,493.2,1062.5,1060,0.900,69.545,62.247,26.528,4.554,2107,local,26.544,4.707,109
AD_2026.09.23-BW1.3.oir,1,9,1326.0,1207.9,1233,0.902,63.253,55.244,26.570,4.632,2200,local,26.544,4.707,102
AD_2026.09.23-BW1.3.oir,1,10,1041.6,1433.3,1692,0.784,26.882,26.720,26.598,4.735,1869,local,26.544,4.707,47
AD_2026.09.23-BW1.3.oir,1,11,1126.8,1463.8,1731,0.861,26.661,26.615,26.484,4.872,1902,local,26.544,4.707,44
AD_2026.09.23-BW1.3.oir,1,12,1084.6,1496.3,1513,0.750,26.571,26.599,26.445,4.649,1292,local,26.544,4.707,41
AD_2026.09.23-BW1.3.oir,1,13,1126.9,1594.9,1278,0.896,68.765,59.853,26.487,4.562,2226,local,26.544,4.707,122
AD_2026.09.23-BW1.3.oir,1,14,1726.0,1677.6,1426,0.902,70.835,61.744,26.603,4.618,2297,local,26.544,4.707,114
AD_2026.09.23-BW1.3.oir,1,15,1578.2,1735.3,1031,0.896,68.262,59.057,26.697,4.650,2093,local,26.544,4.707,119
AD_2026.09.23-BW1.3.oir,1,16,615.0,1806.7,1110,0.900,65.107,58.135,26.725,4.623,2136,local,26.544,4.707,109
AD_2026.09.23-BW10.1.oir,1,1,1390.7,165.3,1172,0.889,62.820,55.322,28.800,4.710,2168,local,29.360,13.146,105
AD_2026.09.23-BW10.1.oir,1,2,357.8,236.3,1101,0.897,70.482,64.719,28.826,4.783,2132,local,29.360,13.146,114
AD_2026.09.23-BW10.1.oir,1,3,1140.8,333.8,747,0.882,61.922,57.441,28.725,4.792,1926,local,29.360,13.146,99
AD_2026.09.23-BW10.1.oir,1,4,1728.1,340.3,1361,0.820,40.882,34.010,28.864,4.703,1613,local,29.360,13.146,90
AD_2026.09.23-BW10.1.oir,1,5,1280.6,355.5,978,0.897,65.260,57.122,28.634,4.825,1719,local,29.360,13.146,119
AD_2026.09.23-BW10.1.oir,1,6,1756.8,380.8,1407,0.871,29.057,29.096,29.016,4.618,1802,local,29.360,13.146,43
AD_2026.09.23-BW10.1.oir,1,7,354.9,521.7,1102,0.906,53.818,43.754,28.659,4.680,2122,local,29.360,13.146,93
AD_2026.09.23-BW10.1.oir,1,8,1146.8,572.1,942,0.889,74.186,70.049,28.813,4.841,2046,local,29.360,13.146,122
AD_2026.09.23-BW10.1.oir,1,9,1659.7,580.5,2110,0.777,33.469,30.680,28.871,4.723,2713,local,29.360,13.146,67
AD_2026.09.23-BW10.1.oir,1,10,1675.2,670.6,2078,0.764,29.001,28.961,28.858,4.834,1854,local,29.360,13.146,46
AD_2026.09.23-BW10.1.oir,1,11,1735.3,729.1,979,0.807,30.670,29.845,28.823,4.789,1485,local,29.360,13.146,49
AD_2026.09.23-BW10.1.oir,1,12,940.0,896.9,917,0.845,67.785,65.524,28.884,4.677,2059,local,29.360,13.146,104
AD_2026.09.23-BW10.1.oir,1,13,1546.5,952.3,1224,0.904,74.603,64.646,28.810,4.740,2187,local,29.360,13.146,130
AD_2026.09.23-BW10.1.oir,1,14,1785.2,1146.3,1843,0.829,28.816,28.777,28.980,4.690,2542,local,29.360,13.146,47
AD_2026.09.23-BW10.1.oir,1,15,1787.7,1334.8,1035,0.903,78.299,71.761,28.959,4.899,2088,local,29.360,13.146,127
AD_2026.09.23-BW10.1.oir,1,16,1588.8,1461.8,2360,0.786,29.856,29.658,28.937,4.555,2228,local,29.360,13.146,48
AD_2026.09.23-BW10.1.oir,1,17,1589.1,1515.0,1554,0.774,28.898,28.858,28.813,4.420,1142,local,29.360,13.146,45
AD_2026.09.23-BW10.1.oir,1,18,1561.5,1546.3,1240,0.741,29.465,29.146,28.983,4.797,1110,local,29.360,13.146,49
AD_2026.09.23-BW10.1.oir,1,19,334.7,1638.0,1335,0.890,56.115,44.879,28.981,4.861,2257,local,29.360,13.146,104
AD_2026.09.23-BW10.1.oir,1,20,1738.1,1683.3,2101,0.791,28.980,28.940,28.972,4.719,2321,local,29.360,13.146,46
AD_2026.09.23-BW10.1.oir,1,21,1261.2,1758.1,651,0.867,79.816,74.790,28.886,4.608,1859,local,29.360,13.146,124
AD_2026.09.23-BW10.1.oir,1,22,1336.6,1917.0,1449,0.891,61.858,52.789,28.971,4.746,2315,local,29.360,13.146,102
AD_2026.09.23-BW10.1_0001.oir,1,1,1359.0,63.1,916,0.873,29.064,29.175,28.826,4.688,2031,local,28.897,4.894,45
AD_2026.09.23-BW10.1_0001.oir,1,2,1111.2,263.0,513,0.690,28.982,29.083,29.027,4.688,709,local,28.897,4.894,42
AD_2026.09.23-BW10.1_0001.oir,1,3,1688.6,297.6,990,0.899,33.445,31.203,28.825,4.760,2070,local,28.897,4.894,56
AD_2026.09.23-BW10.1_0001.oir,1,4,1942.2,560.9,846,0.902,66.292,59.445,28.926,4.625,1979,local,28.897,4.894,111
AD_2026.09.23-BW10.1_0001.oir,1,5,1418.2,601.7,1032,0.795,28.946,28.985,28.967,4.686,1169,local,28.897,4.894,48
AD_2026.09.23-BW10.1_0001.oir,1,6,505.4,689.6,1004,0.878,61.349,58.032,28.902,4.701,2084,local,28.897,4.894,100
AD_2026.09.23-BW10.1_0001.oir,1,7,1509.2,702.7,2036,0.789,29.097,28.948,28.865,4.923,1232,local,28.897,4.894,47
AD_2026.09.23-BW10.1_0001.oir,1,8,1467.6,739.9,612,0.701,28.812,28.858,29.104,5.237,241,local,28.897,4.894,44
AD_2026.09.23-BW10.1_0001.oir,1,9,1497.3,776.2,794,0.697,28.839,28.739,28.830,4.798,305,local,28.897,4.894,45
AD_2026.09.23-BW10.1_0001.oir,1,10,253.5,857.6,619,0.906,58.837,57.008,28.722,4.842,1816,local,28.897,4.894,94
AD_2026.09.23-BW10.1_0001.oir,1,11,845.1,866.8,1326,0.817,38.247,32.962,28.956,4.684,1838,local,28.897,4.894,85
AD_2026.09.23-BW10.1_0001.oir,1,12,393.4,879.9,830,0.904,62.669,58.760,28.989,5.115,1889,local,28.897,4.894,105
AD_2026.09.23-BW10.1_0001.oir,1,13,872.8,908.3,1312,0.882,29.036,28.856,28.863,4.754,1792,local,28.897,4.894,45
AD_2026.09.23-BW10.1_0001.oir,1,14,257.6,1097.4,857,0.890,66.776,63.970,28.923,4.806,1996,local,28.897,4.894,111
AD_2026.09.23-BW10.1_0001.oir,1,15,774.7,1106.5,2130,0.786,32.153,30.316,29.003,4.776,2721,local,28.897,4.894,64
AD_2026.09.23-BW10.1_0001.oir,1,16,1204.7,1167.0,764,0.892,86.694,82.536,28.970,4.809,1932,local,28.897,4.894,130
AD_2026.09.23-BW10.1_0001.oir,1,17,789.9,1196.9,2055,0.784,28.922,28.909,28.730,4.647,1968,local,28.897,4.894,48
AD_2026.09.23-BW10.1_0001.oir,1,18,809.7,1242.8,1374,0.798,29.084,29.192,28.852,4.709,1197,local,28.897,4.894,46
AD_2026.09.23-BW10.1_0001.oir,1,19,851.0,1255.0,947,0.814,30.188,29.848,28.964,4.794,1533,local,28.897,4.894,47
AD_2026.09.23-BW10.1_0001.oir,1,20,1298.0,1280.6,667,0.903,82.762,78.286,28.943,4.768,1856,local,28.897,4.894,130
AD_2026.09.23-BW10.1_0001.oir,1,21,2010.3,1323.1,1120,0.908,86.704,77.694,28.884,4.758,2137,local,28.897,4.894,136
AD_2026.09.23-BW10.1_0001.oir,1,22,660.7,1477.4,1149,0.886,65.961,59.996,28.805,4.739,2166,local,28.897,4.894,103
AD_2026.09.23-BW10.1_0001.oir,1,23,1513.6,1542.2,1031,0.876,64.903,65.774,28.886,4.766,2108,local,28.897,4.894,103
AD_2026.09.23-BW10.1_0001.oir,1,24,901.2,1669.3,1854,0.834,29.310,29.050,28.961,4.826,2542,local,28.897,4.894,45
AD_2026.09.23-BW10.1_0001.oir,1,25,1573.3,1834.5,1229,0.872,28.733,28.785,28.863,4.659,1776,local,28.897,4.894,47
AD_2026.09.23-BW10.1_0001.oir,1,26,1615.9,1862.2,1404,0.887,28.745,28.717,28.786,4.564,1839,local,28.897,4.894,43
AD_2026.09.23-BW10.1_0001.oir,1,27,1483.6,1883.1,1852,0.880,28.909,28.920,28.984,4.893,2371,local,28.897,4.894,44
AD_2026.09.23-BW10.1_0001.oir,1,28,707.6,1982.7,2242,0.772,29.620,29.339,28.918,4.846,2240,local,28.897,4.894,48
AD_2026.09.23-BW10.2.oir,1,1,583.0,60.4,788,0.906,56.364,54.133,29.025,4.819,1935,local,28.917,4.808,98
AD_2026.09.23-BW10.2.oir,1,2,1482.2,64.5,727,0.828,30.884,30.554,29.108,4.635,1381,local,28.917,4.808,50
AD_2026.09.23-BW10.2.oir,1,3,171.7,94.7,2314,0.802,29.015,28.830,28.811,4.699,2194,local,28.917,4.808,46
AD_2026.09.23-BW10.2.oir,1,4,193.7,138.5,1286,0.775,29.128,29.036,28.820,4.629,1093,local,28.917,4.808,50
AD_2026.09.23-BW10.2.oir,1,5,233.3,150.1,850,0.789,29.980,29.603,29.073,4.785,1506,local,28.917,4.808,48
AD_2026.09.23-BW10.2.oir,1,6,677.4,174.4,737,0.895,53.790,51.876,29.089,4.824,1913,local,28.917,4.808,90
AD_2026.09.23-BW10.2.oir,1,7,1393.1,216.5,1172,0.901,56.701,52.165,28.888,4.720,2169,local,28.917,4.808,94
AD_2026.09.23-BW10.2.oir,1,8,42.3,369.1,994,0.903,57.184,54.629,28.890,4.804,2070,local,28.917,4.808,85
AD_2026.09.23-BW10.2.oir,1,9,896.6,437.1,1060,0.880,49.636,49.531,28.862,4.714,2123,local,28.917,4.808,81
AD_2026.09.23-BW10.2.oir,1,10,638.8,450.2,1892,0.825,28.829,28.590,28.698,4.716,2144,local,28.917,4.808,45
AD_2026.09.23-BW10.2.oir,1,11,280.5,565.5,1806,0.827,29.128,29.070,28.921,4.746,2534,local,28.917,4.808,46
AD_2026.09.23-BW10.2.oir,1,12,1513.7,624.4,790,0.898,58.615,52.051,28.867,4.805,1941,local,28.917,4.808,97
AD_2026.09.23-BW10.2.oir,1,13,1698.6,696.4,1017,0.884,64.463,59.856,28.569,4.802,1761,local,28.917,4.808,108
AD_2026.09.23-BW10.2.oir,1,14,956.7,731.0,1384,0.868,28.765,28.668,29.071,4.758,1823,local,28.917,4.808,44
AD_2026.09.23-BW10.2.oir,1,15,282.1,752.3,900,0.883,54.372,52.736,28.868,4.759,2025,local,28.917,4.808,90
AD_2026.09.23-BW10.2.oir,1,16,1000.8,759.5,1663,0.870,28.637,28.641,29.043,4.762,1936,local,28.917,4.808,44
AD_2026.09.23-BW10.2.oir,1,17,867.3,781.0,2191,0.886,28.776,28.997,28.884,4.686,2400,local,28.917,4.808,49
AD_2026.09.23-BW10.2.oir,1,18,85.3,879.3,2315,0.755,29.390,29.209,28.913,4.783,2243,local,28.917,4.808,47
AD_2026.09.23-BW10.2.oir,1,19,85.0,931.0,1486,0.722,28.980,28.883,28.772,4.791,1102,local,28.917,4.808,44
AD_2026.09.23-BW10.2.oir,1,20,59.8,964.8,1541,0.717,29.054,29.044,29.085,4.775,1201,local,28.917,4.808,46
AD_2026.09.23-BW10.2.oir,1,21,1409.5,1032.5,791,0.849,58.351,56.189,28.896,4.770,1974,local,28.917,4.808,89
AD_2026.09.23-BW10.2.oir,1,22,235.6,1103.4,2206,0.804,28.878,28.885,28.911,4.772,2328,local,28.917,4.808,47
AD_2026.09.23-BW10.2.oir,1,23,1086.2,1131.1,1137,0.893,62.652,57.220,29.014,4.760,2151,local,28.917,4.808,101
AD_2026.09.23-BW10.2.oir,1,24,136.9,1213.8,995,0.709,28.895,28.533,29.068,4.572,913,local,28.917,4.808,46
AD_2026.09.23-BW10.2.oir,1,25,302.0,1210.9,850,0.893,49.674,46.244,28.977,4.735,1932,local,28.917,4.808,81
AD_2026.09.23-BW10.2.oir,1,26,772.8,1410.7,876,0.809,55.451,54.242,28.842,4.869,1667,local,28.917,4.808,93
AD_2026.09.23-BW10.2.oir,1,27,1239.8,1939.8,759,0.882,85.738,81.511,29.087,4.778,1934,local,28.917,4.808,133
AD_2026.09.23-BW10.2.oir,1,28,1293.2,1989.6,708,0.909,83.102,78.017,28.992,4.701,1888,local,28.917,4.808,124
AD_2026.09.23-BW10.3.oir,1,1,1145.8,70.7,754,0.885,51.231,49.634,28.868,4.681,1922,local,28.862,4.760,84
AD_2026.09.23-BW10.3.oir,1,2,1981.1,160.0,1224,0.892,80.827,68.470,28.930,4.814,2201,local,28.862,4.760,147
AD_2026.09.23-BW10.3.oir,1,3,1354.2,246.4,1576,0.883,58.319,46.492,28.883,4.842,2381,local,28.862,4.760,99
AD_2026.09.23-BW10.3.oir,1,4,448.7,273.5,866,0.900,58.973,54.303,29.020,4.751,1993,local,28.862,4.760,99
AD_2026.09.23-BW10.3.oir,1,5,516.9,348.2,767,0.887,53.503,50.206,28.849,4.939,1937,local,28.862,4.760,87
AD_2026.09.23-BW10.3.oir,1,6,422.2,718.4,794,0.898,54.815,51.218,28.936,4.854,1950,local,28.862,4.760,93
AD_2026.09.23-BW10.3.oir,1,7,924.5,759.9,509,0.750,48.876,47.665,28.774,4.919,1803,local,28.862,4.760,83
AD_2026.09.23-BW10.3.oir,1,8,976.3,827.9,1184,0.890,54.910,46.004,28.757,4.890,2073,local,28.862,4.760,105
AD_2026.09.23-BW10.3.oir,1,9,294.6,828.9,894,0.900,57.176,48.690,28.714,4.786,2011,local,28.862,4.760,98
AD_2026.09.23-BW10.3.oir,1,10,1853.5,1287.6,909,0.824,62.234,54.436,28.915,4.714,2060,local,28.862,4.760,106
AD_2026.09.23-BW10.3.oir,1,11,1102.7,1308.9,899,0.901,69.128,52.518,28.887,4.865,2013,local,28.862,4.760,136
AD_2026.09.23-BW10.3.oir,1,12,77.3,1324.9,1401,0.882,50.647,37.609,28.952,4.810,2292,local,28.862,4.760,101
AD_2026.09.23-BW10.3.oir,1,13,1318.4,1682.0,1177,0.896,63.311,43.724,28.999,4.641,2170,local,28.862,4.760,129
AD_2026.09.23-BW10.3.oir,1,14,42.4,1700.0,1705,0.880,48.916,34.538,29.011,4.761,2438,local,28.862,4.760,105
AD_2026.09.23-BW10.3.oir,1,15,400.0,1695.8,819,0.906,55.557,46.430,28.898,4.687,1961,local,28.862,4.760,99
AD_2026.09.23-BW10.3.oir,1,16,1337.1,1743.0,711,0.913,43.150,37.281,28.845,4.729,1879,local,28.862,4.760,81
AD_2026.09.23-BW10.3.oir,1,17,658.8,1825.1,867,0.766,28.834,28.942,28.983,4.662,1707,local,28.862,4.760,44
AD_2026.09.23-BW10.3.oir,1,18,742.6,1907.0,567,0.670,28.861,28.964,28.914,4.815,1145,local,28.862,4.760,44
AD_2026.09.23-BW10.3.oir,1,19,503.3,1939.6,1365,0.834,48.462,35.601,29.143,4.763,1128,local,28.862,4.760,102
AD_2026.09.23-BW11.1.oir,1,1,472.0,78.2,1355,0.892,80.516,58.985,29.343,4.812,2265,local,29.120,4.947,143
AD_2026.09.23-BW11.1.oir,1,2,1213.3,287.1,1190,0.886,94.188,69.500,29.417,4.836,2185,local,29.120,4.947,168
AD_2026.09.23-BW11.1.oir,1,3,844.4,528.8,1086,0.809,71.656,55.918,38.156,24.388,1963,local,29.120,4.947,133
AD_2026.09.23-BW11.1.oir,1,4,327.1,523.5,1078,0.898,72.473,55.328,29.224,4.799,2118,local,29.120,4.947,131
AD_2026.09.23-BW11.1.oir,1,5,900.2,589.5,959,0.892,77.217,67.703,29.152,4.886,2053,local,29.120,4.947,127
AD_2026.09.23-BW11.1.oir,1,6,1912.6,609.3,1191,0.887,77.204,62.889,29.200,4.798,2184,local,29.120,4.947,131
AD_2026.09.23-BW11.1.oir,1,7,833.5,659.0,1328,0.904,92.227,77.889,29.018,4.826,2248,local,29.120,4.947,153
AD_2026.09.23-BW11.1.oir,1,8,1019.3,693.7,1099,0.898,93.620,77.189,28.870,4.830,2121,local,29.120,4.947,155
AD_2026.09.23-BW11.1.oir,1,9,673.3,734.3,761,0.775,28.812,28.622,28.916,4.603,1268,local,29.120,4.947,43
AD_2026.09.23-BW11.1.oir,1,10,595.2,745.1,1594,0.900,28.855,29.026,28.978,4.708,2329,local,29.120,4.947,45
AD_2026.09.23-BW11.1.oir,1,11,727.1,802.2,1789,0.756,29.480,29.562,28.911,4.865,1455,local,29.120,4.947,43
AD_2026.09.23-BW11.1.oir,1,12,204.3,826.9,1679,0.741,29.035,29.047,28.920,5.005,2011,local,29.120,4.947,44
AD_2026.09.23-BW11.1.oir,1,13,860.1,828.6,1135,0.916,82.293,72.043,29.091,4.721,2130,local,29.120,4.947,141
AD_2026.09.23-BW11.1.oir,1,14,748.0,855.8,540,0.723,28.998,28.952,29.143,4.805,1152,local,29.120,4.947,46
AD_2026.09.23-BW11.1.oir,1,15,564.9,867.8,2028,0.745,29.173,29.230,29.146,4.860,1852,local,29.120,4.947,50
AD_2026.09.23-BW11.1.oir,1,16,185.8,890.5,1455,0.756,29.120,29.109,29.007,4.900,1343,local,29.120,4.947,47
AD_2026.09.23-BW11.1.oir,1,17,631.3,1035.3,1255,0.888,76.233,62.283,29.212,4.695,2218,local,29.120,4.947,122
AD_2026.09.23-BW11.1.oir,1,18,920.4,1228.2,1604,0.889,64.713,54.569,29.091,4.704,2382,local,29.120,4.947,106
AD_2026.09.23-BW11.1.oir,1,19,1699.8,1242.1,1195,0.854,29.844,29.900,29.322,4.626,1659,local,29.120,4.947,49
AD_2026.09.23-BW11.1.oir,1,20,1742.9,1254.1,1292,0.860,29.378,29.455,29.312,4.734,1751,local,29.120,4.947,52
AD_2026.09.23-BW11.1.oir,1,21,1152.0,1252.9,1090,0.905,97.168,81.648,29.385,4.840,2118,local,29.120,4.947,157
AD_2026.09.23-BW11.1.oir,1,22,709.3,1403.4,1156,0.920,77.664,63.952,29.190,4.863,2140,local,29.120,4.947,125
AD_2026.09.23-BW11.1.oir,1,23,793.2,1467.2,1041,0.901,58.466,55.584,29.231,4.801,2099,local,29.120,4.947,105
AD_2026.09.23-BW11.1.oir,1,24,1215.6,1482.9,818,0.882,73.356,65.293,29.285,4.775,1970,local,29.120,4.947,125
AD_2026.09.23-BW11.1.oir,1,25,894.8,1501.0,1111,0.893,68.788,59.527,29.080,4.758,2139,local,29.120,4.947,112
AD_2026.09.23-BW11.1.oir,1,26,184.1,1616.6,1684,0.783,29.172,29.169,29.116,4.711,2086,local,29.120,4.947,47
AD_2026.09.23-BW11.1.oir,1,27,911.4,1654.0,1275,0.783,29.062,29.053,28.959,4.719,607,local,29.120,4.947,47
AD_2026.09.23-BW11.1.oir,1,28,1733.0,1668.5,1359,0.895,29.581,29.391,29.122,4.845,2166,local,29.120,4.947,47
AD_2026.09.23-BW11.1.oir,1,29,193.0,1675.3,1764,0.857,29.336,29.393,29.208,4.790,1913,local,29.120,4.947,47
AD_2026.09.23-BW11.1.oir,1,30,180.6,1739.8,991,0.900,30.947,30.496,29.251,4.838,1938,local,29.120,4.947,48
AD_2026.09.23-BW11.1.oir,1,31,302.3,1769.2,850,0.916,61.219,52.985,29.180,4.874,1938,local,29.120,4.947,106
AD_2026.09.23-BW11.1.oir,1,32,1780.4,1780.2,954,0.792,30.922,30.544,29.263,4.706,1503,local,29.120,4.947,52
AD_2026.09.23-BW11.1.oir,1,33,1067.4,1802.6,739,0.753,28.911,28.885,28.902,4.307,369,local,29.120,4.947,45
AD_2026.09.23-BW11.1.oir,1,34,1939.5,1927.0,1102,0.897,29.988,29.767,29.375,4.787,2127,local,29.120,4.947,44
AD_2026.09.23-BW11.1.oir,1,35,395.4,1946.3,889,0.910,87.823,82.714,29.066,4.904,2004,local,29.120,4.947,136
AD_2026.09.23-BW11.1.oir,1,36,907.0,1962.7,639,0.657,29.097,29.241,28.780,4.654,878,local,29.120,4.947,48
AD_2026.09.23-BW11.1.oir,1,37,855.4,1970.9,684,0.840,29.148,28.936,29.138,4.669,1130,local,29.120,4.947,45
AD_2026.09.23-BW11.1.oir,1,38,1638.8,1974.9,1143,0.886,89.916,70.471,29.080,4.691,2161,local,29.120,4.947,151
AD_2026.09.23-BW11.1.oir,1,39,818.7,1980.6,501,0.756,29.062,29.115,29.111,4.907,701,local,29.120,4.947,42
AD_2026.09.23-BW11.2.oir,1,1,1486.9,292.9,1326,0.902,85.366,67.890,29.245,4.773,2241,local,29.215,4.889,142
AD_2026.09.23-BW11.2.oir,1,2,1185.5,305.2,1641,0.892,87.439,59.792,29.116,4.730,2401,local,29.215,4.889,156
AD_2026.09.23-BW11.2.oir,1,3,317.0,351.6,944,0.895,87.623,72.633,29.172,4.789,2037,local,29.215,4.889,149
AD_2026.09.23-BW11.2.oir,1,4,1511.8,432.6,1355,0.885,101.538,88.646,30.289,5.420,2270,local,29.215,4.889,164
AD_2026.09.23-BW11.2.oir,1,5,1331.2,505.6,1273,0.889,102.935,90.226,29.474,4.975,2230,local,29.215,4.889,162
AD_2026.09.23-BW11.2.oir,1,6,1488.8,534.7,1105,0.896,92.833,80.149,29.387,4.845,2134,local,29.215,4.889,151
AD_2026.09.23-BW11.2.oir,1,7,779.6,625.8,1009,0.881,82.822,75.246,29.210,4.869,2085,local,29.215,4.889,135
AD_2026.09.23-BW11.2.oir,1,8,310.7,629.9,1020,0.892,112.364,98.679,29.251,4.800,2081,local,29.215,4.889,178
AD_2026.09.23-BW11.2.oir,1,9,854.6,665.2,1317,0.890,89.569,69.918,29.323,4.717,2252,local,29.215,4.889,153
AD_2026.09.23-BW11.2.oir,1,10,1351.8,691.1,1058,0.890,90.583,63.750,29.282,4.753,2112,local,29.215,4.889,164
AD_2026.09.23-BW11.2.oir,1,11,1768.2,945.6,735,0.892,62.871,60.257,29.429,4.909,1913,local,29.215,4.889,103
AD_2026.09.23-BW11.2.oir,1,12,891.6,954.6,958,0.774,94.056,86.489,29.361,4.747,2108,local,29.215,4.889,143
AD_2026.09.23-BW11.2.oir,1,13,565.0,977.3,1067,0.808,29.252,29.146,29.324,4.833,1183,local,29.215,4.889,47
AD_2026.09.23-BW11.2.oir,1,14,1534.6,1074.1,921,0.904,72.331,61.349,29.241,4.610,2020,local,29.215,4.889,140
AD_2026.09.23-BW11.2.oir,1,15,857.9,1183.6,899,0.888,77.234,69.942,29.301,4.700,2019,local,29.215,4.889,130
AD_2026.09.23-BW11.2.oir,1,16,925.9,1200.2,1003,0.902,99.077,79.954,29.222,4.686,2065,local,29.215,4.889,166
AD_2026.09.23-BW11.2.oir,1,17,552.8,1255.2,943,0.903,39.352,33.746,29.241,4.758,2032,local,29.215,4.889,89
AD_2026.09.23-BW11.2.oir,1,18,1627.2,1317.2,701,0.784,100.887,96.115,29.167,4.632,1934,local,29.215,4.889,159
AD_2026.09.23-BW11.2.oir,1,19,252.2,1412.8,1571,0.834,29.239,29.027,29.122,4.792,1824,local,29.215,4.889,44
AD_2026.09.23-BW11.2.oir,1,20,1659.0,1411.1,1239,0.887,104.559,90.192,29.081,4.857,2210,local,29.215,4.889,168
AD_2026.09.23-BW11.2.oir,1,21,438.3,1597.7,1024,0.820,29.904,29.762,29.222,4.789,2061,local,29.215,4.889,49
AD_2026.09.23-BW11.2.oir,1,22,1861.7,1714.4,1204,0.788,67.250,60.250,29.425,4.666,1398,local,29.215,4.889,131
AD_2026.09.23-BW11.2.oir,1,23,1931.3,1715.6,819,0.828,29.567,29.487,29.354,4.816,1505,local,29.215,4.889,47
AD_2026.09.23-BW11.2.oir,1,24,1820.3,1761.3,1476,0.872,29.304,29.328,29.280,4.769,1683,local,29.215,4.889,51
AD_2026.09.23-BW11.2.oir,1,25,1874.0,1758.3,1740,0.853,73.486,51.656,29.348,4.686,742,local,29.215,4.889,171
AD_2026.09.23-BW11.2.oir,1,26,1214.7,1915.8,1107,0.901,79.440,76.464,29.297,4.864,2128,local,29.215,4.889,126
AD_2026.09.23-BW11.2.oir,1,27,318.9,1951.4,785,0.874,100.623,92.372,29.452,4.790,1955,local,29.215,4.889,161
AD_2026.09.23-BW11.2.oir,1,28,83.2,1974.9,1857,0.905,62.338,47.116,29.468,4.848,2483,local,29.215,4.889,105
AD_2026.09.23-BW11.2_0001.oir,1,1,561.7,34.9,1174,0.894,66.277,57.556,29.378,4.813,2080,local,29.264,4.815,114
AD_2026.09.23-BW11.2_0001.oir,1,2,97.7,38.4,1140,0.896,85.059,71.300,29.217,4.754,2153,local,29.264,4.815,140
AD_2026.09.23-BW11.2_0001.oir,1,3,638.3,74.9,1326,0.896,73.215,58.724,29.195,4.660,2251,local,29.264,4.815,122
AD_2026.09.23-BW11.2_0001.oir,1,4,1138.0,101.1,1084,0.903,74.913,52.410,29.271,4.717,2121,local,29.264,4.815,152
AD_2026.09.23-BW11.2_0001.oir,1,5,1551.9,354.4,793,0.887,56.755,52.598,29.300,4.750,1953,local,29.264,4.815,102
AD_2026.09.23-BW11.2_0001.oir,1,6,676.5,362.1,1021,0.833,86.007,79.499,29.405,4.778,2127,local,29.264,4.815,130
AD_2026.09.23-BW11.2_0001.oir,1,7,350.3,387.1,1101,0.814,29.438,29.434,29.405,4.475,1056,local,29.264,4.815,49
AD_2026.09.23-BW11.2_0001.oir,1,8,1320.1,481.9,963,0.909,64.504,53.264,29.339,4.797,2049,local,29.264,4.815,108
AD_2026.09.23-BW11.2_0001.oir,1,9,638.0,593.6,737,0.799,68.905,64.051,29.462,5.013,1945,local,29.264,4.815,110
AD_2026.09.23-BW11.2_0001.oir,1,10,708.4,608.3,1099,0.888,82.883,62.727,29.127,4.857,2134,local,29.264,4.815,158
AD_2026.09.23-BW11.2_0001.oir,1,11,337.7,663.7,973,0.887,38.276,33.211,29.470,4.744,2069,local,29.264,4.815,69
AD_2026.09.23-BW11.2_0001.oir,1,12,1631.8,768.2,989,0.865,88.976,82.176,29.224,4.855,2093,local,29.264,4.815,135
AD_2026.09.23-BW11.2_0001.oir,1,13,34.7,820.1,1731,0.845,29.184,29.309,29.292,4.760,1649,local,29.264,4.815,48
AD_2026.09.23-BW11.2_0001.oir,1,14,1444.4,818.8,1316,0.885,93.423,79.417,29.373,4.727,2253,local,29.264,4.815,145
AD_2026.09.23-BW11.2_0001.oir,1,15,226.2,1003.2,1130,0.742,30.448,30.073,29.562,4.635,2179,local,29.264,4.815,47
AD_2026.09.23-BW11.2_0001.oir,1,16,1648.2,1122.0,1106,0.730,61.948,57.264,29.445,4.789,1392,local,29.264,4.815,130
AD_2026.09.23-BW11.2_0001.oir,1,17,1719.4,1125.2,920,0.829,30.142,29.954,29.365,4.723,1514,local,29.264,4.815,49
AD_2026.09.23-BW11.2_0001.oir,1,18,1659.2,1167.1,2109,0.798,66.151,48.889,29.521,4.987,862,local,29.264,4.815,153
AD_2026.09.23-BW11.2_0001.oir,1,19,1605.7,1171.6,1484,0.815,29.421,29.581,29.489,4.701,1710,local,29.264,4.815,45
AD_2026.09.23-BW11.2_0001.oir,1,20,1459.4,1315.7,848,0.864,97.613,89.312,29.315,4.688,2001,local,29.264,4.815,147
AD_2026.09.23-BW11.2_0001.oir,1,21,999.8,1327.0,1289,0.885,72.427,64.580,29.378,4.625,2237,local,29.264,4.815,123
AD_2026.09.23-BW11.2_0001.oir,1,22,102.0,1364.1,980,0.903,93.405,79.962,29.352,4.781,2053,local,29.264,4.815,156
AD_2026.09.23-BW11.2_0001.oir,1,23,138.9,1477.3,1773,0.879,87.131,58.809,29.363,4.675,2466,local,29.264,4.815,161
AD_2026.09.23-BW11.2_0001.oir,1,24,164.1,1554.0,1040,0.895,109.576,90.173,29.329,4.698,2100,local,29.264,4.815,177
AD_2026.09.23-BW11.2_0001.oir,1,25,957.8,1731.5,998,0.906,98.393,79.544,29.390,4.826,2061,local,29.264,4.815,161
AD_2026.09.23-BW11.2_0001.oir,1,26,1015.9,1835.7,1010,0.875,104.114,87.094,29.500,4.758,2087,local,29.264,4.815,187
AD_2026.09.23-BW11.2_0001.oir,1,27,1282.4,1846.1,902,0.891,64.565,44.801,29.337,4.773,2013,local,29.264,4.815,134
AD_2026.09.23-BW11.2_0001.oir,1,28,804.0,1917.9,985,0.898,77.944,61.362,29.351,4.865,2066,local,29.264,4.815,139
AD_2026.09.23-BW11.3.oir,1,1,1359.4,57.3,1984,0.889,80.535,54.127,29.197,4.703,2549,local,29.182,4.770,143
AD_2026.09.23-BW11.3.oir,1,2,1174.8,320.4,981,0.866,62.339,51.337,29.195,4.862,1969,local,29.182,4.770,109
AD_2026.09.23-BW11.3.oir,1,3,325.6,447.3,516,0.755,207.176,176.393,31.193,5.754,1826,local,29.182,4.770,763
AD_2026.09.23-BW11.3.oir,1,4,1182.2,592.3,1270,0.898,81.262,54.404,29.210,4.754,2221,local,29.182,4.770,158
AD_2026.09.23-BW11.3.oir,1,5,1031.2,739.9,1350,0.871,80.978,49.948,29.214,4.777,2276,local,29.182,4.770,161
AD_2026.09.23-BW11.3.oir,1,6,1429.0,819.2,601,0.897,48.230,47.559,29.240,4.743,1806,local,29.182,4.770,71
AD_2026.09.23-BW11.3.oir,1,7,978.0,854.5,1427,0.870,77.605,52.941,29.107,4.722,2313,local,29.182,4.770,145
AD_2026.09.23-BW11.3.oir,1,8,848.9,891.3,1226,0.905,51.401,47.917,29.202,4.791,2197,local,29.182,4.770,86
AD_2026.09.23-BW11.3.oir,1,9,130.5,892.3,948,0.904,43.458,38.787,29.144,4.701,2041,local,29.182,4.770,83
AD_2026.09.23-BW11.3.oir,1,10,1029.9,1052.5,1808,0.721,29.257,29.083,29.243,4.908,1665,local,29.182,4.770,46
AD_2026.09.23-BW11.3.oir,1,11,321.9,1098.3,1079,0.904,66.900,55.069,29.151,4.886,1989,local,29.182,4.770,110
AD_2026.09.23-BW11.3.oir,1,12,607.6,1640.3,1346,0.891,89.054,69.234,29.184,4.683,2263,local,29.182,4.770,152
AD_2026.09.23-BW11.3.oir,1,13,96.4,1816.6,893,0.851,64.314,58.477,29.212,4.764,2038,local,29.182,4.770,103
AD_2026.09.23-BW11.3.oir,1,14,947.0,1819.5,1228,0.879,76.581,53.296,29.131,4.815,2209,local,29.182,4.770,148
AD_2026.09.23-BW11.3.oir,1,15,474.7,1827.7,1168,0.897,95.022,76.367,29.123,4.706,2167,local,29.182,4.770,163
AD_2026.09.23-BW11.3.oir,1,16,1263.0,1852.7,1277,0.881,87.034,64.202,29.219,4.651,2234,local,29.182,4.770,152
AD_2026.09.23-BW11.3.oir,1,17,876.2,1909.9,1104,0.863,105.836,90.296,29.306,4.723,2150,local,29.182,4.770,162
AD_2026.09.23-BW11.3.oir,1,18,1912.7,1996.8,1044,0.899,87.209,78.216,29.113,4.726,2097,local,29.182,4.770,146
AD_2026.09.23-BW12.1.oir,1,1,339.4,72.6,1686,0.903,48.977,36.201,29.148,4.785,2411,local,29.121,4.742,95
AD_2026.09.23-BW12.1.oir,1,2,1154.0,230.5,1500,0.897,49.541,37.634,29.386,4.695,2236,local,29.121,4.742,90
AD_2026.09.23-BW12.1.oir,1,3,1201.3,276.3,1408,0.901,49.760,38.085,29.279,4.850,2194,local,29.121,4.742,93
AD_2026.09.23-BW12.1.oir,1,4,1073.1,305.3,930,0.865,32.801,30.859,29.278,4.759,2048,local,29.121,4.742,54
AD_2026.09.23-BW12.1.oir,1,5,233.3,538.0,1659,0.868,49.906,41.263,29.184,4.764,1923,local,29.121,4.742,88
AD_2026.09.23-BW12.1.oir,1,6,186.9,553.7,1150,0.871,32.669,31.240,29.229,4.829,1655,local,29.121,4.742,53
AD_2026.09.23-BW12.1.oir,1,7,1256.3,719.7,1363,0.895,51.701,39.542,29.303,4.782,2268,local,29.121,4.742,92
AD_2026.09.23-BW12.1.oir,1,8,1819.7,1052.7,1836,0.892,62.536,50.231,29.077,4.766,2483,local,29.121,4.742,108
AD_2026.09.23-BW12.1.oir,1,9,1480.4,1229.9,872,0.843,41.544,39.927,29.154,4.745,2030,local,29.121,4.742,73
AD_2026.09.23-BW12.1.oir,1,10,1057.6,1611.7,1931,0.893,61.093,47.387,28.993,4.896,2525,local,29.121,4.742,108
AD_2026.09.23-BW12.1.oir,1,11,1216.2,1630.9,964,0.884,56.848,50.990,29.058,4.627,2061,local,29.121,4.742,100
AD_2026.09.23-BW12.1.oir,1,12,1298.8,1748.4,1290,0.889,60.701,46.638,29.016,4.862,2231,local,29.121,4.742,115
AD_2026.09.23-BW12.1.oir,1,13,496.9,1842.0,1151,0.899,48.234,43.676,29.032,4.853,2153,local,29.121,4.742,93
AD_2026.09.23-BW12.1.oir,1,14,1909.4,1960.5,982,0.892,40.629,38.173,29.071,4.770,2067,local,29.121,4.742,66
AD_2026.09.23-BW12.2.oir,1,1,1860.5,114.8,860,0.917,38.527,36.263,29.164,4.654,1983,local,29.244,4.800,62
AD_2026.09.23-BW12.2.oir,1,2,211.5,118.9,1154,0.879,62.348,55.792,29.294,4.783,2165,local,29.244,4.800,107
AD_2026.09.23-BW12.2.oir,1,3,1049.2,119.7,1368,0.874,66.289,54.421,29.247,4.809,2239,local,29.244,4.800,114
AD_2026.09.23-BW12.2.oir,1,4,1468.0,270.7,1079,0.887,66.645,54.528,29.569,5.589,1996,local,29.244,4.800,114
AD_2026.09.23-BW12.2.oir,1,5,1085.6,361.8,1135,0.900,30.116,29.963,29.725,4.690,2151,local,29.244,4.800,46
AD_2026.09.23-BW12.2.oir,1,6,27.8,658.3,913,0.892,65.148,56.821,29.139,4.625,1737,local,29.244,4.800,110
AD_2026.09.23-BW12.2.oir,1,7,997.8,704.0,926,0.844,72.573,66.820,29.139,4.779,2054,local,29.244,4.800,113
AD_2026.09.23-BW12.2.oir,1,8,1096.8,752.0,1161,0.881,69.825,60.923,29.198,4.655,2175,local,29.244,4.800,133
AD_2026.09.23-BW12.2.oir,1,9,732.2,755.1,1247,0.909,29.463,29.504,29.389,4.663,2181,local,29.244,4.800,46
AD_2026.09.23-BW12.2.oir,1,10,735.3,889.6,1229,0.903,29.456,29.120,29.296,4.729,1549,local,29.244,4.800,49
AD_2026.09.23-BW12.2.oir,1,11,687.3,920.7,1817,0.786,29.288,29.128,29.229,4.779,1632,local,29.244,4.800,45
AD_2026.09.23-BW12.2.oir,1,12,1279.5,1227.8,1783,0.891,29.252,29.500,29.336,4.779,2467,local,29.244,4.800,49
AD_2026.09.23-BW12.2.oir,1,13,643.4,1313.9,654,0.748,67.887,66.616,29.107,4.650,1912,local,29.244,4.800,99
AD_2026.09.23-BW12.2.oir,1,14,1091.6,1367.6,1173,0.893,39.157,33.556,29.348,4.682,2173,local,29.244,4.800,75
AD_2026.09.23-BW12.2.oir,1,15,1608.6,1396.3,961,0.863,71.160,66.262,29.198,4.847,2066,local,29.244,4.800,118
AD_2026.09.23-BW12.2.oir,1,16,1287.9,1474.5,926,0.875,30.755,30.280,29.172,4.730,2021,local,29.244,4.800,50
AD_2026.09.23-BW12.2.oir,1,17,1137.8,1487.9,949,0.865,56.527,53.615,29.087,4.742,2065,local,29.244,4.800,93
AD_2026.09.23-BW12.3.oir,1,1,1842.7,367.1,1411,0.800,42.281,34.982,29.417,4.804,2101,local,29.249,4.746,88
AD_2026.09.23-BW12.3.oir,1,2,1210.6,450.0,1322,0.900,56.051,43.180,29.494,4.755,2247,local,29.249,4.746,100
AD_2026.09.23-BW12.3.oir,1,3,1454.8,645.4,1237,0.878,57.222,43.483,29.232,4.859,2215,local,29.249,4.746,106
AD_2026.09.23-BW12.3.oir,1,4,1873.3,688.8,1305,0.882,48.270,42.980,29.274,4.739,2246,local,29.249,4.746,82
AD_2026.09.23-BW12.3.oir,1,5,1716.0,691.5,1322,0.889,55.318,39.427,29.102,4.601,2254,local,29.249,4.746,102
AD_2026.09.23-BW12.3.oir,1,6,1456.4,1014.4,1586,0.793,29.649,29.370,29.322,4.752,2416,local,29.249,4.746,50
AD_2026.09.23-BW12.3.oir,1,7,673.5,1169.5,1364,0.888,55.849,40.347,29.166,4.842,2274,local,29.249,4.746,106
AD_2026.09.23-BW12.3.oir,1,8,1692.7,1402.1,593,0.859,37.992,37.068,29.195,4.729,1830,local,29.249,4.746,65
AD_2026.09.23-BW12.3.oir,1,9,1611.1,1652.7,1018,0.868,57.066,50.855,29.167,4.923,2099,local,29.249,4.746,98
AD_2026.09.23-BW12.3.oir,1,10,350.1,1741.6,1191,0.807,45.576,38.918,29.233,4.716,2169,local,29.249,4.746,78
AD_2026.09.23-BW12.3.oir,1,11,983.1,2011.9,1169,0.869,60.587,50.173,29.274,4.774,2092,local,29.249,4.746,107
AD_2026.09.23-BW2.1.oir,1,1,1901.9,89.6,816,0.828,52.669,46.194,27.079,4.781,1475,local,26.815,4.700,95
AD_2026.09.23-BW2.1.oir,1,2,1921.5,118.3,683,0.821,66.359,63.779,26.973,4.615,1386,local,26.815,4.700,104
AD_2026.09.23-BW2.1.oir,1,3,918.7,383.1,504,0.634,26.595,26.655,26.824,4.612,1487,local,26.815,4.700,40
AD_2026.09.23-BW2.1.oir,1,4,666.9,484.9,2081,0.778,26.829,26.677,26.851,4.713,2543,local,26.815,4.700,42
AD_2026.09.23-BW2.1.oir,1,5,1075.8,486.1,1601,0.780,26.948,26.856,26.749,4.722,1772,local,26.815,4.700,43
AD_2026.09.23-BW2.1.oir,1,6,607.4,539.5,1830,0.721,26.849,26.715,26.752,4.599,2472,local,26.815,4.700,42
AD_2026.09.23-BW2.1.oir,1,7,1538.8,564.4,1114,0.859,65.179,59.251,26.856,4.565,2165,local,26.815,4.700,108
AD_2026.09.23-BW2.1.oir,1,8,663.0,613.5,1818,0.749,26.808,26.869,26.884,4.712,2546,local,26.815,4.700,42
AD_2026.09.23-BW2.1.oir,1,9,1209.0,771.8,1110,0.884,68.576,57.476,26.725,4.716,2130,local,26.815,4.700,122
AD_2026.09.23-BW2.1.oir,1,10,287.0,950.3,1424,0.787,61.423,47.205,26.859,4.736,2324,local,26.815,4.700,107
AD_2026.09.23-BW2.1.oir,1,11,953.9,1039.1,1546,0.863,66.272,49.217,26.907,4.713,2220,local,26.815,4.700,115
AD_2026.09.23-BW2.2.oir,1,1,1867.5,316.8,1242,0.875,27.100,27.056,27.279,4.695,2211,local,27.021,4.688,40
AD_2026.09.23-BW2.2.oir,1,2,1690.2,336.5,1874,0.890,27.208,27.033,27.296,4.649,1943,local,27.021,4.688,49
AD_2026.09.23-BW2.2.oir,1,3,836.1,370.8,1083,0.870,65.404,58.457,27.204,4.698,2137,local,27.021,4.688,112
AD_2026.09.23-BW2.2.oir,1,4,890.3,483.4,1459,0.821,30.001,28.357,27.142,4.728,1812,local,27.021,4.688,51
AD_2026.09.23-BW2.2.oir,1,5,1247.3,516.8,830,0.769,27.059,26.980,27.052,4.745,1603,local,27.021,4.688,41
AD_2026.09.23-BW2.2.oir,1,6,884.9,523.3,688,0.755,29.275,28.958,27.117,4.634,1409,local,27.021,4.688,51
AD_2026.09.23-BW2.2.oir,1,7,1189.1,585.7,1371,0.799,27.063,26.827,27.012,4.757,1312,local,27.021,4.688,44
AD_2026.09.23-BW2.2.oir,1,8,724.5,766.4,1186,0.903,65.389,57.291,27.108,4.674,2173,local,27.021,4.688,111
AD_2026.09.23-BW2.2.oir,1,9,275.8,955.2,1686,0.880,27.153,27.140,27.213,4.611,2118,local,27.021,4.688,44
AD_2026.09.23-BW2.2.oir,1,10,1065.6,1580.5,1941,0.861,27.079,27.201,26.821,4.691,2312,local,27.021,4.688,42
AD_2026.09.23-BW2.2.oir,1,11,1235.8,1645.6,967,0.798,27.217,27.100,26.912,4.622,1428,local,27.021,4.688,42
AD_2026.09.23-BW2.2.oir,1,12,692.7,1690.1,984,0.852,63.294,53.071,27.125,4.640,2093,local,27.021,4.688,112
AD_2026.09.23-BW2.2.oir,1,13,562.0,1782.1,1118,0.898,47.795,40.819,27.105,4.634,2139,local,27.021,4.688,90
AD_2026.09.23-BW2.3.oir,1,1,1606.4,115.9,1325,0.899,58.577,45.103,27.299,4.816,2244,local,27.063,4.682,97
AD_2026.09.23-BW2.3.oir,1,2,1646.5,375.7,923,0.763,62.831,59.012,26.966,4.609,1510,local,27.063,4.682,127
AD_2026.09.23-BW2.3.oir,1,3,1629.0,408.4,1052,0.778,28.120,28.724,27.069,4.587,1585,local,27.063,4.682,68
AD_2026.09.23-BW2.3.oir,1,4,1991.1,529.9,1230,0.897,62.024,54.273,27.010,4.759,2201,local,27.063,4.682,109
AD_2026.09.23-BW2.3.oir,1,5,1304.0,1166.2,961,0.815,61.342,54.154,27.126,4.724,2077,local,27.063,4.682,104
AD_2026.09.23-BW2.3.oir,1,6,29.6,1748.8,941,0.854,36.942,34.672,26.949,4.755,1240,local,27.063,4.682,71
AD_2026.09.23-BW2.3.oir,1,7,101.2,1773.1,1185,0.744,27.084,27.190,27.028,4.792,1209,local,27.063,4.682,44
AD_2026.09.23-BW2.3.oir,1,8,1084.8,1878.4,1074,0.891,62.281,50.744,27.022,4.805,2115,local,27.063,4.682,110
AD_2026.09.23-BW3.1.oir,1,1,1201.4,33.6,1247,0.816,27.281,27.378,27.302,4.721,1168,local,27.229,4.710,46
AD_2026.09.23-BW3.1.oir,1,2,1596.0,174.3,1677,0.886,27.484,27.547,27.371,4.807,2077,local,27.229,4.710,45
AD_2026.09.23-BW3.1.oir,1,3,599.2,331.3,750,0.852,50.804,47.922,27.274,4.719,1940,local,27.229,4.710,89
AD_2026.09.23-BW3.1.oir,1,4,1738.1,405.4,1093,0.880,27.318,27.355,27.297,4.648,1878,local,27.229,4.710,42
AD_2026.09.23-BW3.1.oir,1,5,1682.3,409.4,922,0.855,36.174,33.303,27.401,4.643,1286,local,27.229,4.710,73
AD_2026.09.23-BW3.1.oir,1,6,1354.9,478.5,625,0.781,27.360,27.301,27.325,4.643,1905,local,27.229,4.710,44
AD_2026.09.23-BW3.1.oir,1,7,1420.9,485.0,811,0.658,27.158,27.165,27.285,4.596,2137,local,27.229,4.710,45
AD_2026.09.23-BW3.1.oir,1,8,1634.4,555.4,1640,0.831,49.448,42.564,27.412,4.775,1695,local,27.229,4.710,100
AD_2026.09.23-BW3.1.oir,1,9,1748.1,545.9,733,0.890,27.563,27.481,27.206,4.731,1912,local,27.229,4.710,43
AD_2026.09.23-BW3.1.oir,1,10,879.2,749.6,1361,0.781,27.245,27.094,27.317,4.599,1330,local,27.229,4.710,43
AD_2026.09.23-BW3.1.oir,1,11,1201.8,800.5,812,0.889,51.417,45.267,27.153,4.551,1967,local,27.229,4.710,95
AD_2026.09.23-BW3.1.oir,1,12,904.7,802.0,558,0.783,27.210,27.153,27.145,4.685,670,local,27.229,4.710,44
AD_2026.09.23-BW3.1.oir,1,13,383.9,824.8,1229,0.872,60.201,55.124,27.374,4.819,2205,local,27.229,4.710,96
AD_2026.09.23-BW3.1.oir,1,14,1254.4,897.3,1281,0.869,60.225,53.557,27.081,4.597,2238,local,27.229,4.710,98
AD_2026.09.23-BW3.1.oir,1,15,533.8,918.5,1159,0.888,59.443,55.470,27.249,4.734,1697,local,27.229,4.710,105
AD_2026.09.23-BW3.1.oir,1,16,494.1,919.3,603,0.786,27.919,27.757,27.282,4.735,1390,local,27.229,4.710,40
AD_2026.09.23-BW3.1.oir,1,17,609.8,1163.9,1313,0.875,62.240,54.509,27.407,4.615,2257,local,27.229,4.710,101
AD_2026.09.23-BW3.1.oir,1,18,386.0,1507.1,1852,0.712,27.156,27.132,27.272,4.675,1015,local,27.229,4.710,45
AD_2026.09.23-BW3.1.oir,1,19,330.7,1639.5,1743,0.800,27.091,26.962,27.019,4.773,2507,local,27.229,4.710,41
AD_2026.09.23-BW3.1.oir,1,20,1371.9,1969.8,1044,0.883,57.549,53.617,27.248,4.703,2106,local,27.229,4.710,92
AD_2026.09.23-BW3.1.oir,1,21,1984.9,2006.2,1121,0.889,57.972,51.919,27.374,4.684,2146,local,27.229,4.710,95
AD_2026.09.23-BW3.2.oir,1,1,392.7,15.6,115,0.692,27.852,28.183,27.719,4.471,345,local,27.374,4.778,39
AD_2026.09.23-BW3.2.oir,1,2,928.9,33.3,321,0.905,67.199,57.878,27.620,4.793,581,local,27.374,4.778,108
AD_2026.09.23-BW3.2.oir,1,3,992.0,51.7,259,0.913,40.544,38.076,27.592,4.796,549,local,27.374,4.778,62
AD_2026.09.23-BW3.2.oir,1,4,105.2,76.2,433,0.815,27.568,27.869,27.828,3.883,192,local,27.374,4.778,43
AD_2026.09.23-BW3.2.oir,1,5,134.6,133.5,330,0.914,29.088,28.843,27.437,4.721,570,local,27.374,4.778,44
AD_2026.09.23-BW3.2.oir,1,6,850.8,221.4,339,0.901,72.065,64.171,27.562,4.581,591,local,27.374,4.778,116
AD_2026.09.23-BW3.2.oir,1,7,561.9,224.1,141,0.913,44.809,42.812,27.378,4.708,471,local,27.374,4.778,77
AD_2026.09.23-BW3.2.oir,1,8,733.4,303.0,280,0.942,73.839,63.303,27.572,4.612,554,local,27.374,4.778,113
AD_2026.09.23-BW3.2.oir,1,9,967.0,464.9,362,0.816,75.638,69.440,27.469,4.658,603,local,27.374,4.778,113
AD_2026.09.23-BW3.2.oir,1,10,225.5,482.1,266,0.912,72.060,68.520,27.585,4.669,470,local,27.374,4.778,117
AD_2026.09.23-BW3.2.oir,1,11,154.5,788.9,151,0.909,69.338,64.980,27.555,4.502,474,local,27.374,4.778,104
AD_2026.09.23-BW3.2.oir,1,12,398.2,801.7,242,0.932,64.640,60.181,27.493,4.611,536,local,27.374,4.778,96
AD_2026.09.23-BW3.2.oir,1,13,112.9,916.3,279,0.652,27.190,27.645,27.593,4.805,420,local,27.374,4.778,42
AD_2026.09.23-BW3.2.oir,1,14,948.8,971.4,170,0.748,27.012,27.009,27.031,4.594,350,local,27.374,4.778,39
AD_2026.09.23-BW3.2.oir,1,15,983.2,985.6,329,0.896,27.462,27.145,27.463,4.863,540,local,27.374,4.778,46
AD_2026.09.23-BW3.2.oir,1,16,943.1,1000.3,222,0.821,26.946,26.869,27.190,4.928,337,local,27.374,4.778,43
AD_2026.09.23-BW3.2.oir,1,17,166.8,1004.7,207,0.922,61.749,59.914,27.558,4.701,514,local,27.374,4.778,94
AD_2026.09.23-BW3.3.oir,1,1,1441.2,36.6,770,0.819,35.836,32.931,27.512,4.785,1471,local,27.312,4.751,71
AD_2026.09.23-BW3.3.oir,1,2,1131.5,368.2,979,0.893,69.840,60.376,27.273,4.639,2060,local,27.312,4.751,120
AD_2026.09.23-BW3.3.oir,1,3,163.3,549.8,1332,0.908,27.385,27.607,27.214,4.707,1735,local,27.312,4.751,46
AD_2026.09.23-BW3.3.oir,1,4,110.4,602.2,2152,0.824,27.217,27.120,27.235,4.664,1591,local,27.312,4.751,47
AD_2026.09.23-BW3.3.oir,1,5,659.3,634.5,962,0.877,72.837,62.954,27.350,4.581,2062,local,27.312,4.751,119
AD_2026.09.23-BW3.3.oir,1,6,57.7,698.8,1960,0.822,41.770,33.307,27.253,4.800,1041,local,27.312,4.751,84
AD_2026.09.23-BW3.3.oir,1,7,1220.2,706.9,927,0.867,69.477,71.489,27.353,4.653,2047,local,27.312,4.751,119
AD_2026.09.23-BW3.3.oir,1,8,1129.2,872.5,1585,0.878,82.308,68.586,27.435,4.804,2384,local,27.312,4.751,136
AD_2026.09.23-BW3.3.oir,1,9,1361.0,959.9,1057,0.857,82.816,71.333,27.405,4.779,2128,local,27.312,4.751,135
AD_2026.09.23-BW3.3.oir,1,10,491.9,1403.4,1370,0.874,63.062,54.643,27.356,4.635,2294,local,27.312,4.751,116
AD_2026.09.23-BW3.3.oir,1,11,1866.1,1852.0,819,0.824,27.458,27.466,27.157,4.678,1627,local,27.312,4.751,43
AD_2026.09.23-BW3.3.oir,1,12,1576.0,1854.6,954,0.904,78.041,69.346,27.432,4.662,2047,local,27.312,4.751,120
AD_2026.09.23-BW3.3.oir,1,13,1298.5,1972.1,913,0.826,76.136,68.140,27.500,4.803,1591,local,27.312,4.751,119
AD_2026.09.23-BW3.3.oir,1,14,1260.6,1991.6,885,0.870,27.882,27.658,27.415,4.811,1559,local,27.312,4.751,45
AD_2026.09.23-BW3.3.oir,1,15,1144.8,2002.4,1802,0.869,27.609,27.514,27.531,4.730,2480,local,27.312,4.751,45
AD_2026.09.23-BW3.3.oir,1,16,1059.7,2011.8,1082,0.866,79.188,70.484,27.516,4.625,2122,local,27.312,4.751,131
AD_2026.09.23-BW4.1.oir,1,1,168.5,40.8,594,0.746,27.554,27.568,27.218,4.584,746,local,27.393,4.698,46
AD_2026.09.23-BW4.1.oir,1,2,904.9,110.6,531,0.708,27.132,27.333,27.368,4.559,922,local,27.393,4.698,40
AD_2026.09.23-BW4.1.oir,1,3,769.1,221.6,2099,0.738,27.421,27.210,27.403,4.821,1701,local,27.393,4.698,45
AD_2026.09.23-BW4.1.oir,1,4,1296.5,217.8,859,0.808,27.532,27.338,27.865,4.637,525,local,27.393,4.698,42
AD_2026.09.23-BW4.1.oir,1,5,1838.2,247.5,1084,0.900,43.061,39.633,27.436,4.851,2121,local,27.393,4.698,70
AD_2026.09.23-BW4.1.oir,1,6,1731.3,468.2,1431,0.887,60.150,48.637,27.308,4.655,2299,local,27.393,4.698,103
AD_2026.09.23-BW4.1.oir,1,7,1857.3,566.6,2379,0.767,29.257,28.282,27.449,4.653,2197,local,27.393,4.698,55
AD_2026.09.23-BW4.1.oir,1,8,1873.9,613.2,1005,0.723,28.122,28.133,27.515,4.745,1556,local,27.393,4.698,42
AD_2026.09.23-BW4.1.oir,1,9,1004.6,799.4,836,0.915,53.450,45.892,27.359,4.734,1937,local,27.393,4.698,92
AD_2026.09.23-BW4.1.oir,1,10,862.8,892.1,1427,0.867,34.055,29.656,27.402,4.914,2199,local,27.393,4.698,75
AD_2026.09.23-BW4.1.oir,1,11,28.0,901.2,686,0.695,27.440,27.356,27.367,4.563,1203,local,27.393,4.698,42
AD_2026.09.23-BW4.1.oir,1,12,282.6,1291.3,1031,0.876,65.346,60.207,27.488,4.793,1762,local,27.393,4.698,109
AD_2026.09.23-BW4.1.oir,1,13,915.2,1674.2,1039,0.884,67.886,62.820,27.616,4.812,2103,local,27.393,4.698,114
AD_2026.09.23-BW4.1.oir,1,14,191.1,1758.3,739,0.883,57.639,54.398,27.465,4.658,1918,local,27.393,4.698,89
AD_2026.09.23-BW4.1.oir,1,15,1345.3,1789.2,1414,0.874,66.527,54.244,27.640,4.764,2307,local,27.393,4.698,113
AD_2026.09.23-BW4.1.oir,1,16,482.6,1942.7,999,0.850,70.191,64.821,27.506,4.645,2109,local,27.393,4.698,112
AD_2026.09.23-BW4.2.oir,1,1,588.1,57.5,106,0.659,27.821,27.762,27.145,4.880,242,local,27.462,4.726,40
AD_2026.09.23-BW4.2.oir,1,2,140.0,72.1,195,0.917,36.010,34.369,27.154,4.701,506,local,27.462,4.726,52
AD_2026.09.23-BW4.2.oir,1,3,679.4,77.1,116,0.811,27.233,26.977,27.599,4.674,237,local,27.462,4.726,37
AD_2026.09.23-BW4.2.oir,1,4,81.6,150.4,222,0.918,53.450,50.492,27.390,4.513,526,local,27.462,4.726,85
AD_2026.09.23-BW4.2.oir,1,5,548.1,241.3,544,0.753,27.790,27.647,27.295,4.761,539,local,27.462,4.726,42
AD_2026.09.23-BW4.2.oir,1,6,447.3,288.4,376,0.762,27.330,27.401,27.368,4.701,582,local,27.462,4.726,45
AD_2026.09.23-BW4.2.oir,1,7,921.1,319.2,208,0.935,62.106,57.857,27.139,4.957,512,local,27.462,4.726,99
AD_2026.09.23-BW4.2.oir,1,8,155.4,326.7,238,0.917,64.769,62.096,27.910,4.674,534,local,27.462,4.726,94
AD_2026.09.23-BW4.2.oir,1,9,359.7,369.3,388,0.732,27.575,27.625,27.537,4.644,642,local,27.462,4.726,43
AD_2026.09.23-BW4.2.oir,1,10,578.5,412.9,199,0.722,27.412,27.200,27.443,4.804,343,local,27.462,4.726,38
AD_2026.09.23-BW4.2.oir,1,11,341.1,418.4,346,0.785,27.477,27.551,27.483,4.795,470,local,27.462,4.726,42
AD_2026.09.23-BW4.2.oir,1,12,346.5,473.9,180,0.775,27.806,27.658,27.460,4.632,352,local,27.462,4.726,40
AD_2026.09.23-BW4.2.oir,1,13,280.0,481.2,369,0.804,27.518,27.215,27.436,4.854,342,local,27.462,4.726,43
AD_2026.09.23-BW4.2.oir,1,14,428.2,517.6,221,0.914,81.683,76.402,27.470,4.788,526,local,27.462,4.726,125
AD_2026.09.23-BW4.2.oir,1,15,639.5,543.6,421,0.714,27.095,27.091,27.453,4.875,565,local,27.462,4.726,44
AD_2026.09.23-BW4.2.oir,1,16,598.8,545.9,258,0.727,27.314,27.583,27.104,4.733,444,local,27.462,4.726,45
AD_2026.09.23-BW4.2.oir,1,17,794.7,626.1,331,0.886,27.115,26.881,27.468,4.549,577,local,27.462,4.726,48
AD_2026.09.23-BW4.2.oir,1,18,746.5,643.7,226,0.863,28.066,27.956,27.735,4.757,351,local,27.462,4.726,39
AD_2026.09.23-BW4.2.oir,1,19,869.9,654.5,210,0.884,31.433,30.532,27.339,4.805,386,local,27.462,4.726,55
AD_2026.09.23-BW4.2.oir,1,20,941.4,656.0,205,0.885,70.663,67.607,27.501,4.766,517,local,27.462,4.726,107
AD_2026.09.23-BW4.2.oir,1,21,738.5,678.0,390,0.832,27.705,27.958,27.439,4.601,437,local,27.462,4.726,43
AD_2026.09.23-BW4.2.oir,1,22,829.6,674.6,241,0.796,27.270,27.364,27.505,4.591,430,local,27.462,4.726,40
AD_2026.09.23-BW4.2.oir,1,23,867.6,674.6,218,0.891,58.381,53.200,27.608,4.649,393,local,27.462,4.726,101
AD_2026.09.23-BW4.2.oir,1,24,790.5,712.3,260,0.713,41.438,40.812,27.443,4.289,273,local,27.462,4.726,93
AD_2026.09.23-BW4.2.oir,1,25,728.9,791.0,263,0.909,70.502,66.514,27.502,4.806,552,local,27.462,4.726,111
AD_2026.09.23-BW4.2.oir,1,26,602.1,862.5,176,0.935,52.977,47.318,27.607,4.898,494,local,27.462,4.726,94
AD_2026.09.23-BW4.2.oir,1,27,766.1,950.1,406,0.921,68.249,64.853,27.607,4.529,611,local,27.462,4.726,107
AD_2026.09.23-BW4.3.oir,1,1,192.9,40.3,1900,0.763,27.499,27.722,27.798,4.706,944,local,27.548,4.712,43
AD_2026.09.23-BW4.3.oir,1,2,221.1,81.8,1481,0.733,27.562,27.571,27.431,4.626,1712,local,27.548,4.712,43
AD_2026.09.23-BW4.3.oir,1,3,1489.2,205.3,753,0.889,56.348,53.908,27.521,4.628,1925,local,27.548,4.712,86
AD_2026.09.23-BW4.3.oir,1,4,1458.7,301.4,857,0.904,66.211,61.810,27.552,4.793,1986,local,27.548,4.712,105
AD_2026.09.23-BW4.3.oir,1,5,1652.8,470.5,1095,0.900,63.312,58.217,27.623,4.754,2127,local,27.548,4.712,99
AD_2026.09.23-BW4.3.oir,1,6,1797.0,662.9,974,0.796,27.490,27.739,27.703,4.596,1540,local,27.548,4.712,43
AD_2026.09.23-BW4.3.oir,1,7,435.0,726.6,1600,0.861,27.631,27.391,27.413,4.692,2370,local,27.548,4.712,43
AD_2026.09.23-BW4.3.oir,1,8,516.9,726.8,1705,0.896,27.619,27.666,27.589,4.681,2431,local,27.548,4.712,45
AD_2026.09.23-BW4.3.oir,1,9,687.3,808.0,971,0.903,33.048,30.635,27.635,4.796,1708,local,27.548,4.712,57
AD_2026.09.23-BW4.3.oir,1,10,636.5,829.9,1662,0.880,27.536,27.735,27.363,4.828,1580,local,27.548,4.712,45
AD_2026.09.23-BW4.3.oir,1,11,778.5,868.7,1089,0.883,27.523,27.677,27.513,4.766,2000,local,27.548,4.712,46
AD_2026.09.23-BW4.3.oir,1,12,1300.3,1041.3,912,0.873,72.546,65.873,27.542,4.728,2035,local,27.548,4.712,121
AD_2026.09.23-BW4.3.oir,1,13,1423.9,1104.1,1281,0.879,27.717,27.474,27.613,4.764,2243,local,27.548,4.712,45
AD_2026.09.23-BW4.3.oir,1,14,1580.1,1153.4,1519,0.874,27.693,27.660,27.748,4.685,2076,local,27.548,4.712,47
AD_2026.09.23-BW4.3.oir,1,15,1459.1,1211.9,1319,0.774,27.374,27.160,27.393,4.739,2322,local,27.548,4.712,42
AD_2026.09.23-BW4.3.oir,1,16,1627.9,1230.0,1842,0.754,27.720,27.768,27.465,4.695,1264,local,27.548,4.712,46
AD_2026.09.23-BW4.3.oir,1,17,1035.9,1269.4,1193,0.889,60.347,52.520,27.690,4.650,2184,local,27.548,4.712,99
AD_2026.09.23-BW4.3.oir,1,18,1622.1,1270.2,752,0.749,27.432,27.543,27.444,4.662,1049,local,27.548,4.712,43
AD_2026.09.23-BW4.3.oir,1,19,840.4,1361.7,1585,0.725,27.618,27.566,27.741,4.762,1092,local,27.548,4.712,45
AD_2026.09.23-BW4.3.oir,1,20,1648.1,1349.5,507,0.699,27.383,27.337,27.873,4.459,582,local,27.548,4.712,45
AD_2026.09.23-BW4.3.oir,1,21,255.1,1403.2,993,0.889,61.850,55.960,27.746,4.652,2074,local,27.548,4.712,101
AD_2026.09.23-BW4.3.oir,1,22,853.2,1523.7,560,0.668,27.488,27.600,27.598,4.692,1772,local,27.548,4.712,40
AD_2026.09.23-BW4.3.oir,1,23,785.0,1672.3,620,0.719,27.689,27.741,27.515,4.729,1201,local,27.548,4.712,44
AD_2026.09.23-BW4.3.oir,1,24,1789.2,1892.0,940,0.711,27.720,27.655,27.443,4.659,867,local,27.548,4.712,41
AD_2026.09.23-BW4.3.oir,1,25,1581.3,1908.3,623,0.829,75.498,73.945,27.687,4.740,1854,local,27.548,4.712,112
AD_2026.09.23-BW4.3.oir,1,26,484.7,1945.6,711,0.903,58.880,56.168,27.427,4.725,1892,local,27.548,4.712,97
AD_2026.09.23-BW5.1.oir,1,1,774.7,19.1,349,0.867,28.278,28.407,27.982,4.639,560,local,27.821,4.726,43
AD_2026.09.23-BW5.1.oir,1,2,72.7,26.4,180,0.925,67.256,64.167,27.804,4.938,496,local,27.821,4.726,104
AD_2026.09.23-BW5.1.oir,1,3,705.4,70.5,462,0.729,27.654,27.553,27.725,4.662,451,local,27.821,4.726,43
AD_2026.09.23-BW5.1.oir,1,4,734.9,152.2,278,0.935,72.604,63.401,27.955,4.625,553,local,27.821,4.726,112
AD_2026.09.23-BW5.1.oir,1,5,799.2,188.9,161,0.931,49.901,49.160,28.054,4.794,481,local,27.821,4.726,85
AD_2026.09.23-BW5.1.oir,1,6,473.0,196.6,314,0.879,65.159,64.512,27.805,4.715,580,local,27.821,4.726,96
AD_2026.09.23-BW5.1.oir,1,7,214.0,391.0,247,0.874,75.709,69.739,27.773,4.437,542,local,27.821,4.726,112
AD_2026.09.23-BW5.1.oir,1,8,751.9,435.8,302,0.905,67.811,64.827,27.854,4.602,541,local,27.821,4.726,101
AD_2026.09.23-BW5.1.oir,1,9,843.4,493.6,430,0.767,27.444,27.519,27.676,4.751,463,local,27.821,4.726,42
AD_2026.09.23-BW5.1.oir,1,10,479.5,501.3,247,0.857,64.441,60.693,27.654,4.896,547,local,27.821,4.726,98
AD_2026.09.23-BW5.1.oir,1,11,120.1,633.4,253,0.910,84.605,78.415,27.178,4.652,546,local,27.821,4.726,124
AD_2026.09.23-BW5.1.oir,1,12,587.7,673.8,298,0.855,80.154,78.372,27.908,4.724,578,local,27.821,4.726,118
AD_2026.09.23-BW5.1.oir,1,13,361.3,831.1,276,0.887,63.786,60.467,27.791,4.952,561,local,27.821,4.726,94
AD_2026.09.23-BW5.1_0001.oir,1,1,1550.8,37.6,1523,0.780,27.810,27.902,27.812,4.781,2316,local,27.642,4.719,44
AD_2026.09.23-BW5.1_0001.oir,1,2,147.1,52.3,796,0.891,54.500,49.995,27.776,4.692,1958,local,27.642,4.719,88
AD_2026.09.23-BW5.1_0001.oir,1,3,1470.1,303.9,1264,0.902,61.629,48.655,27.758,4.698,2215,local,27.642,4.719,108
AD_2026.09.23-BW5.1_0001.oir,1,4,1600.0,377.4,750,0.886,44.036,42.150,27.661,4.643,1921,local,27.642,4.719,72
AD_2026.09.23-BW5.1_0001.oir,1,5,946.5,392.8,1408,0.876,58.165,53.614,27.508,4.578,2309,local,27.642,4.719,98
AD_2026.09.23-BW5.1_0001.oir,1,6,430.0,781.3,1143,0.906,63.195,51.973,27.661,4.691,2148,local,27.642,4.719,117
AD_2026.09.23-BW5.1_0001.oir,1,7,1504.7,870.8,1346,0.883,61.441,55.942,27.834,4.564,2189,local,27.642,4.719,102
AD_2026.09.23-BW5.1_0001.oir,1,8,960.0,1002.0,1087,0.878,58.190,51.501,27.681,4.772,2141,local,27.642,4.719,96
AD_2026.09.23-BW5.1_0001.oir,1,9,1659.4,1105.6,2153,0.850,27.480,27.586,27.622,4.604,1182,local,27.642,4.719,48
AD_2026.09.23-BW5.1_0001.oir,1,10,1732.6,1106.1,960,0.702,27.623,27.553,27.367,4.749,1151,local,27.642,4.719,49
AD_2026.09.23-BW5.1_0001.oir,1,11,1622.5,1192.0,1872,0.861,27.857,27.760,27.732,4.624,2161,local,27.642,4.719,44
AD_2026.09.23-BW5.1_0001.oir,1,12,241.8,1266.9,1141,0.877,73.436,60.366,27.685,4.645,2164,local,27.642,4.719,136
AD_2026.09.23-BW5.1_0001.oir,1,13,1174.8,1347.5,1326,0.878,70.132,61.602,27.670,4.774,2269,local,27.642,4.719,113
AD_2026.09.23-BW5.1_0001.oir,1,14,724.9,1661.3,1221,0.893,57.174,49.720,27.649,4.717,2195,local,27.642,4.719,95
AD_2026.09.23-BW5.2.oir,1,1,317.1,17.8,154,0.937,42.662,40.721,27.490,4.690,478,local,27.799,4.730,76
AD_2026.09.23-BW5.2.oir,1,2,273.0,46.2,227,0.900,71.982,68.585,27.883,4.824,532,local,27.799,4.730,112
AD_2026.09.23-BW5.2.oir,1,3,383.3,67.4,216,0.894,61.815,58.500,27.939,4.493,523,local,27.799,4.730,95
AD_2026.09.23-BW5.2.oir,1,4,979.1,96.0,361,0.900,78.873,71.242,27.837,4.578,600,local,27.799,4.730,127
AD_2026.09.23-BW5.2.oir,1,5,434.8,186.9,168,0.710,27.726,27.184,27.762,5.099,408,local,27.799,4.730,40
AD_2026.09.23-BW5.2.oir,1,6,147.4,202.3,247,0.906,72.393,69.493,28.007,4.387,543,local,27.799,4.730,111
AD_2026.09.23-BW5.2.oir,1,7,872.8,219.1,304,0.888,66.049,61.356,27.537,4.601,575,local,27.799,4.730,108
AD_2026.09.23-BW5.2.oir,1,8,299.6,222.6,143,0.771,27.944,28.198,27.527,4.754,423,local,27.799,4.730,41
AD_2026.09.23-BW5.2.oir,1,9,522.9,268.0,528,0.842,27.805,27.441,27.816,4.886,559,local,27.799,4.730,44
AD_2026.09.23-BW5.2.oir,1,10,430.6,335.4,319,0.890,27.755,27.892,27.848,4.466,513,local,27.799,4.730,45
AD_2026.09.23-BW5.2.oir,1,11,701.1,369.4,274,0.897,84.255,78.913,27.848,4.901,560,local,27.799,4.730,138
AD_2026.09.23-BW5.2.oir,1,12,136.7,401.4,219,0.709,27.571,27.405,27.569,4.978,343,local,27.799,4.730,40
AD_2026.09.23-BW5.2.oir,1,13,162.2,400.2,375,0.716,27.621,27.527,27.981,4.679,479,local,27.799,4.730,42
AD_2026.09.23-BW5.2.oir,1,14,130.4,435.8,439,0.744,27.711,27.700,27.930,4.845,627,local,27.799,4.730,43
AD_2026.09.23-BW5.2.oir,1,15,182.9,444.1,235,0.755,28.153,28.203,27.941,4.480,341,local,27.799,4.730,42
AD_2026.09.23-BW5.2.oir,1,16,103.8,465.5,201,0.868,71.731,70.325,27.916,4.745,512,local,27.799,4.730,103
AD_2026.09.23-BW5.2.oir,1,17,302.7,466.9,148,0.757,27.939,28.177,27.551,4.183,408,local,27.799,4.730,42
AD_2026.09.23-BW5.2.oir,1,18,206.9,482.9,284,0.725,28.254,28.513,27.976,4.621,418,local,27.799,4.730,41
AD_2026.09.23-BW5.2.oir,1,19,507.7,486.5,201,0.829,27.980,27.893,27.825,4.942,343,local,27.799,4.730,43
AD_2026.09.23-BW5.2.oir,1,20,186.1,491.2,339,0.709,28.094,28.606,28.196,4.494,271,local,27.799,4.730,42
AD_2026.09.23-BW5.2.oir,1,21,198.9,655.4,205,0.874,76.239,73.722,28.119,4.927,522,local,27.799,4.730,115
AD_2026.09.23-BW5.2.oir,1,22,579.6,673.4,560,0.789,28.107,27.864,28.355,4.433,321,local,27.799,4.730,44
AD_2026.09.23-BW5.2.oir,1,23,605.7,675.6,318,0.755,27.849,27.653,28.059,4.773,439,local,27.799,4.730,41
AD_2026.09.23-BW5.2.oir,1,24,550.7,697.8,410,0.772,27.876,28.199,27.894,4.758,283,local,27.799,4.730,41
AD_2026.09.23-BW5.2.oir,1,25,911.3,810.2,255,0.868,82.533,80.139,27.799,4.490,547,local,27.799,4.730,117
AD_2026.09.23-BW5.2.oir,1,26,911.0,879.6,246,0.860,86.882,84.377,27.564,4.981,544,local,27.799,4.730,129
AD_2026.09.23-BW5.2.oir,1,27,205.4,902.8,246,0.860,27.984,28.486,27.740,4.506,384,local,27.799,4.730,43
AD_2026.09.23-BW5.2.oir,1,28,123.4,913.3,202,0.872,66.144,65.911,27.727,4.781,517,local,27.799,4.730,96
AD_2026.09.23-BW5.2.oir,1,29,248.1,981.2,192,0.945,27.911,28.208,27.561,4.554,494,local,27.799,4.730,47
AD_2026.09.23-BW5.2_0001.oir,1,1,636.6,35.3,708,0.905,38.757,35.889,27.736,4.815,1889,local,27.691,4.733,64
AD_2026.09.23-BW5.2_0001.oir,1,2,548.5,92.1,1029,0.895,60.750,55.018,27.588,4.814,2088,local,27.691,4.733,116
AD_2026.09.23-BW5.2_0001.oir,1,3,768.5,134.4,956,0.902,52.822,47.262,27.631,4.680,2046,local,27.691,4.733,90
AD_2026.09.23-BW5.2_0001.oir,1,4,1958.9,191.5,1588,0.896,67.277,56.991,27.691,4.792,2375,local,27.691,4.733,109
AD_2026.09.23-BW5.2_0001.oir,1,5,296.7,404.4,1109,0.900,61.506,53.861,27.499,4.657,2136,local,27.691,4.733,104
AD_2026.09.23-BW5.2_0001.oir,1,6,1747.2,438.1,1314,0.899,58.256,49.286,27.471,4.666,2244,local,27.691,4.733,104
AD_2026.09.23-BW5.2_0001.oir,1,7,602.1,445.0,673,0.721,27.725,27.618,27.418,4.505,1713,local,27.691,4.733,43
AD_2026.09.23-BW5.2_0001.oir,1,8,1045.5,535.2,2310,0.878,27.629,27.647,27.534,4.671,2183,local,27.691,4.733,43
AD_2026.09.23-BW5.2_0001.oir,1,9,991.4,530.1,909,0.742,27.646,27.541,27.676,4.748,895,local,27.691,4.733,44
AD_2026.09.23-BW5.2_0001.oir,1,10,812.9,621.3,1367,0.860,27.838,27.698,27.844,4.815,1451,local,27.691,4.733,50
AD_2026.09.23-BW5.2_0001.oir,1,11,862.3,670.1,1375,0.865,27.549,27.353,27.755,4.819,2043,local,27.691,4.733,45
AD_2026.09.23-BW5.2_0001.oir,1,12,1401.8,738.4,1265,0.884,72.947,62.310,27.760,4.710,2227,local,27.691,4.733,128
AD_2026.09.23-BW5.2_0001.oir,1,13,277.8,808.4,751,0.820,27.680,27.462,27.563,4.834,796,local,27.691,4.733,42
AD_2026.09.23-BW5.2_0001.oir,1,14,474.9,880.6,2509,0.826,27.655,27.703,27.657,4.767,2379,local,27.691,4.733,45
AD_2026.09.23-BW5.2_0001.oir,1,15,369.1,887.6,1148,0.787,28.055,28.118,27.626,4.706,1384,local,27.691,4.733,44
AD_2026.09.23-BW5.2_0001.oir,1,16,209.7,931.0,895,0.841,65.021,63.477,27.661,4.928,2036,local,27.691,4.733,107
AD_2026.09.23-BW5.2_0001.oir,1,17,608.1,933.1,696,0.736,27.546,27.634,27.832,4.571,1632,local,27.691,4.733,44
AD_2026.09.23-BW5.2_0001.oir,1,18,415.6,966.0,1285,0.706,27.872,27.834,27.622,4.656,1687,local,27.691,4.733,50
AD_2026.09.23-BW5.2_0001.oir,1,19,1014.9,972.5,944,0.829,27.594,27.390,27.588,4.712,1365,local,27.691,4.733,42
AD_2026.09.23-BW5.2_0001.oir,1,20,374.2,981.7,1443,0.711,27.621,27.767,27.658,4.835,1081,local,27.691,4.733,43
AD_2026.09.23-BW5.2_0001.oir,1,21,399.6,1310.3,937,0.867,65.979,61.531,27.708,4.691,2054,local,27.691,4.733,107
AD_2026.09.23-BW5.2_0001.oir,1,22,1142.8,1357.3,835,0.706,28.188,28.159,27.865,4.790,687,local,27.691,4.733,45
AD_2026.09.23-BW5.2_0001.oir,1,23,1026.3,1381.8,1174,0.781,27.771,27.658,27.708,4.745,1042,local,27.691,4.733,46
AD_2026.09.23-BW5.2_0001.oir,1,24,1097.8,1395.0,2074,0.787,27.792,27.705,27.808,4.678,1174,local,27.691,4.733,51
AD_2026.09.23-BW5.2_0001.oir,1,25,1054.0,1411.7,1109,0.730,27.967,27.930,27.814,4.692,919,local,27.691,4.733,44
AD_2026.09.23-BW5.2_0001.oir,1,26,1823.8,1619.8,1145,0.872,72.038,66.538,27.740,4.667,2173,local,27.691,4.733,115
AD_2026.09.23-BW5.2_0001.oir,1,27,414.4,1805.5,1196,0.869,28.042,27.991,27.812,4.712,1551,local,27.691,4.733,42
AD_2026.09.23-BW5.2_0001.oir,1,28,248.8,1825.9,893,0.822,59.713,58.800,27.995,4.806,2037,local,27.691,4.733,93
AD_2026.09.23-BW5.2_0001.oir,1,29,500.6,1863.1,1040,0.746,27.904,28.040,27.941,4.685,1245,local,27.691,4.733,43
AD_2026.09.23-BW5.2_0001.oir,1,30,498.9,1961.9,880,0.910,27.842,27.845,28.032,4.667,2000,local,27.691,4.733,44
AD_2026.09.23-BW5.3.oir,1,1,894.8,149.3,1985,0.819,28.095,28.018,27.861,4.657,902,local,27.821,4.763,50
AD_2026.09.23-BW5.3.oir,1,2,1135.3,221.5,1544,0.866,27.733,27.767,27.906,4.697,2059,local,27.821,4.763,43
AD_2026.09.23-BW5.3.oir,1,3,624.9,256.2,1162,0.872,55.317,41.175,27.736,4.759,2184,local,27.821,4.763,109
AD_2026.09.23-BW5.3.oir,1,4,528.9,400.7,1128,0.834,50.809,44.861,27.992,4.499,2082,local,27.821,4.763,84
AD_2026.09.23-BW5.3.oir,1,5,124.9,500.9,1108,0.890,64.860,50.268,27.642,4.827,2133,local,27.821,4.763,117
AD_2026.09.23-BW5.3.oir,1,6,214.6,643.4,1018,0.860,61.126,53.986,27.772,4.681,2108,local,27.821,4.763,97
AD_2026.09.23-BW5.3.oir,1,7,277.4,674.0,1348,0.874,61.196,58.194,27.862,4.601,2280,local,27.821,4.763,97
AD_2026.09.23-BW5.3.oir,1,8,175.4,712.0,1049,0.824,56.336,52.953,27.775,4.725,2143,local,27.821,4.763,104
AD_2026.09.23-BW5.3.oir,1,9,839.5,945.0,1429,0.864,59.083,53.230,27.716,4.777,2319,local,27.821,4.763,100
AD_2026.09.23-BW5.3.oir,1,10,1532.3,958.8,1269,0.876,65.605,58.067,27.772,4.728,2230,local,27.821,4.763,103
AD_2026.09.23-BW5.3.oir,1,11,1065.6,1143.1,1125,0.891,63.647,49.558,27.849,4.756,1823,local,27.821,4.763,119
AD_2026.09.23-BW5.3.oir,1,12,161.0,1298.8,1182,0.885,58.448,53.637,27.869,4.720,2179,local,27.821,4.763,95
AD_2026.09.23-BW5.3.oir,1,13,900.5,1355.8,673,0.750,27.883,27.809,27.953,5.038,450,local,27.821,4.763,44
AD_2026.09.23-BW5.3.oir,1,14,1027.8,1382.8,1056,0.805,28.027,27.971,27.724,4.438,728,local,27.821,4.763,48
AD_2026.09.23-BW5.3.oir,1,15,820.3,1481.7,688,0.681,27.871,27.631,27.966,4.706,698,local,27.821,4.763,46
AD_2026.09.23-BW5.3.oir,1,16,1297.9,1534.0,1072,0.897,60.898,50.562,27.714,4.643,2119,local,27.821,4.763,110
AD_2026.09.23-BW5.3.oir,1,17,637.7,1751.7,1102,0.874,65.755,57.376,28.122,4.722,1860,local,27.821,4.763,127
AD_2026.09.23-BW5.3.oir,1,18,1852.0,1756.9,1117,0.889,66.253,54.196,28.028,4.759,2145,local,27.821,4.763,117
AD_2026.09.23-BW5.3.oir,1,19,976.1,1905.9,1089,0.819,65.405,56.890,28.081,4.647,2068,local,27.821,4.763,113
AD_2026.09.23-BW5.3_0001.oir,1,1,819.6,149.2,1906,0.798,28.009,27.944,28.012,4.643,924,local,27.993,4.783,45
AD_2026.09.23-BW5.3_0001.oir,1,2,1059.8,221.4,1592,0.876,27.819,27.800,27.940,4.730,2083,local,27.993,4.783,42
AD_2026.09.23-BW5.3_0001.oir,1,3,549.0,255.9,1149,0.904,53.871,40.993,27.780,4.771,2158,local,27.993,4.783,101
AD_2026.09.23-BW5.3_0001.oir,1,4,453.0,400.6,1119,0.864,49.520,44.161,28.120,4.725,2048,local,27.993,4.783,92
AD_2026.09.23-BW5.3_0001.oir,1,5,48.1,500.7,1101,0.873,62.891,49.251,27.951,4.744,2144,local,27.993,4.783,112
AD_2026.09.23-BW5.3_0001.oir,1,6,138.8,643.2,1034,0.865,59.184,52.284,27.801,4.725,2110,local,27.993,4.783,96
AD_2026.09.23-BW5.3_0001.oir,1,7,202.2,673.9,1342,0.870,59.277,55.862,27.968,4.796,2277,local,27.993,4.783,98
AD_2026.09.23-BW5.3_0001.oir,1,8,99.1,711.7,1033,0.801,54.472,51.251,28.057,4.737,2142,local,27.993,4.783,88
AD_2026.09.23-BW5.3_0001.oir,1,9,959.7,802.9,1039,0.806,56.581,53.861,28.076,4.610,1925,local,27.993,4.783,99
AD_2026.09.23-BW5.3_0001.oir,1,10,763.3,945.1,1412,0.861,57.173,51.192,27.987,4.660,2317,local,27.993,4.783,92
AD_2026.09.23-BW5.3_0001.oir,1,11,1456.9,958.6,1273,0.868,63.605,56.305,28.025,4.791,2243,local,27.993,4.783,101
AD_2026.09.23-BW5.3_0001.oir,1,12,989.3,1143.1,1111,0.908,61.207,48.032,28.076,4.739,1812,local,27.993,4.783,111
AD_2026.09.23-BW5.3_0001.oir,1,13,84.2,1298.6,1174,0.879,56.302,52.180,28.068,4.888,2174,local,27.993,4.783,91
AD_2026.09.23-BW5.3_0001.oir,1,14,951.6,1382.9,1064,0.837,27.889,27.865,27.959,4.501,947,local,27.993,4.783,43
AD_2026.09.23-BW5.3_0001.oir,1,15,1297.7,1533.9,1062,0.897,59.259,49.208,28.013,4.618,2112,local,27.993,4.783,104
AD_2026.09.23-BW5.3_0001.oir,1,16,637.5,1751.7,1096,0.889,63.529,56.287,27.986,4.773,1838,local,27.993,4.783,103
AD_2026.09.23-BW5.3_0001.oir,1,17,1852.1,1756.9,1112,0.894,63.971,52.859,28.118,4.560,2141,local,27.993,4.783,120
AD_2026.09.23-BW5.3_0001.oir,1,18,976.0,1906.0,1080,0.830,64.006,55.400,28.227,4.713,2058,local,27.993,4.783,113
AD_2026.09.23-BW6.1.oir,1,1,1377.6,44.4,906,0.864,44.854,42.282,27.883,4.836,2040,local,27.987,4.774,71
AD_2026.09.23-BW6.1.oir,1,2,1094.1,164.0,1606,0.910,34.283,30.412,28.120,4.774,2365,local,27.987,4.774,77
AD_2026.09.23-BW6.1.oir,1,3,273.2,320.2,784,0.807,63.969,60.411,27.841,4.716,1870,local,27.987,4.774,103
AD_2026.09.23-BW6.1.oir,1,4,1799.1,554.7,1100,0.887,73.252,61.773,27.751,4.785,2112,local,27.987,4.774,123
AD_2026.09.23-BW6.1.oir,1,5,1150.7,602.0,632,0.749,28.030,27.944,27.721,4.596,833,local,27.987,4.774,44
AD_2026.09.23-BW6.1.oir,1,6,843.5,636.9,1021,0.864,68.396,61.961,28.019,4.691,1970,local,27.987,4.774,111
AD_2026.09.23-BW6.1.oir,1,7,607.4,695.9,1028,0.878,73.485,63.029,27.816,4.771,2021,local,27.987,4.774,129
AD_2026.09.23-BW6.1.oir,1,8,1234.2,916.6,1509,0.764,27.892,28.135,28.001,4.679,2279,local,27.987,4.774,43
AD_2026.09.23-BW6.1.oir,1,9,408.6,982.3,659,0.767,60.349,58.331,27.958,4.776,1790,local,27.987,4.774,94
AD_2026.09.23-BW6.1.oir,1,10,1384.9,1052.9,807,0.681,27.860,27.811,27.762,4.664,971,local,27.987,4.774,44
AD_2026.09.23-BW6.1.oir,1,11,85.6,1071.4,777,0.720,66.889,63.506,28.064,4.826,1876,local,27.987,4.774,105
AD_2026.09.23-BW6.1.oir,1,12,752.2,1103.7,1188,0.813,58.027,53.583,28.051,4.675,2223,local,27.987,4.774,95
AD_2026.09.23-BW6.1.oir,1,13,962.6,1150.2,1218,0.712,72.403,60.611,28.101,4.821,2353,local,27.987,4.774,150
AD_2026.09.23-BW6.1.oir,1,14,1345.4,1225.9,1924,0.831,28.077,28.096,28.071,4.703,1758,local,27.987,4.774,45
AD_2026.09.23-BW6.1.oir,1,15,333.7,1328.0,899,0.852,53.230,50.233,27.975,4.654,1931,local,27.987,4.774,89
AD_2026.09.23-BW6.1.oir,1,16,1694.8,1349.3,896,0.847,66.665,64.388,28.004,4.827,1985,local,27.987,4.774,108
AD_2026.09.23-BW6.1.oir,1,17,1440.9,1359.1,674,0.796,65.691,64.775,27.969,4.792,1908,local,27.987,4.774,104
AD_2026.09.23-BW6.1.oir,1,18,1288.8,1568.6,707,0.722,27.829,27.724,28.003,4.799,1972,local,27.987,4.774,48
AD_2026.09.23-BW6.1.oir,1,19,1410.2,1596.9,1341,0.768,27.964,27.841,27.968,4.647,1697,local,27.987,4.774,44
AD_2026.09.23-BW6.1.oir,1,20,1571.0,1630.3,538,0.696,27.840,27.821,28.092,4.766,1119,local,27.987,4.774,51
AD_2026.09.23-BW6.1.oir,1,21,1316.5,1644.8,1088,0.878,68.653,57.024,28.032,4.730,1827,local,27.987,4.774,122
AD_2026.09.23-BW6.1.oir,1,22,1642.5,1663.6,998,0.864,81.261,74.002,28.184,4.669,2089,local,27.987,4.774,132
AD_2026.09.23-BW6.1.oir,1,23,1091.8,1797.8,762,0.856,75.929,72.256,27.978,4.788,1952,local,27.987,4.774,120
AD_2026.09.23-BW6.1.oir,1,24,1778.5,1862.8,1110,0.802,28.452,28.054,28.302,4.703,1265,local,27.987,4.774,46
AD_2026.09.23-BW6.1.oir,1,25,1818.6,1911.7,2202,0.788,28.104,28.240,28.155,4.705,1951,local,27.987,4.774,44
AD_2026.09.23-BW6.1.oir,1,26,1738.0,1944.4,2342,0.821,28.453,28.388,28.015,4.714,1363,local,27.987,4.774,45
AD_2026.09.23-BW6.2.oir,1,1,653.5,102.7,1281,0.895,61.644,57.389,28.253,4.759,2229,local,28.070,4.762,102
AD_2026.09.23-BW6.2.oir,1,2,1308.8,116.1,696,0.905,49.138,43.941,28.013,4.789,1881,local,28.070,4.762,83
AD_2026.09.23-BW6.2.oir,1,3,116.7,215.2,989,0.884,69.587,66.116,28.460,4.592,2077,local,28.070,4.762,108
AD_2026.09.23-BW6.2.oir,1,4,1667.9,232.9,782,0.889,46.280,42.040,28.184,4.734,1944,local,28.070,4.762,85
AD_2026.09.23-BW6.2.oir,1,5,937.2,244.0,746,0.906,47.977,45.439,28.116,4.922,1915,local,28.070,4.762,76
AD_2026.09.23-BW6.2.oir,1,6,1553.5,296.2,978,0.914,54.807,50.147,28.269,4.729,2057,local,28.070,4.762,88
AD_2026.09.23-BW6.2.oir,1,7,1216.9,487.7,889,0.793,28.092,27.986,28.019,4.573,917,local,28.070,4.762,44
AD_2026.09.23-BW6.2.oir,1,8,1860.5,538.8,1063,0.882,59.515,53.412,28.030,4.727,2117,local,28.070,4.762,97
AD_2026.09.23-BW6.2.oir,1,9,1170.0,545.1,932,0.782,28.260,28.387,28.032,4.636,847,local,28.070,4.762,44
AD_2026.09.23-BW6.2.oir,1,10,576.3,560.1,762,0.896,62.958,61.475,28.181,4.702,1930,local,28.070,4.762,104
AD_2026.09.23-BW6.2.oir,1,11,1075.7,694.7,1088,0.878,27.877,27.904,28.101,4.799,2045,local,28.070,4.762,43
AD_2026.09.23-BW6.2.oir,1,12,511.7,739.3,1181,0.875,71.249,66.833,27.968,4.790,2187,local,28.070,4.762,105
AD_2026.09.23-BW6.2.oir,1,13,1014.7,767.8,1228,0.887,61.552,56.938,27.990,4.627,2207,local,28.070,4.762,104
AD_2026.09.23-BW6.2.oir,1,14,1240.4,825.2,1473,0.850,28.242,27.995,28.126,4.575,1556,local,28.070,4.762,48
AD_2026.09.23-BW6.2.oir,1,15,1282.3,875.5,1173,0.782,33.668,31.151,28.240,4.629,920,local,28.070,4.762,61
AD_2026.09.23-BW6.2.oir,1,16,1323.6,906.1,1520,0.811,28.534,28.498,28.174,4.787,1416,local,28.070,4.762,45
AD_2026.09.23-BW6.2.oir,1,17,888.8,915.4,1089,0.880,63.574,53.564,28.033,4.716,2138,local,28.070,4.762,106
AD_2026.09.23-BW6.2.oir,1,18,1777.6,923.0,640,0.909,37.478,36.230,28.153,4.818,1834,local,28.070,4.762,69
AD_2026.09.23-BW6.2.oir,1,19,1964.6,1166.3,1492,0.795,28.172,28.170,27.955,4.684,2344,local,28.070,4.762,48
AD_2026.09.23-BW6.2.oir,1,20,1913.0,1205.3,1092,0.704,27.973,27.945,28.154,4.782,1563,local,28.070,4.762,44
AD_2026.09.23-BW6.2.oir,1,21,1153.1,1242.2,584,0.682,28.122,28.183,27.886,4.641,1339,local,28.070,4.762,43
AD_2026.09.23-BW6.2.oir,1,22,1942.2,1279.6,1828,0.724,28.236,28.202,28.030,4.726,2118,local,28.070,4.762,46
AD_2026.09.23-BW6.2.oir,1,23,1940.6,1380.2,1132,0.780,28.132,28.007,28.122,4.890,1483,local,28.070,4.762,48
AD_2026.09.23-BW6.2.oir,1,24,1154.7,1422.6,618,0.765,28.050,28.037,27.909,4.569,1247,local,28.070,4.762,41
AD_2026.09.23-BW6.2.oir,1,25,1941.9,1510.5,1788,0.756,28.080,28.011,28.125,4.709,1769,local,28.070,4.762,50
AD_2026.09.23-BW6.2.oir,1,26,1305.3,1686.8,1130,0.888,56.237,43.244,28.047,4.639,2154,local,28.070,4.762,120
AD_2026.09.23-BW6.2.oir,1,27,1464.4,1776.6,1295,0.889,66.892,57.777,28.032,4.631,2241,local,28.070,4.762,118
AD_2026.09.23-BW6.2.oir,1,28,171.0,1926.1,1150,0.892,64.431,59.182,28.229,4.641,2162,local,28.070,4.762,103
AD_2026.09.23-BW6.2.oir,1,29,2007.2,2021.9,898,0.832,31.991,29.998,28.085,4.680,1580,local,28.070,4.762,56
AD_2026.09.23-BW6.3.oir,1,1,632.0,300.6,764,0.878,67.446,65.446,28.258,4.907,1940,local,28.203,4.881,102
AD_2026.09.23-BW6.3.oir,1,2,1984.4,386.3,1221,0.846,86.799,76.479,28.331,4.685,1715,local,28.203,4.881,138
AD_2026.09.23-BW6.3.oir,1,3,1746.4,417.2,1901,0.885,28.073,27.917,28.192,4.638,2510,local,28.203,4.881,46
AD_2026.09.23-BW6.3.oir,1,4,1970.9,428.5,1118,0.804,29.036,28.745,28.438,4.839,1648,local,28.203,4.881,49
AD_2026.09.23-BW6.3.oir,1,5,1799.2,493.4,1180,0.861,28.959,28.729,28.259,4.732,1898,local,28.203,4.881,46
AD_2026.09.23-BW6.3.oir,1,6,1862.8,503.2,1674,0.834,28.292,28.391,28.107,4.765,2107,local,28.203,4.881,45
AD_2026.09.23-BW6.3.oir,1,7,1736.3,518.8,792,0.872,69.670,64.865,28.230,4.724,1963,local,28.203,4.881,104
AD_2026.09.23-BW6.3.oir,1,8,1333.6,562.0,2097,0.818,27.923,27.815,28.186,4.758,1850,local,28.203,4.881,46
AD_2026.09.23-BW6.3.oir,1,9,252.0,1013.6,622,0.874,67.545,64.995,28.245,4.714,1843,local,28.203,4.881,96
AD_2026.09.23-BW6.3.oir,1,10,1450.2,1071.1,1315,0.898,71.262,63.207,28.025,4.701,2246,local,28.203,4.881,112
AD_2026.09.23-BW6.3.oir,1,11,1123.1,1134.9,851,0.894,68.667,66.409,28.135,4.688,1988,local,28.203,4.881,110
AD_2026.09.23-BW6.3.oir,1,12,819.6,1268.3,1150,0.872,29.066,28.573,28.112,4.723,1588,local,28.203,4.881,47
AD_2026.09.23-BW6.3.oir,1,13,863.8,1291.9,1699,0.886,28.157,28.114,28.210,4.686,1948,local,28.203,4.881,44
AD_2026.09.23-BW6.3.oir,1,14,796.5,1339.4,1150,0.884,28.537,28.215,28.224,4.698,2167,local,28.203,4.881,45
AD_2026.09.23-BW6.3.oir,1,15,1070.8,1493.4,1274,0.830,28.154,28.273,28.287,4.785,1628,local,28.203,4.881,43
AD_2026.09.23-BW6.3.oir,1,16,1118.8,1503.3,1274,0.850,28.370,28.467,28.290,4.639,1180,local,28.203,4.881,46
AD_2026.09.23-BW6.3.oir,1,17,588.6,1505.9,960,0.878,48.140,39.345,28.349,4.759,1571,local,28.203,4.881,90
AD_2026.09.23-BW6.3.oir,1,18,562.7,1535.3,775,0.859,64.661,61.334,28.397,4.587,1161,local,28.203,4.881,121
AD_2026.09.23-BW6.3.oir,1,19,1115.3,1552.1,1618,0.846,30.189,29.016,28.153,4.969,1763,local,28.203,4.881,49
AD_2026.09.23-BW6.3.oir,1,20,1995.9,1575.0,982,0.777,28.239,28.451,28.161,4.660,1483,local,28.203,4.881,46
AD_2026.09.23-BW6.3.oir,1,21,899.1,1665.1,794,0.902,38.360,37.417,27.957,4.779,1947,local,28.203,4.881,62
AD_2026.09.23-BW6.3.oir,1,22,989.1,1709.1,960,0.893,60.876,56.878,28.521,4.656,2054,local,28.203,4.881,100
AD_2026.09.23-BW6.3.oir,1,23,2009.3,1705.3,650,0.749,35.571,33.858,28.211,4.670,1121,local,28.203,4.881,64
AD_2026.09.23-BW6.3.oir,1,24,1000.8,1831.1,1126,0.770,28.240,28.027,28.265,4.741,2089,local,28.203,4.881,45
AD_2026.09.23-BW6.3.oir,1,25,1023.2,1912.7,812,0.871,65.520,61.785,28.278,4.674,1972,local,28.203,4.881,107
AD_2026.09.23-BW6.3.oir,1,26,109.0,1952.8,1792,0.895,48.888,37.232,28.482,4.752,2467,local,28.203,4.881,86
AD_2026.09.23-BW6.3.oir,1,27,333.7,1971.5,836,0.901,50.517,42.627,28.304,4.710,1974,local,28.203,4.881,89
AD_2026.09.23-BW6.3.oir,1,28,802.8,1983.3,938,0.885,67.339,60.610,28.253,4.709,2043,local,28.203,4.881,106
AD_2026.09.23-BW7.1.oir,1,1,1321.9,266.9,1090,0.896,63.706,56.934,28.245,4.690,2126,local,28.247,4.757,102
AD_2026.09.23-BW7.1.oir,1,2,1282.1,372.6,1228,0.887,59.559,54.982,28.185,4.593,2198,local,28.247,4.757,107
AD_2026.09.23-BW7.1.oir,1,3,495.3,529.3,1429,0.879,28.349,28.655,28.214,4.760,2294,local,28.247,4.757,47
AD_2026.09.23-BW7.1.oir,1,4,1235.6,677.0,1633,0.813,28.514,28.386,28.238,4.617,1683,local,28.247,4.757,46
AD_2026.09.23-BW7.1.oir,1,5,524.1,680.7,859,0.892,30.942,29.788,28.106,4.763,1993,local,28.247,4.757,51
AD_2026.09.23-BW7.1.oir,1,6,1579.4,815.8,1084,0.891,70.547,60.004,28.374,4.682,2125,local,28.247,4.757,120
AD_2026.09.23-BW7.1.oir,1,7,761.2,857.3,1123,0.886,65.142,58.543,28.480,4.807,2151,local,28.247,4.757,107
AD_2026.09.23-BW7.1.oir,1,8,516.6,1230.7,1044,0.878,65.219,57.998,28.254,4.666,2111,local,28.247,4.757,101
AD_2026.09.23-BW7.1.oir,1,9,1413.5,1382.6,577,0.718,28.076,28.158,28.011,4.618,1365,local,28.247,4.757,45
AD_2026.09.23-BW7.1.oir,1,10,1719.1,1535.0,1867,0.846,28.430,28.266,28.243,4.798,777,local,28.247,4.757,45
AD_2026.09.23-BW7.1.oir,1,11,1669.7,1539.0,1272,0.789,28.253,28.114,28.284,4.668,793,local,28.247,4.757,44
AD_2026.09.23-BW7.1.oir,1,12,594.2,1676.7,1199,0.885,31.181,29.775,28.452,4.677,2190,local,28.247,4.757,52
AD_2026.09.23-BW7.1.oir,1,13,192.0,1699.0,682,0.832,58.276,55.159,30.403,8.253,1630,local,28.247,4.757,97
AD_2026.09.23-BW7.1.oir,1,14,263.2,1713.6,681,0.896,55.432,49.758,28.417,4.724,1874,local,28.247,4.757,96
AD_2026.09.23-BW7.1.oir,1,15,441.0,1722.7,1214,0.877,66.650,57.709,28.312,4.765,2205,local,28.247,4.757,112
AD_2026.09.23-BW7.1.oir,1,16,966.0,1765.8,933,0.872,66.991,61.643,28.238,4.845,2046,local,28.247,4.757,113
AD_2026.09.23-BW7.1.oir,1,17,507.0,1912.1,776,0.840,59.510,56.660,28.211,4.741,1955,local,28.247,4.757,97
AD_2026.09.23-BW7.1.oir,1,18,426.5,1948.9,1016,0.771,54.057,49.952,28.280,4.948,2150,local,28.247,4.757,89
AD_2026.09.23-BW7.2.oir,1,1,1951.9,117.0,502,0.728,28.602,28.586,28.611,4.766,1104,local,28.410,4.795,41
AD_2026.09.23-BW7.2.oir,1,2,1829.0,144.7,1963,0.747,33.719,30.190,28.515,4.795,1615,local,28.410,4.795,72
AD_2026.09.23-BW7.2.oir,1,3,1106.1,317.9,968,0.788,28.640,28.798,28.300,4.690,1119,local,28.410,4.795,46
AD_2026.09.23-BW7.2.oir,1,4,1198.4,359.4,972,0.830,88.434,79.947,28.714,4.691,1914,local,28.410,4.795,143
AD_2026.09.23-BW7.2.oir,1,5,118.4,363.2,1689,0.830,28.612,28.443,28.503,4.680,1513,local,28.410,4.795,49
AD_2026.09.23-BW7.2.oir,1,6,1720.3,365.4,878,0.832,28.729,28.874,28.453,4.730,1626,local,28.410,4.795,48
AD_2026.09.23-BW7.2.oir,1,7,246.9,494.6,1750,0.701,28.463,28.646,28.371,4.685,1719,local,28.410,4.795,47
AD_2026.09.23-BW7.2.oir,1,8,246.8,615.4,642,0.819,44.196,39.761,28.653,4.897,1858,local,28.410,4.795,77
AD_2026.09.23-BW7.2.oir,1,9,67.5,633.3,533,0.696,28.559,28.504,28.838,4.741,1011,local,28.410,4.795,47
AD_2026.09.23-BW7.2.oir,1,10,106.4,653.2,1614,0.841,28.428,28.357,28.500,4.655,1888,local,28.410,4.795,52
AD_2026.09.23-BW7.2.oir,1,11,1266.6,675.4,1751,0.783,28.425,28.333,28.459,4.903,1382,local,28.410,4.795,46
AD_2026.09.23-BW7.2.oir,1,12,1207.4,674.9,1218,0.865,28.383,28.286,28.537,4.693,1861,local,28.410,4.795,45
AD_2026.09.23-BW7.2.oir,1,13,1470.5,843.5,1364,0.885,82.455,73.477,28.464,4.679,2276,local,28.410,4.795,132
AD_2026.09.23-BW7.2.oir,1,14,805.3,955.3,868,0.898,32.331,30.850,28.493,4.630,1823,local,28.410,4.795,51
AD_2026.09.23-BW7.2.oir,1,15,1336.8,958.1,702,0.866,79.494,75.161,28.429,4.725,1903,local,28.410,4.795,123
AD_2026.09.23-BW7.2.oir,1,16,1192.8,983.5,967,0.871,72.862,67.254,28.417,4.743,2068,local,28.410,4.795,116
AD_2026.09.23-BW7.2.oir,1,17,793.0,1008.3,696,0.775,69.714,65.659,28.442,4.640,1766,local,28.410,4.795,119
AD_2026.09.23-BW7.2.oir,1,18,835.3,1189.3,632,0.841,78.736,74.282,28.311,4.889,1864,local,28.410,4.795,127
AD_2026.09.23-BW7.2.oir,1,19,425.7,1227.8,982,0.892,56.847,47.808,28.297,4.594,2066,local,28.410,4.795,103
AD_2026.09.23-BW7.2.oir,1,20,579.1,1243.7,979,0.907,35.869,32.082,28.435,4.701,2058,local,28.410,4.795,69
AD_2026.09.23-BW7.2.oir,1,21,1323.0,1265.7,1076,0.878,77.311,68.190,28.530,4.768,2123,local,28.410,4.795,126
AD_2026.09.23-BW7.2.oir,1,22,1010.6,1277.6,1123,0.894,45.936,36.379,28.542,4.794,2144,local,28.410,4.795,101
AD_2026.09.23-BW7.2.oir,1,23,1672.5,1309.0,865,0.867,87.946,81.867,28.528,4.609,2013,local,28.410,4.795,142
AD_2026.09.23-BW7.2.oir,1,24,241.5,1310.3,704,0.900,47.899,45.488,28.365,4.615,1765,local,28.410,4.795,89
AD_2026.09.23-BW7.2.oir,1,25,1457.7,1531.2,2187,0.888,28.264,28.303,28.259,4.939,2320,local,28.410,4.795,45
AD_2026.09.23-BW7.2.oir,1,26,824.9,1548.4,741,0.666,28.242,28.514,28.411,4.655,1481,local,28.410,4.795,46
AD_2026.09.23-BW7.2.oir,1,27,1424.5,1605.2,1080,0.775,28.324,28.241,28.198,4.777,1489,local,28.410,4.795,43
AD_2026.09.23-BW7.2.oir,1,28,1001.8,1642.5,1123,0.722,28.145,27.957,28.463,4.576,1231,local,28.410,4.795,43
AD_2026.09.23-BW7.2.oir,1,29,1795.5,1642.3,1385,0.870,28.485,28.328,28.389,4.618,2018,local,28.410,4.795,45
AD_2026.09.23-BW7.2.oir,1,30,1422.3,1713.3,1185,0.881,28.412,28.414,28.429,4.776,1680,local,28.410,4.795,45
AD_2026.09.23-BW7.2.oir,1,31,1760.7,1736.9,782,0.875,29.083,28.892,28.628,4.785,1498,local,28.410,4.795,45
AD_2026.09.23-BW7.2.oir,1,32,1850.8,1799.1,2220,0.881,28.527,28.325,28.432,4.795,2648,local,28.410,4.795,47
AD_2026.09.23-BW7.2.oir,1,33,1099.0,1866.3,2191,0.813,28.454,28.476,28.445,4.685,1895,local,28.410,4.795,45
AD_2026.09.23-BW7.3.oir,1,1,161.9,85.9,1744,0.789,28.173,28.031,28.314,4.732,1874,local,28.415,4.777,44
AD_2026.09.23-BW7.3.oir,1,2,1918.5,202.8,934,0.784,29.286,29.263,28.894,4.750,1067,local,28.415,4.777,46
AD_2026.09.23-BW7.3.oir,1,3,1024.8,219.0,943,0.899,64.599,55.365,28.430,4.718,2042,local,28.415,4.777,117
AD_2026.09.23-BW7.3.oir,1,4,1959.7,266.4,1776,0.744,28.511,28.246,28.413,4.655,1436,local,28.415,4.777,45
AD_2026.09.23-BW7.3.oir,1,5,1632.2,268.6,1166,0.876,28.448,28.483,28.362,4.553,1843,local,28.415,4.777,45
AD_2026.09.23-BW7.3.oir,1,6,843.4,338.4,1099,0.891,65.856,57.644,28.391,4.695,2134,local,28.415,4.777,111
AD_2026.09.23-BW7.3.oir,1,7,193.2,381.1,1152,0.905,64.251,58.298,28.495,4.852,1869,local,28.415,4.777,111
AD_2026.09.23-BW7.3.oir,1,8,1836.8,399.1,1624,0.779,28.597,28.612,28.219,4.675,1153,local,28.415,4.777,49
AD_2026.09.23-BW7.3.oir,1,9,902.0,577.0,942,0.896,29.666,29.577,28.488,4.859,1572,local,28.415,4.777,46
AD_2026.09.23-BW7.3.oir,1,10,1058.4,587.3,1013,0.898,52.719,50.620,28.607,4.583,2085,local,28.415,4.777,85
AD_2026.09.23-BW7.3.oir,1,11,906.7,619.0,1086,0.900,30.160,29.806,28.577,4.768,1669,local,28.415,4.777,49
AD_2026.09.23-BW7.3.oir,1,12,624.8,961.1,1230,0.814,28.537,28.592,28.337,4.821,2250,local,28.415,4.777,48
AD_2026.09.23-BW7.3.oir,1,13,691.8,986.6,1396,0.806,28.496,28.611,28.641,4.754,1598,local,28.415,4.777,49
AD_2026.09.23-BW7.3.oir,1,14,321.3,1021.2,893,0.895,33.570,32.777,28.383,4.715,2015,local,28.415,4.777,57
AD_2026.09.23-BW7.3.oir,1,15,1384.4,1032.9,733,0.894,61.225,50.698,28.461,4.837,1911,local,28.415,4.777,109
AD_2026.09.23-BW7.3.oir,1,16,671.5,1107.2,2182,0.757,28.495,28.519,28.415,4.600,1614,local,28.415,4.777,45
AD_2026.09.23-BW7.3.oir,1,17,1683.8,1187.9,1934,0.775,28.430,28.279,28.440,4.721,2309,local,28.415,4.777,49
AD_2026.09.23-BW7.3.oir,1,18,1547.5,1196.8,1079,0.895,75.610,69.234,28.324,4.783,2120,local,28.415,4.777,119
AD_2026.09.23-BW7.3.oir,1,19,1480.8,1347.9,2103,0.802,28.652,28.555,28.487,4.682,1413,local,28.415,4.777,49
AD_2026.09.23-BW7.3.oir,1,20,1405.5,1348.9,1602,0.805,28.378,28.354,28.531,4.685,1951,local,28.415,4.777,46
AD_2026.09.23-BW7.3.oir,1,21,1528.7,1361.3,1097,0.804,28.627,28.543,28.512,4.860,1503,local,28.415,4.777,49
AD_2026.09.23-BW7.3.oir,1,22,1269.4,1364.8,1504,0.879,76.678,68.487,28.443,4.732,2349,local,28.415,4.777,132
AD_2026.09.23-BW7.3.oir,1,23,1748.0,1390.6,1024,0.771,28.655,28.511,28.319,4.655,758,local,28.415,4.777,44
AD_2026.09.23-BW7.3.oir,1,24,1413.1,1520.6,1548,0.740,28.477,28.543,28.354,4.708,2175,local,28.415,4.777,45
AD_2026.09.23-BW7.3.oir,1,25,1780.6,1578.3,1326,0.771,28.451,28.235,28.413,4.876,1405,local,28.415,4.777,48
AD_2026.09.23-BW7.3.oir,1,26,928.4,1778.6,1509,0.875,28.740,28.960,28.442,4.759,2351,local,28.415,4.777,47
AD_2026.09.23-BW7.3.oir,1,27,971.9,1831.4,1256,0.826,28.568,28.619,28.508,4.731,1175,local,28.415,4.777,49
AD_2026.09.23-BW7.3_0001.oir,1,1,1343.8,161.8,557,0.890,38.786,38.377,28.508,4.838,1778,local,28.475,4.896,60
AD_2026.09.23-BW7.3_0001.oir,1,2,397.6,311.7,1241,0.778,28.519,28.455,28.400,4.754,1499,local,28.475,4.896,44
AD_2026.09.23-BW7.3_0001.oir,1,3,1564.6,351.5,1210,0.784,28.498,28.441,28.601,4.700,1154,local,28.475,4.896,44
AD_2026.09.23-BW7.3_0001.oir,1,4,1622.1,457.7,1607,0.843,28.834,28.827,28.542,4.696,1446,local,28.475,4.896,48
AD_2026.09.23-BW7.3_0001.oir,1,5,82.5,471.5,1037,0.898,71.938,66.702,28.685,4.811,2094,local,28.475,4.896,112
AD_2026.09.23-BW7.3_0001.oir,1,6,127.0,642.4,1087,0.873,80.311,75.557,28.350,4.762,2133,local,28.475,4.896,117
AD_2026.09.23-BW7.3_0001.oir,1,7,1569.5,837.7,1172,0.892,29.036,28.908,28.442,4.692,2172,local,28.475,4.896,48
AD_2026.09.23-BW7.3_0001.oir,1,8,94.7,849.1,690,0.908,81.538,75.423,28.584,4.720,1875,local,28.475,4.896,129
AD_2026.09.23-BW7.3_0001.oir,1,9,389.4,1087.3,972,0.879,71.119,70.308,28.556,4.886,2068,local,28.475,4.896,112
AD_2026.09.23-BW7.3_0001.oir,1,10,98.8,1100.1,1083,0.911,70.585,65.210,28.544,4.749,2109,local,28.475,4.896,118
AD_2026.09.23-BW7.3_0001.oir,1,11,1128.4,1141.3,839,0.695,31.316,30.554,28.390,4.651,1542,local,28.475,4.896,50
AD_2026.09.23-BW7.3_0001.oir,1,12,1151.3,1164.9,524,0.631,28.964,29.042,28.178,4.773,712,local,28.475,4.896,46
AD_2026.09.23-BW7.3_0001.oir,1,13,1580.4,1230.8,1089,0.895,94.151,82.907,28.396,4.817,2128,local,28.475,4.896,156
AD_2026.09.23-BW7.3_0001.oir,1,14,634.3,1236.0,1386,0.895,83.277,69.130,28.552,4.860,2280,local,28.475,4.896,137
AD_2026.09.23-BW7.3_0001.oir,1,15,1814.2,1318.9,1093,0.887,99.032,88.707,28.708,4.712,2133,local,28.475,4.896,148
AD_2026.09.23-BW7.3_0001.oir,1,16,636.4,1410.1,959,0.885,93.016,84.888,28.439,4.657,2057,local,28.475,4.896,143
AD_2026.09.23-BW7.3_0001.oir,1,17,1174.7,1420.9,916,0.895,61.795,53.568,28.293,4.781,2019,local,28.475,4.896,110
AD_2026.09.23-BW7.3_0001.oir,1,18,194.2,1474.9,710,0.872,87.272,80.849,28.466,4.847,1902,local,28.475,4.896,138
AD_2026.09.23-BW7.3_0001.oir,1,19,665.1,1546.8,1536,0.880,29.589,29.117,28.425,4.779,1885,local,28.475,4.896,50
AD_2026.09.23-BW7.3_0001.oir,1,20,1531.0,1577.4,1033,0.898,75.642,68.516,28.666,4.925,2093,local,28.475,4.896,122
AD_2026.09.23-BW7.3_0001.oir,1,21,647.7,1591.1,1017,0.855,33.729,31.427,28.599,4.708,1607,local,28.475,4.896,61
AD_2026.09.23-BW7.3_0001.oir,1,22,265.0,1702.3,797,0.916,65.407,58.390,28.595,4.783,1943,local,28.475,4.896,107
AD_2026.09.23-BW7.3_0001.oir,1,23,598.2,1740.4,1143,0.846,37.772,32.213,28.639,4.648,2134,local,28.475,4.896,74
AD_2026.09.23-BW7.3_0001.oir,1,24,1460.3,1910.8,949,0.905,41.803,34.598,28.481,4.683,2036,local,28.475,4.896,84
AD_2026.09.23-BW7.3_0001.oir,1,25,1829.1,1968.1,1286,0.834,28.547,28.403,28.399,4.579,1770,local,28.475,4.896,46
AD_2026.09.23-BW8.1.oir,1,1,1425.7,73.1,1244,0.791,46.477,39.993,28.669,4.643,2124,local,28.547,4.729,82
AD_2026.09.23-BW8.1.oir,1,2,574.0,867.5,1385,0.886,62.754,51.828,28.385,4.620,2285,local,28.547,4.729,108
AD_2026.09.23-BW8.1.oir,1,3,1422.3,904.3,1838,0.724,28.441,28.288,28.589,4.753,1465,local,28.547,4.729,46
AD_2026.09.23-BW8.1.oir,1,4,108.9,932.4,1231,0.889,49.227,38.693,28.532,4.740,2198,local,28.547,4.729,90
AD_2026.09.23-BW8.1.oir,1,5,551.5,940.0,1577,0.874,62.623,50.615,28.514,4.666,2387,local,28.547,4.729,112
AD_2026.09.23-BW8.1.oir,1,6,1095.7,1189.0,1113,0.874,58.415,54.043,28.584,4.815,2147,local,28.547,4.729,96
AD_2026.09.23-BW8.1.oir,1,7,99.3,1681.8,1120,0.883,57.270,50.356,28.837,4.907,2145,local,28.547,4.729,96
AD_2026.09.23-BW8.1.oir,1,8,1413.6,1681.0,539,0.919,36.837,35.009,28.715,4.677,1750,local,28.547,4.729,60
AD_2026.09.23-BW8.1.oir,1,9,1479.2,1717.9,1010,0.892,56.251,49.035,28.698,4.803,2078,local,28.547,4.729,93
AD_2026.09.23-BW8.1.oir,1,10,1628.8,1745.8,948,0.877,56.407,52.901,28.521,4.667,2058,local,28.547,4.729,87
AD_2026.09.23-BW8.1.oir,1,11,961.1,1830.1,1116,0.793,60.746,49.467,28.668,4.646,2118,local,28.547,4.729,107
AD_2026.09.23-BW8.1.oir,1,12,1214.1,1841.9,1417,0.799,30.924,29.630,28.631,4.747,2351,local,28.547,4.729,51
AD_2026.09.23-BW8.1.oir,1,13,1118.3,1905.2,694,0.780,45.978,43.977,28.517,4.656,1923,local,28.547,4.729,79
AD_2026.09.23-BW8.2.oir,1,1,1937.6,157.3,975,0.898,47.575,43.531,28.444,4.637,2061,local,28.504,4.890,86
AD_2026.09.23-BW8.2.oir,1,2,1514.5,295.2,1101,0.897,72.459,59.487,28.608,4.742,2121,local,28.504,4.890,132
AD_2026.09.23-BW8.2.oir,1,3,913.2,317.8,2354,0.743,28.561,28.481,28.411,4.775,2509,local,28.504,4.890,47
AD_2026.09.23-BW8.2.oir,1,4,2008.0,324.1,988,0.744,28.656,28.647,28.567,4.572,1689,local,28.504,4.890,45
AD_2026.09.23-BW8.2.oir,1,5,578.3,527.1,989,0.902,58.631,55.575,28.584,4.856,2066,local,28.504,4.890,96
AD_2026.09.23-BW8.2.oir,1,6,193.1,699.8,914,0.893,69.996,63.406,28.427,4.756,2027,local,28.504,4.890,119
AD_2026.09.23-BW8.2.oir,1,7,217.4,899.1,1388,0.878,28.797,28.718,28.485,4.598,2295,local,28.504,4.890,45
AD_2026.09.23-BW8.2.oir,1,8,1796.2,939.9,1040,0.913,69.046,58.498,28.581,4.717,2091,local,28.504,4.890,124
AD_2026.09.23-BW8.2.oir,1,9,1053.2,1095.9,1108,0.821,28.820,28.690,28.609,4.688,1354,local,28.504,4.890,46
AD_2026.09.23-BW8.2.oir,1,10,944.5,1166.2,1531,0.834,28.595,28.622,28.666,4.799,1791,local,28.504,4.890,48
AD_2026.09.23-BW8.2.oir,1,11,1020.5,1238.6,1707,0.880,29.567,29.257,28.366,4.897,1708,local,28.504,4.890,47
AD_2026.09.23-BW8.2.oir,1,12,1065.9,1234.7,963,0.868,29.436,29.144,28.852,4.864,1199,local,28.504,4.890,45
AD_2026.09.23-BW8.2.oir,1,13,1392.0,1496.8,1352,0.883,28.523,28.512,28.248,4.710,1879,local,28.504,4.890,48
AD_2026.09.23-BW8.2.oir,1,14,1373.4,1546.1,1356,0.868,28.515,28.697,27.992,4.898,1281,local,28.504,4.890,46
AD_2026.09.23-BW8.2.oir,1,15,1167.4,1601.5,1342,0.778,28.413,28.333,28.476,4.619,2298,local,28.504,4.890,46
AD_2026.09.23-BW8.2.oir,1,16,1478.9,1608.7,1342,0.902,28.789,28.616,28.558,4.666,2019,local,28.504,4.890,44
AD_2026.09.23-BW8.2.oir,1,17,472.5,1655.9,1050,0.880,76.081,70.438,28.427,4.808,2120,local,28.504,4.890,121
AD_2026.09.23-BW8.2.oir,1,18,1256.8,1677.8,879,0.821,28.474,28.399,28.417,4.592,1651,local,28.504,4.890,43
AD_2026.09.23-BW8.2.oir,1,19,1299.8,1701.1,920,0.743,28.480,28.395,28.243,4.859,1243,local,28.504,4.890,47
AD_2026.09.23-BW8.2.oir,1,20,602.9,2010.0,1182,0.733,28.959,28.890,28.778,4.906,1213,local,28.504,4.890,48
AD_2026.09.23-BW8.3.oir,1,1,928.6,113.6,1311,0.800,28.473,28.432,28.475,4.771,2296,local,28.582,4.744,47
AD_2026.09.23-BW8.3.oir,1,2,1435.8,291.7,1140,0.876,50.907,44.548,28.621,4.739,2164,local,28.582,4.744,91
AD_2026.09.23-BW8.3.oir,1,3,1545.3,340.2,1930,0.905,47.405,42.951,28.556,4.805,2518,local,28.582,4.744,80
AD_2026.09.23-BW8.3.oir,1,4,628.1,422.4,971,0.884,49.736,44.298,28.757,4.831,1973,local,28.582,4.744,83
AD_2026.09.23-BW8.3.oir,1,5,1508.0,592.9,1393,0.892,47.636,42.048,28.771,4.915,2281,local,28.582,4.744,83
AD_2026.09.23-BW8.3.oir,1,6,1000.3,753.1,1044,0.899,50.859,46.709,28.613,4.864,2099,local,28.582,4.744,84
AD_2026.09.23-BW8.3.oir,1,7,1434.9,834.7,836,0.844,41.543,38.807,28.313,4.833,1486,local,28.582,4.744,81
AD_2026.09.23-BW8.3.oir,1,8,209.0,879.3,1068,0.794,28.425,28.552,28.502,4.785,997,local,28.582,4.744,45
AD_2026.09.23-BW8.3.oir,1,9,233.0,950.5,1123,0.767,28.720,28.712,28.698,4.736,1535,local,28.582,4.744,44
AD_2026.09.23-BW8.3.oir,1,10,205.1,997.3,1381,0.856,28.633,28.712,28.759,4.697,1750,local,28.582,4.744,45
AD_2026.09.23-BW8.3.oir,1,11,935.2,1127.2,1151,0.732,28.405,28.493,28.750,4.656,1567,local,28.582,4.744,47
AD_2026.09.23-BW8.3.oir,1,12,879.5,1127.0,1103,0.895,28.789,28.859,28.597,4.767,1882,local,28.582,4.744,46
AD_2026.09.23-BW8.3.oir,1,13,710.2,1131.0,1173,0.871,55.428,48.808,28.660,4.786,2185,local,28.582,4.744,89
AD_2026.09.23-BW8.3.oir,1,14,1153.2,1146.9,1114,0.895,52.896,45.580,28.577,4.823,2119,local,28.582,4.744,90
AD_2026.09.23-BW8.3.oir,1,15,985.1,1182.5,1014,0.890,54.205,46.146,28.583,4.548,1963,local,28.582,4.744,93
AD_2026.09.23-BW8.3.oir,1,16,704.0,1351.9,1225,0.893,55.127,48.697,28.590,4.743,2196,local,28.582,4.744,91
AD_2026.09.23-BW8.3.oir,1,17,1962.0,1494.2,1465,0.798,28.734,28.694,28.690,4.687,1405,local,28.582,4.744,45
AD_2026.09.23-BW8.3.oir,1,18,192.9,1667.4,1215,0.886,56.712,50.367,28.634,4.825,2195,local,28.582,4.744,99
AD_2026.09.23-BW8.3.oir,1,19,1610.5,1752.4,1060,0.900,33.159,31.222,28.685,4.544,2107,local,28.582,4.744,67
AD_2026.09.23-BW8.3.oir,1,20,644.5,1789.0,2288,0.778,29.118,28.776,28.602,4.699,2069,local,28.582,4.744,46
AD_2026.09.23-BW8.3.oir,1,21,598.8,1777.7,1000,0.780,29.859,29.617,28.442,4.660,1266,local,28.582,4.744,51
AD_2026.09.23-BW8.3.oir,1,22,1380.5,1812.2,1269,0.886,29.191,29.136,28.646,4.844,2195,local,28.582,4.744,47
AD_2026.09.23-BW8.3.oir,1,23,1346.2,1860.9,615,0.799,33.021,32.379,28.881,4.742,1072,local,28.582,4.744,57
AD_2026.09.23-BW8.3.oir,1,24,1339.4,2013.4,826,0.789,28.644,28.858,28.869,4.597,1424,local,28.582,4.744,51
AD_2026.09.23-BW9.1.oir,1,1,895.0,255.3,1468,0.906,48.511,40.363,28.595,4.680,2203,local,28.643,4.728,89
AD_2026.09.23-BW9.1.oir,1,2,1400.1,304.4,911,0.900,45.845,40.797,28.691,4.688,2021,local,28.643,4.728,78
AD_2026.09.23-BW9.1.oir,1,3,300.4,608.9,1151,0.896,49.523,40.896,28.637,4.677,2136,local,28.643,4.728,88
AD_2026.09.23-BW9.1.oir,1,4,147.6,633.7,1466,0.891,55.421,51.676,28.491,4.719,2317,local,28.643,4.728,89
AD_2026.09.23-BW9.1.oir,1,5,1050.0,735.2,1251,0.893,56.128,44.038,28.501,4.758,2214,local,28.643,4.728,109
AD_2026.09.23-BW9.1.oir,1,6,1774.3,1119.7,1321,0.888,57.957,46.985,28.737,4.885,2253,local,28.643,4.728,106
AD_2026.09.23-BW9.1.oir,1,7,937.2,1202.7,947,0.849,51.532,42.692,28.832,4.727,1568,local,28.643,4.728,101
AD_2026.09.23-BW9.1.oir,1,8,966.3,1237.8,1617,0.900,55.238,41.469,28.637,4.639,1869,local,28.643,4.728,110
AD_2026.09.23-BW9.1.oir,1,9,518.2,1508.6,2422,0.734,28.760,28.866,28.724,4.797,2003,local,28.643,4.728,45
AD_2026.09.23-BW9.1.oir,1,10,1259.4,1797.1,1038,0.899,59.388,50.979,28.557,4.847,2095,local,28.643,4.728,105
AD_2026.09.23-BW9.1.oir,1,11,1574.6,1930.5,893,0.882,52.105,45.974,28.495,4.800,2017,local,28.643,4.728,91
AD_2026.09.23-BW9.1.oir,1,12,185.6,1989.9,530,0.755,63.130,60.881,28.695,4.769,1224,local,28.643,4.728,110
AD_2026.09.23-BW9.2.oir,1,1,843.4,77.1,509,0.737,28.611,28.720,28.650,4.696,1564,local,28.698,4.744,43
AD_2026.09.23-BW9.2.oir,1,2,749.5,308.1,1789,0.890,28.989,28.713,28.800,4.777,2474,local,28.698,4.744,44
AD_2026.09.23-BW9.2.oir,1,3,1356.7,335.4,1269,0.897,72.034,63.193,28.766,4.868,2221,local,28.698,4.744,128
AD_2026.09.23-BW9.2.oir,1,4,564.4,407.1,947,0.894,63.814,51.571,28.875,4.725,2039,local,28.698,4.744,124
AD_2026.09.23-BW9.2.oir,1,5,1489.2,630.1,919,0.885,82.726,76.364,28.569,4.694,2033,local,28.698,4.744,130
AD_2026.09.23-BW9.2.oir,1,6,806.3,909.5,1021,0.884,70.199,62.554,28.902,4.621,2092,local,28.698,4.744,113
AD_2026.09.23-BW9.2.oir,1,7,455.9,1182.8,607,0.900,62.794,59.648,28.752,4.702,1813,local,28.698,4.744,99
AD_2026.09.23-BW9.2.oir,1,8,817.2,1529.9,1348,0.876,62.071,48.260,28.771,4.792,2271,local,28.698,4.744,130
AD_2026.09.23-BW9.2.oir,1,9,1519.2,1648.8,1135,0.892,45.424,37.885,28.502,4.840,2152,local,28.698,4.744,79
AD_2026.09.23-BW9.2.oir,1,10,611.6,1755.1,851,0.790,62.029,53.848,28.938,5.073,435,local,28.698,4.744,113
AD_2026.09.23-BW9.2.oir,1,11,218.5,1786.4,1259,0.849,29.302,29.094,28.716,4.597,1843,local,28.698,4.744,49
AD_2026.09.23-BW9.3.oir,1,1,1394.6,567.8,551,0.697,28.822,28.639,28.718,4.766,1364,local,28.908,4.756,50
AD_2026.09.23-BW9.3.oir,1,2,1328.7,592.1,1452,0.733,28.617,28.750,28.706,4.814,1359,local,28.908,4.756,46
AD_2026.09.23-BW9.3.oir,1,3,660.7,811.7,539,0.871,65.102,64.665,29.159,4.765,1784,local,28.908,4.756,99
AD_2026.09.23-BW9.3.oir,1,4,1963.7,974.0,931,0.900,56.809,54.988,28.848,4.607,2031,local,28.908,4.756,89
AD_2026.09.23-BW9.3.oir,1,5,606.0,1014.1,683,0.888,69.862,68.703,28.960,4.765,1877,local,28.908,4.756,106
AD_2026.09.23-BW9.3.oir,1,6,1800.3,1038.0,844,0.896,74.799,72.890,29.078,4.769,1984,local,28.908,4.756,121
AD_2026.09.23-BW9.3.oir,1,7,1628.3,1086.8,1002,0.892,80.841,72.392,29.147,4.736,2078,local,28.908,4.756,128
AD_2026.09.23-BW9.3.oir,1,8,1016.9,1770.7,1380,0.901,80.445,73.354,29.199,4.768,2274,local,28.908,4.756,119
AD_2026.09.24_A.AV1.10.1.oir,1,1,1800.4,343.5,1103,0.907,510.517,605.107,33.941,5.689,2132,local,33.470,5.503,1573
AD_2026.09.24_A.AV1.10.1.oir,1,2,1167.6,437.6,1536,0.873,249.564,347.495,33.725,5.559,2355,local,33.470,5.503,758
AD_2026.09.24_A.AV1.10.1.oir,1,3,901.1,741.9,1745,0.885,170.181,228.035,33.538,5.446,2454,local,33.470,5.503,652
AD_2026.09.24_A.AV1.10.1.oir,1,4,1467.0,785.1,1491,0.892,394.777,593.964,34.073,5.565,2329,local,33.470,5.503,1380
AD_2026.09.24_A.AV1.10.1.oir,1,5,309.4,874.6,1546,0.903,101.160,110.427,33.641,5.572,2349,local,33.470,5.503,205
AD_2026.09.24_A.AV1.10.1.oir,1,6,1427.6,1147.4,1396,0.890,452.704,698.721,33.919,5.701,2276,local,33.470,5.503,1628
AD_2026.09.24_A.AV1.10.1.oir,1,7,78.5,1185.9,1265,0.887,68.484,63.002,33.636,5.359,2226,local,33.470,5.503,106
AD_2026.09.24_A.AV1.10.2.oir,1,1,1968.3,113.1,1378,0.897,89.316,72.482,32.656,5.289,2276,local,33.440,5.537,180
AD_2026.09.24_A.AV1.10.2.oir,1,2,438.8,526.1,1370,0.884,78.753,69.499,32.956,5.509,2277,local,33.440,5.537,130
AD_2026.09.24_A.AV1.10.2.oir,1,3,1995.4,700.2,1357,0.888,70.742,55.214,32.853,5.266,2269,local,33.440,5.537,130
AD_2026.09.24_A.AV1.10.2.oir,1,4,1273.6,789.0,1580,0.892,208.455,241.387,33.047,5.361,2374,local,33.440,5.537,588
AD_2026.09.24_A.AV1.10.2.oir,1,5,64.3,994.3,1317,0.887,77.516,73.204,34.026,5.634,2250,local,33.440,5.537,126
AD_2026.09.24_A.AV1.10.2.oir,1,6,483.8,1079.5,1398,0.893,80.031,65.293,33.594,5.662,2288,local,33.440,5.537,143
AD_2026.09.24_A.AV1.10.2.oir,1,7,1404.9,1352.5,1612,0.887,91.375,77.202,33.506,5.509,2387,local,33.440,5.537,174
AD_2026.09.24_A.AV1.10.2.oir,1,8,1319.2,1453.7,1238,0.894,78.510,64.566,33.573,5.321,2207,local,33.440,5.537,133
AD_2026.09.24_A.AV1.10.2.oir,1,9,738.3,1534.3,1184,0.887,603.610,748.652,34.264,5.689,2186,local,33.440,5.537,1986
AD_2026.09.24_A.AV1.10.2.oir,1,10,1772.9,1539.8,986,0.899,867.173,1215.237,34.399,5.712,2060,local,33.440,5.537,2259
AD_2026.09.24_A.AV1.10.2.oir,1,11,602.0,1563.6,627,0.752,675.357,687.402,34.880,5.687,1893,local,33.440,5.537,1789
AD_2026.09.24_A.AV1.10.2.oir,1,12,536.5,1606.9,1357,0.883,421.772,482.877,34.813,5.705,2267,local,33.440,5.537,1277
AD_2026.09.24_A.AV1.10.2.oir,1,13,1973.2,1749.3,1011,0.888,76.769,76.073,33.826,5.629,2086,local,33.440,5.537,127
AD_2026.09.24_A.AV1.10.2.oir,1,14,1690.5,1795.5,970,0.881,135.736,147.143,33.921,5.648,2065,local,33.440,5.537,431
AD_2026.09.24_A.AV1.10.2.oir,1,15,1459.4,1850.6,1235,0.889,85.938,73.469,33.823,5.697,2209,local,33.440,5.537,159
AD_2026.09.24_A.AV1.10.2.oir,1,16,1037.8,1906.2,1236,0.863,711.332,795.329,35.345,6.005,2080,local,33.440,5.537,2133
AD_2026.09.24_A.AV1.10.3.oir,1,1,546.8,226.1,1663,0.851,73.530,54.564,31.578,5.082,2428,local,31.689,5.109,138
AD_2026.09.24_A.AV1.10.3.oir,1,2,1941.2,480.7,1594,0.844,350.851,262.528,31.921,5.284,2416,local,31.689,5.109,1407
AD_2026.09.24_A.AV1.10.3.oir,1,3,1284.8,918.2,1779,0.877,65.663,47.184,31.662,5.223,2461,local,31.689,5.109,127
AD_2026.09.24_A.AV1.10.3.oir,1,4,862.8,1262.3,1076,0.905,397.398,517.985,32.182,5.078,2115,local,31.689,5.109,1650
AD_2026.09.24_A.AV1.10.3.oir,1,5,1415.0,1731.4,1174,0.891,273.578,405.290,32.274,5.189,2175,local,31.689,5.109,1021
AD_2026.09.24_A.AV1.10.3.oir,1,6,435.9,1891.8,966,0.874,120.598,131.675,32.232,5.253,1580,local,31.689,5.109,344
AD_2026.09.24_A.AV1.10.3.oir,1,7,399.9,1892.8,671,0.870,630.359,841.506,32.604,5.360,1374,local,31.689,5.109,1892
AD_2026.09.24_A.AV1.11.2.oir,1,1,2007.3,155.0,830,0.894,90.933,84.474,30.569,4.874,1969,local,30.649,5.583,137
AD_2026.09.24_A.AV1.11.2.oir,1,2,1408.0,303.3,1309,0.855,109.186,101.864,40.639,30.881,2059,local,30.649,5.583,158
AD_2026.09.24_A.AV1.11.2.oir,1,3,922.8,429.2,493,0.633,30.637,30.582,30.414,4.802,1885,local,30.649,5.583,46
AD_2026.09.24_A.AV1.11.2.oir,1,4,1565.6,506.0,1052,0.868,89.587,84.582,30.555,4.877,2122,local,30.649,5.583,142
AD_2026.09.24_A.AV1.11.2.oir,1,5,923.1,567.4,1608,0.788,32.350,34.317,30.672,4.985,1373,local,30.649,5.583,114
AD_2026.09.24_A.AV1.11.2.oir,1,6,962.5,579.1,838,0.766,103.341,101.120,30.740,4.994,1455,local,30.649,5.583,147
AD_2026.09.24_A.AV1.11.2.oir,1,7,882.6,632.2,1320,0.771,30.470,30.605,30.729,4.957,1495,local,30.649,5.583,48
AD_2026.09.24_A.AV1.11.2.oir,1,8,1429.1,751.4,1382,0.903,31.999,31.749,30.932,4.979,2016,local,30.649,5.583,51
AD_2026.09.24_A.AV1.11.2.oir,1,9,655.3,896.4,1197,0.892,94.343,74.288,30.712,4.971,2189,local,30.649,5.583,162
AD_2026.09.24_A.AV1.11.2.oir,1,10,1571.3,1240.1,1044,0.875,101.796,91.768,30.864,4.923,1980,local,30.649,5.583,166
AD_2026.09.24_A.AV1.11.2.oir,1,11,1515.0,1241.9,896,0.863,108.778,105.776,30.900,4.942,1895,local,30.649,5.583,184
AD_2026.09.24_A.AV1.11.2.oir,1,12,889.5,1519.1,1010,0.890,107.819,81.119,31.025,5.055,1760,local,30.649,5.583,199
AD_2026.09.24_A.AV1.11.2.oir,1,13,846.7,1549.9,1201,0.893,46.550,38.079,30.680,4.913,1862,local,30.649,5.583,95
AD_2026.09.24_A.AV1.11.2.oir,1,14,817.8,1870.5,1086,0.873,32.079,31.824,30.884,5.074,2137,local,30.649,5.583,54
AD_2026.09.24_A.AV1.11.2.oir,1,15,862.0,1923.4,1384,0.912,31.236,31.103,30.875,4.918,2267,local,30.649,5.583,50
AD_2026.09.24_A.AV1.11.2.oir,1,16,1424.8,2011.6,1304,0.903,145.428,132.766,31.439,5.126,2149,local,30.649,5.583,244
AD_2026.09.24_A.AV1.11.2_0001.oir,1,1,1777.2,344.1,1324,0.880,200.555,258.432,30.996,4.921,2159,local,30.538,4.871,449
AD_2026.09.24_A.AV1.11.2_0001.oir,1,2,608.7,559.4,1280,0.894,111.911,85.300,30.438,4.925,2223,local,30.538,4.871,195
AD_2026.09.24_A.AV1.11.2_0001.oir,1,3,1881.8,676.7,1605,0.906,88.198,75.285,30.645,4.900,2377,local,30.538,4.871,179
AD_2026.09.24_A.AV1.11.2_0001.oir,1,4,906.9,692.9,1253,0.875,195.772,243.674,31.173,4.993,1994,local,30.538,4.871,415
AD_2026.09.24_A.AV1.11.2_0001.oir,1,5,149.0,720.0,1387,0.720,31.149,31.230,30.796,4.900,1655,local,30.538,4.871,50
AD_2026.09.24_A.AV1.11.2_0001.oir,1,6,289.7,870.0,1366,0.879,111.870,95.253,30.793,4.970,2272,local,30.538,4.871,168
AD_2026.09.24_A.AV1.11.2_0001.oir,1,7,1176.0,899.2,1212,0.880,150.081,138.796,30.801,4.856,2203,local,30.538,4.871,247
AD_2026.09.24_A.AV1.11.2_0001.oir,1,8,1461.1,1093.5,1081,0.851,130.726,109.299,30.714,4.962,2051,local,30.538,4.871,209
AD_2026.09.24_A.AV1.11.2_0001.oir,1,9,1193.4,1365.1,2224,0.889,130.480,84.175,30.691,4.978,2647,local,30.538,4.871,233
AD_2026.09.24_A.AV1.11.2_0001.oir,1,10,74.1,1550.6,678,0.871,93.322,94.300,30.591,4.893,1848,local,30.538,4.871,147
AD_2026.09.24_A.AV1.11.2_0001.oir,1,11,1849.7,1591.5,1046,0.865,105.644,104.218,30.670,4.895,2126,local,30.538,4.871,173
AD_2026.09.24_A.AV1.11.2_0001.oir,1,12,752.7,1697.9,979,0.880,177.471,211.241,30.965,4.881,2072,local,30.538,4.871,347
AD_2026.09.24_A.AV1.11.2_0001.oir,1,13,1063.4,1849.6,2178,0.870,30.426,30.503,30.615,5.011,2067,local,30.538,4.871,50
AD_2026.09.24_A.AV1.11.2_0001.oir,1,14,1129.7,1864.0,1909,0.864,30.443,30.458,30.571,4.965,1589,local,30.538,4.871,47
AD_2026.09.24_A.AV1.11.2_0001.oir,1,15,1388.6,1883.3,562,0.844,155.260,178.376,30.663,4.832,1809,local,30.538,4.871,378
AD_2026.09.24_A.AV1.11.2_0001.oir,1,16,1105.4,1908.5,1037,0.797,33.985,32.507,31.221,5.164,601,local,30.538,4.871,58
AD_2026.09.24_A.AV1.11.2_0001.oir,1,17,745.4,1916.2,932,0.876,127.055,133.283,30.907,4.822,2043,local,30.538,4.871,219
AD_2026.09.24_A.AV1.11.2_0001.oir,1,18,1027.6,1941.8,1399,0.863,34.003,33.332,31.214,4.960,2042,local,30.538,4.871,54
AD_2026.09.24_A.AV1.11.3.oir,1,1,1761.1,62.7,1225,0.846,152.733,138.396,31.042,5.001,1413,local,31.198,4.989,350
AD_2026.09.24_A.AV1.11.3.oir,1,2,340.3,106.8,1273,0.885,448.564,365.965,31.397,5.160,2232,local,31.198,4.989,757
AD_2026.09.24_A.AV1.11.3.oir,1,3,2003.4,309.5,1599,0.899,312.907,187.576,31.207,4.887,2372,local,31.198,4.989,865
AD_2026.09.24_A.AV1.11.3.oir,1,4,982.2,313.0,1331,0.884,271.751,238.482,31.076,5.157,2257,local,31.198,4.989,768
AD_2026.09.24_A.AV1.11.3.oir,1,5,1827.7,367.1,1414,0.858,228.148,175.310,31.231,5.039,2301,local,31.198,4.989,595
AD_2026.09.24_A.AV1.11.3.oir,1,6,1215.0,411.0,1451,0.765,340.322,227.309,30.993,5.026,2417,local,31.198,4.989,914
AD_2026.09.24_A.AV1.11.3.oir,1,7,1738.9,698.5,1573,0.747,37.716,35.172,31.285,5.233,1785,local,31.198,4.989,74
AD_2026.09.24_A.AV1.11.3.oir,1,8,1326.9,1000.7,1452,0.721,101.025,69.049,31.150,5.026,2473,local,31.198,4.989,217
AD_2026.09.24_A.AV1.11.3.oir,1,9,1752.7,1128.2,1426,0.894,384.494,340.392,31.341,5.051,2291,local,31.198,4.989,961
AD_2026.09.24_A.AV1.11.3.oir,1,10,1981.0,1212.0,1179,0.898,461.115,432.634,31.434,5.120,2167,local,31.198,4.989,1087
AD_2026.09.24_A.AV1.11.3.oir,1,11,1600.9,1382.7,1358,0.866,278.711,242.884,31.702,5.086,2284,local,31.198,4.989,707
AD_2026.09.24_A.AV1.11.3.oir,1,12,1209.6,1651.5,1234,0.900,404.460,432.740,31.538,5.174,2202,local,31.198,4.989,899
AD_2026.09.24_A.AV1.11.3.oir,1,13,1115.0,1680.3,1205,0.898,105.180,75.066,31.122,4.961,2016,local,31.198,4.989,193
AD_2026.09.24_A.AV1.11.3.oir,1,14,219.2,1727.1,1328,0.896,117.846,94.708,31.516,5.049,2254,local,31.198,4.989,210
AD_2026.09.24_A.AV1.11.3.oir,1,15,1198.4,1935.3,1482,0.883,388.724,398.278,31.929,5.104,2332,local,31.198,4.989,868
AD_2026.09.24_A.AV1.12.1.oir,1,1,1710.3,31.7,1539,0.888,218.430,286.534,31.128,5.035,1973,local,30.723,4.856,478
AD_2026.09.24_A.AV1.12.1.oir,1,2,210.5,482.7,1337,0.899,82.586,62.682,30.800,4.893,2247,local,30.723,4.856,157
AD_2026.09.24_A.AV1.12.1.oir,1,3,1534.4,743.0,1361,0.896,88.954,68.398,30.753,4.854,2269,local,30.723,4.856,150
AD_2026.09.24_A.AV1.12.1.oir,1,4,453.8,800.4,1536,0.894,96.853,87.541,30.734,4.940,2347,local,30.723,4.856,228
AD_2026.09.24_A.AV1.12.1.oir,1,5,1413.3,808.4,899,0.882,69.870,74.486,30.682,4.774,2022,local,30.723,4.856,150
AD_2026.09.24_A.AV1.12.1.oir,1,6,1036.9,1038.9,1230,0.889,93.982,85.880,30.531,4.892,2186,local,30.723,4.856,178
AD_2026.09.24_A.AV1.12.1.oir,1,7,1729.1,1300.8,1415,0.880,185.307,231.230,31.195,4.840,2305,local,30.723,4.856,401
AD_2026.09.24_A.AV1.12.1.oir,1,8,492.6,1478.8,1215,0.867,79.100,70.682,30.698,4.928,2208,local,30.723,4.856,129
AD_2026.09.24_A.AV1.12.2.oir,1,1,291.7,182.9,508,0.684,40.104,40.145,30.833,4.936,1404,local,30.704,4.839,75
AD_2026.09.24_A.AV1.12.2.oir,1,2,1408.4,242.0,1501,0.878,205.733,200.297,30.868,4.958,2341,local,30.704,4.839,529
AD_2026.09.24_A.AV1.12.2.oir,1,3,254.1,251.4,2070,0.720,83.002,73.170,31.029,4.956,2067,local,30.704,4.839,305
AD_2026.09.24_A.AV1.12.2.oir,1,4,1104.2,577.3,1878,0.861,109.276,92.936,30.859,4.839,2524,local,30.704,4.839,224
AD_2026.09.24_A.AV1.12.2.oir,1,5,122.2,1218.7,1408,0.909,145.244,178.092,30.836,4.973,2275,local,30.704,4.839,307
AD_2026.09.24_A.AV1.12.2.oir,1,6,831.7,1316.7,808,0.894,196.120,219.089,30.944,4.786,1956,local,30.704,4.839,383
AD_2026.09.24_A.AV1.12.2.oir,1,7,897.5,1362.2,1662,0.856,84.458,68.157,30.746,4.925,2434,local,30.704,4.839,149
AD_2026.09.24_A.AV1.12.2.oir,1,8,1758.0,1458.8,2006,0.809,32.116,32.068,30.932,4.907,2032,local,30.704,4.839,53
AD_2026.09.24_A.AV1.12.2.oir,1,9,1832.0,1750.4,1181,0.832,32.174,31.629,31.014,4.905,1866,local,30.704,4.839,50
AD_2026.09.24_A.AV1.12.2.oir,1,10,913.3,1999.3,1839,0.880,67.768,51.345,30.845,4.715,2495,local,30.704,4.839,121
AD_2026.09.24_A.AV1.12.3.oir,1,1,1832.3,373.8,1522,0.876,105.589,96.717,30.541,4.898,2356,local,30.502,4.827,256
AD_2026.09.24_A.AV1.12.3.oir,1,2,162.2,565.8,1271,0.871,143.850,155.842,30.854,4.767,2239,local,30.502,4.827,299
AD_2026.09.24_A.AV1.12.3.oir,1,3,1403.1,658.1,1625,0.889,118.359,114.102,30.683,4.901,2387,local,30.502,4.827,260
AD_2026.09.24_A.AV1.12.3.oir,1,4,1938.1,1700.0,1332,0.903,83.344,68.503,30.280,4.903,2136,local,30.502,4.827,147
AD_2026.09.24_AP0.5W1.1.oir,1,1,78.5,45.5,359,0.922,122.780,158.316,30.650,5.611,600,local,30.315,7.217,363
AD_2026.09.24_AP0.5W1.1.oir,1,2,810.8,65.3,308,0.906,2260.672,2992.648,51.567,32.268,577,local,30.315,7.217,4095
AD_2026.09.24_AP0.5W1.1.oir,1,3,626.7,70.9,221,0.914,237.824,229.646,31.755,5.932,523,local,30.315,7.217,1018
AD_2026.09.24_AP0.5W1.1.oir,1,4,44.1,164.4,303,0.931,1173.155,1695.185,42.743,20.090,568,local,30.315,7.217,3247
AD_2026.09.24_AP0.5W1.1.oir,1,5,16.1,205.6,285,0.923,2477.291,3460.893,64.469,48.121,505,local,30.315,7.217,4095
AD_2026.09.24_AP0.5W1.1.oir,1,6,824.1,206.1,315,0.910,2603.041,3499.370,60.862,41.304,580,local,30.315,7.217,4095
AD_2026.09.24_AP0.5W1.1.oir,1,7,386.7,245.4,284,0.930,2399.310,2940.842,38.799,10.493,556,local,30.315,7.217,4095
AD_2026.09.24_AP0.5W1.1.oir,1,8,980.3,261.9,411,0.884,694.538,1117.474,35.019,9.898,627,local,30.315,7.217,2511
AD_2026.09.24_AP0.5W1.1.oir,1,9,620.1,272.5,221,0.914,3156.769,3458.856,62.962,38.822,524,local,30.315,7.217,4095
AD_2026.09.24_AP0.5W1.1.oir,1,10,245.0,279.1,311,0.899,1636.341,2541.650,46.241,24.558,580,local,30.315,7.217,4095
AD_2026.09.24_AP0.5W1.1.oir,1,11,426.9,370.2,271,0.912,2862.280,3686.500,71.529,47.346,556,local,30.315,7.217,4095
AD_2026.09.24_AP0.5W1.1.oir,1,12,765.2,426.3,165,0.719,40.848,41.231,34.524,6.613,313,local,30.315,7.217,68
AD_2026.09.24_AP0.5W1.1.oir,1,13,437.1,451.7,324,0.936,167.497,207.163,31.527,5.582,577,local,30.315,7.217,498
AD_2026.09.24_AP0.5W1.1.oir,1,14,756.4,459.1,307,0.897,37.414,37.300,34.666,6.533,383,local,30.315,7.217,56
AD_2026.09.24_AP0.5W1.1.oir,1,15,440.6,489.1,331,0.873,352.973,499.192,32.233,6.240,592,local,30.315,7.217,1087
AD_2026.09.24_AP0.5W1.1.oir,1,16,50.0,504.0,320,0.902,199.731,251.130,31.339,5.530,584,local,30.315,7.217,594
AD_2026.09.24_AP0.5W1.1.oir,1,17,527.3,509.3,289,0.912,3314.481,3858.769,52.378,27.545,566,local,30.315,7.217,4095
AD_2026.09.24_AP0.5W1.1.oir,1,18,799.6,510.3,310,0.896,633.955,842.716,35.601,9.095,506,local,30.315,7.217,1974
AD_2026.09.24_AP0.5W1.1.oir,1,19,88.8,562.2,392,0.895,1059.061,1801.790,32.360,6.622,619,local,30.315,7.217,4095
AD_2026.09.24_AP0.5W1.1.oir,1,20,576.7,562.8,297,0.906,115.010,132.213,30.749,5.646,569,local,30.315,7.217,260
AD_2026.09.24_AP0.5W1.1.oir,1,21,150.1,608.1,306,0.900,1765.029,2658.588,41.388,15.197,577,local,30.315,7.217,4095
AD_2026.09.24_AP0.5W1.1.oir,1,22,845.6,670.7,279,0.914,1527.892,2221.296,38.225,11.100,560,local,30.315,7.217,4095
AD_2026.09.24_AP0.5W1.1.oir,1,23,475.6,700.9,250,0.917,334.692,421.607,32.330,5.967,540,local,30.315,7.217,1062
AD_2026.09.24_AP0.5W1.1.oir,1,24,843.6,725.5,240,0.925,1652.554,2364.136,37.813,11.428,534,local,30.315,7.217,4095
AD_2026.09.24_AP0.5W1.1.oir,1,25,287.5,819.3,415,0.907,153.222,215.582,32.035,6.297,621,local,30.315,7.217,535
AD_2026.09.24_AP0.5W1.1.oir,1,26,251.2,824.4,271,0.912,1195.867,1760.939,39.439,12.509,554,local,30.315,7.217,4095
AD_2026.09.24_AP0.5W1.1.oir,1,27,696.4,838.6,462,0.842,2111.335,3352.355,52.847,50.513,660,local,30.315,7.217,4095
AD_2026.09.24_AP0.5W1.1.oir,1,28,450.2,859.0,248,0.910,3157.710,3850.718,62.813,36.034,541,local,30.315,7.217,4095
AD_2026.09.24_AP0.5W1.1.oir,1,29,642.4,876.4,363,0.917,149.708,200.867,31.181,5.464,603,local,30.315,7.217,470
AD_2026.09.24_AP0.5W1.1.oir,1,30,889.7,952.5,145,0.915,629.669,647.051,32.737,6.591,471,local,30.315,7.217,1753
AD_2026.09.24_AP0.5W1.1_0001.oir,1,1,158.9,90.7,1561,0.891,119.712,148.569,31.135,5.824,2359,local,30.153,8.361,348
AD_2026.09.24_AP0.5W1.1_0001.oir,1,2,1623.4,130.2,1353,0.902,2221.089,2506.501,56.570,38.092,2254,local,30.153,8.361,4095
AD_2026.09.24_AP0.5W1.1_0001.oir,1,3,1252.7,141.4,1011,0.888,214.565,174.450,32.122,6.321,2085,local,30.153,8.361,1016
AD_2026.09.24_AP0.5W1.1_0001.oir,1,4,91.0,328.5,1319,0.894,1170.169,1535.383,43.727,21.959,2248,local,30.153,8.361,3421
AD_2026.09.24_AP0.5W1.1_0001.oir,1,5,1650.0,411.8,1381,0.891,2605.063,3152.903,66.871,46.231,2279,local,30.153,8.361,4095
AD_2026.09.24_AP0.5W1.1_0001.oir,1,6,35.1,411.0,1296,0.890,2552.477,3432.878,71.014,55.867,2120,local,30.153,8.361,4095
AD_2026.09.24_AP0.5W1.1_0001.oir,1,7,775.8,490.6,1203,0.893,2273.973,2893.684,38.817,10.524,2189,local,30.153,8.361,4095
AD_2026.09.24_AP0.5W1.1_0001.oir,1,8,1961.4,523.3,1819,0.886,675.114,991.891,36.413,10.913,2483,local,30.153,8.361,2752
AD_2026.09.24_AP0.5W1.1_0001.oir,1,9,1239.4,544.6,995,0.907,3050.692,2800.851,68.870,43.742,2066,local,30.153,8.361,4095
AD_2026.09.24_AP0.5W1.1_0001.oir,1,10,492.7,557.8,1387,0.880,1668.011,2551.064,49.602,29.958,2289,local,30.153,8.361,4095
AD_2026.09.24_AP0.5W1.1_0001.oir,1,11,855.2,740.0,1217,0.907,2906.839,3479.748,76.257,50.862,2183,local,30.153,8.361,4095
AD_2026.09.24_AP0.5W1.1_0001.oir,1,12,1531.4,853.6,820,0.749,41.480,41.438,34.840,6.827,1311,local,30.153,8.361,69
AD_2026.09.24_AP0.5W1.1_0001.oir,1,13,1597.7,859.6,949,0.764,33.458,33.623,33.225,8.990,1313,local,30.153,8.361,54
AD_2026.09.24_AP0.5W1.1_0001.oir,1,14,875.7,902.8,1440,0.885,156.629,170.683,31.308,5.642,2312,local,30.153,8.361,460
AD_2026.09.24_AP0.5W1.1_0001.oir,1,15,1514.4,916.6,1385,0.843,36.675,36.616,34.357,6.535,1613,local,30.153,8.361,59
AD_2026.09.24_AP0.5W1.1_0001.oir,1,16,882.6,978.0,1454,0.894,336.563,420.084,32.885,6.453,2308,local,30.153,8.361,1037
AD_2026.09.24_AP0.5W1.1_0001.oir,1,17,102.6,1007.8,1375,0.895,187.447,207.913,31.401,5.746,2274,local,30.153,8.361,584
AD_2026.09.24_AP0.5W1.1_0001.oir,1,18,1054.9,1018.0,1315,0.884,3269.012,3590.558,53.441,27.238,2253,local,30.153,8.361,4095
AD_2026.09.24_AP0.5W1.1_0001.oir,1,19,1601.4,1020.0,1399,0.844,608.484,673.662,35.544,9.007,2035,local,30.153,8.361,2413
AD_2026.09.24_AP0.5W1.1_0001.oir,1,20,180.1,1123.9,1772,0.898,1104.792,2113.414,32.986,6.623,2455,local,30.153,8.361,4095
AD_2026.09.24_AP0.5W1.1_0001.oir,1,21,1152.9,1125.2,1299,0.911,108.352,110.164,30.732,5.345,2217,local,30.153,8.361,261
AD_2026.09.24_AP0.5W1.1_0001.oir,1,22,301.7,1215.8,1358,0.894,1785.996,2572.050,43.975,17.194,2261,local,30.153,8.361,4095
AD_2026.09.24_AP0.5W1.1_0001.oir,1,23,1693.0,1341.2,1244,0.888,1481.779,1961.170,40.302,12.608,2211,local,30.153,8.361,4095
AD_2026.09.24_AP0.5W1.1_0001.oir,1,24,952.3,1401.5,1101,0.905,319.172,344.336,32.329,6.133,2128,local,30.153,8.361,1112
AD_2026.09.24_AP0.5W1.1_0001.oir,1,25,1689.0,1450.5,1097,0.870,1672.188,2300.385,39.267,12.654,2143,local,30.153,8.361,4095
AD_2026.09.24_AP0.5W1.1_0001.oir,1,26,578.2,1638.0,1843,0.885,150.374,213.419,31.782,6.482,2489,local,30.153,8.361,555
AD_2026.09.24_AP0.5W1.1_0001.oir,1,27,505.2,1648.4,1241,0.893,1229.958,1770.019,40.790,14.321,2207,local,30.153,8.361,4095
AD_2026.09.24_AP0.5W1.1_0001.oir,1,28,1393.1,1676.8,2097,0.846,2194.110,3737.067,50.301,34.770,2628,local,30.153,8.361,4095
AD_2026.09.24_AP0.5W1.1_0001.oir,1,29,901.8,1717.7,1118,0.907,3242.535,3719.568,69.534,40.576,2138,local,30.153,8.361,4095
AD_2026.09.24_AP0.5W1.1_0001.oir,1,30,1284.0,1752.3,1648,0.889,144.601,187.885,30.725,5.385,2406,local,30.153,8.361,476
AD_2026.09.24_AP0.5W1.1_0001.oir,1,31,1781.0,1904.4,683,0.883,511.286,414.735,33.230,6.639,1880,local,30.153,8.361,1671
AD_2026.09.24_AP0.5W1.2.oir,1,1,253.1,65.2,1159,0.902,811.582,1116.916,35.338,8.696,2162,local,30.873,5.908,2070
AD_2026.09.24_AP0.5W1.2.oir,1,2,1055.5,123.1,1004,0.897,83.361,79.677,30.866,5.239,2079,local,30.873,5.908,156
AD_2026.09.24_AP0.5W1.2.oir,1,3,618.4,232.6,903,0.851,2159.564,1413.813,51.563,14.270,1396,local,30.873,5.908,4095
AD_2026.09.24_AP0.5W1.2.oir,1,4,619.5,285.9,793,0.897,2614.609,3258.482,43.415,13.085,1792,local,30.873,5.908,4095
AD_2026.09.24_AP0.5W1.2.oir,1,5,1415.4,300.5,998,0.885,501.048,798.038,31.468,5.634,2079,local,30.873,5.908,2964
AD_2026.09.24_AP0.5W1.2.oir,1,6,976.2,328.7,1409,0.884,1247.930,2295.178,38.503,10.552,2298,local,30.873,5.908,4095
AD_2026.09.24_AP0.5W1.2.oir,1,7,110.7,383.7,1245,0.888,78.546,90.625,31.298,5.564,2211,local,30.873,5.908,158
AD_2026.09.24_AP0.5W1.2.oir,1,8,574.8,498.6,1566,0.897,308.110,519.621,34.954,9.160,2151,local,30.873,5.908,1350
AD_2026.09.24_AP0.5W1.2.oir,1,9,646.7,504.4,746,0.813,1219.964,1666.891,37.076,10.709,1284,local,30.873,5.908,4095
AD_2026.09.24_AP0.5W1.2.oir,1,10,506.3,511.2,934,0.890,812.681,1255.328,35.472,9.512,2040,local,30.873,5.908,4095
AD_2026.09.24_AP0.5W1.2.oir,1,11,609.2,546.8,892,0.828,867.510,542.608,40.453,10.668,1214,local,30.873,5.908,2070
AD_2026.09.24_AP0.5W1.2.oir,1,12,667.3,552.4,1039,0.791,65.654,59.872,33.912,8.562,1473,local,30.873,5.908,135
AD_2026.09.24_AP0.5W1.2.oir,1,13,1780.7,578.5,1317,0.893,1400.038,2479.369,34.504,6.928,2240,local,30.873,5.908,4095
AD_2026.09.24_AP0.5W1.2.oir,1,14,1020.2,668.6,1238,0.906,2335.183,3815.753,52.598,22.886,2087,local,30.873,5.908,4095
AD_2026.09.24_AP0.5W1.2.oir,1,15,1139.8,677.9,817,0.791,33.164,33.453,34.015,8.052,1354,local,30.873,5.908,51
AD_2026.09.24_AP0.5W1.2.oir,1,16,1057.5,757.6,2144,0.790,186.193,179.978,41.971,10.469,2309,local,30.873,5.908,799
AD_2026.09.24_AP0.5W1.2.oir,1,17,577.4,860.3,843,0.889,3065.769,3969.379,55.483,27.192,1972,local,30.873,5.908,4095
AD_2026.09.24_AP0.5W1.2.oir,1,18,1818.2,1070.3,1039,0.891,2666.061,3825.428,43.818,12.516,2100,local,30.873,5.908,4095
AD_2026.09.24_AP0.5W1.2.oir,1,19,1683.6,1072.1,1297,0.901,171.195,237.563,31.534,5.663,2233,local,30.873,5.908,455
AD_2026.09.24_AP0.5W1.2.oir,1,20,116.0,1199.2,714,0.813,2124.808,2844.178,41.419,12.776,1425,local,30.873,5.908,4095
AD_2026.09.24_AP0.5W1.2.oir,1,21,136.9,1228.3,869,0.833,1018.527,1512.945,37.261,10.067,1518,local,30.873,5.908,3293
AD_2026.09.24_AP0.5W1.2.oir,1,22,1241.4,1400.3,866,0.904,2559.306,3686.174,52.293,25.232,1993,local,30.873,5.908,4095
AD_2026.09.24_AP0.5W1.2.oir,1,23,1102.9,1417.4,975,0.898,93.099,107.576,31.391,5.580,2061,local,30.873,5.908,205
AD_2026.09.24_AP0.5W1.2.oir,1,24,42.3,1438.9,1720,0.914,2679.830,4088.960,51.073,17.579,2427,local,30.873,5.908,4095
AD_2026.09.24_AP0.5W1.2.oir,1,25,737.8,1512.4,1408,0.862,37.565,36.721,33.409,5.990,2312,local,30.873,5.908,58
AD_2026.09.24_AP0.5W1.2.oir,1,26,1617.9,1650.5,1397,0.894,1415.867,2518.191,44.653,21.026,2278,local,30.873,5.908,4095
AD_2026.09.24_AP0.5W1.2.oir,1,27,1117.7,1696.4,1192,0.899,131.965,176.275,31.031,5.378,2174,local,30.873,5.908,453
AD_2026.09.24_AP0.5W1.2.oir,1,28,1593.2,1769.4,1027,0.914,2677.309,3831.365,54.344,27.333,2078,local,30.873,5.908,4095
AD_2026.09.24_AP0.5W1.3.oir,1,1,1235.2,28.1,922,0.764,42.407,37.513,30.250,5.373,811,local,32.960,77.521,82
AD_2026.09.24_AP0.5W1.3.oir,1,2,1836.3,50.1,1052,0.855,90.581,72.907,35.787,6.689,1575,local,32.960,77.521,176
AD_2026.09.24_AP0.5W1.3.oir,1,3,792.4,183.0,1809,0.771,32.836,32.593,31.715,5.504,1990,local,32.960,77.521,56
AD_2026.09.24_AP0.5W1.3.oir,1,4,845.7,186.8,1683,0.821,35.450,35.490,33.705,6.416,1409,local,32.960,77.521,67
AD_2026.09.24_AP0.5W1.3.oir,1,5,895.5,204.1,1734,0.718,77.907,64.635,38.523,8.276,2085,local,32.960,77.521,148
AD_2026.09.24_AP0.5W1.3.oir,1,6,761.1,282.7,1388,0.797,81.900,70.511,40.824,7.922,2001,local,32.960,77.521,159
AD_2026.09.24_AP0.5W1.3.oir,1,7,736.5,346.8,990,0.864,91.063,78.501,39.119,8.412,2082,local,32.960,77.521,168
AD_2026.09.24_AP0.5W1.3.oir,1,8,1908.8,387.1,1555,0.888,168.468,226.387,30.326,5.574,2367,local,32.960,77.521,587
AD_2026.09.24_AP0.5W1.3.oir,1,9,1715.1,482.7,1076,0.893,181.276,257.741,30.266,5.403,2122,local,32.960,77.521,495
AD_2026.09.24_AP0.5W1.3.oir,1,10,1952.6,504.3,1021,0.896,2566.509,3860.927,37.761,10.653,2081,local,32.960,77.521,4095
AD_2026.09.24_AP0.5W1.3.oir,1,11,1774.8,521.7,917,0.896,1260.831,2039.627,32.746,6.701,2027,local,32.960,77.521,4095
AD_2026.09.24_AP0.5W1.3.oir,1,12,1041.5,608.8,995,0.895,1565.972,2580.783,37.985,10.097,2073,local,32.960,77.521,4095
AD_2026.09.24_AP0.5W1.3.oir,1,13,1884.6,645.0,1235,0.809,36.621,37.245,34.098,12.445,1498,local,32.960,77.521,89
AD_2026.09.24_AP0.5W1.3.oir,1,14,1813.4,646.7,1099,0.737,75.013,71.469,42.503,11.144,1520,local,32.960,77.521,143
AD_2026.09.24_AP0.5W1.3.oir,1,15,1560.6,696.1,1833,0.816,38.279,36.853,33.358,5.888,2553,local,32.960,77.521,62
AD_2026.09.24_AP0.5W1.3.oir,1,16,1686.5,841.2,1034,0.899,1617.303,2720.840,37.329,10.775,2094,local,32.960,77.521,4095
AD_2026.09.24_AP0.5W1.3.oir,1,17,1893.8,923.2,1060,0.909,2451.608,3616.241,55.891,40.244,2103,local,32.960,77.521,4095
AD_2026.09.24_AP0.5W1.3.oir,1,18,188.4,975.3,2393,0.876,32.038,32.128,31.583,5.476,2722,local,32.960,77.521,56
AD_2026.09.24_AP0.5W1.3.oir,1,19,1966.9,1031.7,988,0.901,2705.512,3934.319,43.195,14.950,2066,local,32.960,77.521,4095
AD_2026.09.24_AP0.5W1.3.oir,1,20,623.9,1048.1,1152,0.893,138.640,183.201,29.878,5.187,2161,local,32.960,77.521,354
AD_2026.09.24_AP0.5W1.3.oir,1,21,316.1,1096.3,853,0.768,1623.788,2483.418,39.358,13.913,2067,local,32.960,77.521,4095
AD_2026.09.24_AP0.5W1.3.oir,1,22,1692.6,1146.9,1364,0.883,1396.477,2457.003,37.511,9.961,2279,local,32.960,77.521,4095
AD_2026.09.24_AP0.5W1.3.oir,1,23,1646.2,1405.7,1003,0.915,1689.781,2685.178,44.978,20.921,2053,local,32.960,77.521,4095
AD_2026.09.24_AP0.5W1.3.oir,1,24,1639.7,1479.4,1040,0.882,1015.973,1646.883,37.121,10.305,2093,local,32.960,77.521,4095
AD_2026.09.24_AP0.5W1.3.oir,1,25,1435.4,1515.0,941,0.879,323.336,415.031,36.243,9.379,2053,local,32.960,77.521,1868
AD_2026.09.24_AP0.5W1.3.oir,1,26,1753.5,1525.1,914,0.854,275.993,360.346,320.598,833.725,1830,local,32.960,77.521,4095
AD_2026.09.24_AP0.5W1.3.oir,1,27,966.0,1582.9,1467,0.887,780.370,374.625,60.641,22.594,1932,local,32.960,77.521,2249
AD_2026.09.24_AP0.5W1.3.oir,1,28,1011.8,1612.2,1265,0.876,147.278,198.833,37.150,15.088,1856,local,32.960,77.521,355
AD_2026.09.24_AP0.5W1.3.oir,1,29,1450.3,1697.4,1144,0.899,2730.328,1564.887,57.556,23.580,2112,local,32.960,77.521,4095
AD_2026.09.24_AP0.5W1.3.oir,1,30,680.1,1813.1,1036,0.906,1572.404,2510.465,39.653,10.730,2088,local,32.960,77.521,4095
AD_2026.09.24_AP0.5W1.3.oir,1,31,152.9,1853.8,1355,0.892,2515.721,3719.929,43.403,11.962,2265,local,32.960,77.521,4095
AD_2026.09.24_AP0.5W2.1.oir,1,1,1137.1,483.4,959,0.874,2362.112,3411.737,42.550,8.465,2041,local,39.914,15.877,4095
AD_2026.09.24_AP0.5W2.1.oir,1,2,181.5,546.0,1132,0.867,2740.521,3607.819,47.805,10.222,2159,local,39.914,15.877,4095
AD_2026.09.24_AP0.5W2.1.oir,1,3,1982.1,637.2,1533,0.859,3017.511,3856.235,52.377,19.625,2372,local,39.914,15.877,4095
AD_2026.09.24_AP0.5W2.1.oir,1,4,1867.1,757.7,2072,0.774,45.481,44.871,42.150,8.385,1764,local,39.914,15.877,73
AD_2026.09.24_AP0.5W2.1.oir,1,5,1229.9,1177.6,1217,0.868,2761.518,3497.328,46.803,9.531,2216,local,39.914,15.877,4095
AD_2026.09.24_AP0.5W2.1.oir,1,6,693.7,1679.2,1316,0.864,1238.741,1719.488,43.813,7.539,2268,local,39.914,15.877,4087
AD_2026.09.24_AP0.5W2.2.oir,1,1,1010.9,74.0,1151,0.896,2393.267,3388.739,65.912,64.342,2055,local,37.670,76.442,4095
AD_2026.09.24_AP0.5W2.2.oir,1,2,163.3,147.4,1167,0.897,1781.440,2823.040,42.221,11.890,2167,local,37.670,76.442,4095
AD_2026.09.24_AP0.5W2.2.oir,1,3,2017.0,151.9,1112,0.902,2867.259,3469.210,57.488,49.499,1886,local,37.670,76.442,4095
AD_2026.09.24_AP0.5W2.2.oir,1,4,113.7,244.2,867,0.887,2680.348,3539.323,47.003,19.378,2001,local,37.670,76.442,4095
AD_2026.09.24_AP0.5W2.2.oir,1,5,1084.5,517.3,1005,0.898,1841.961,2720.867,625.271,1352.581,2001,local,37.670,76.442,4095
AD_2026.09.24_AP0.5W2.2.oir,1,6,950.5,605.2,1417,0.871,897.746,1505.221,40.426,9.939,2299,local,37.670,76.442,3418
AD_2026.09.24_AP0.5W2.2.oir,1,7,810.5,611.4,1247,0.885,353.828,546.046,36.678,6.771,2211,local,37.670,76.442,1591
AD_2026.09.24_AP0.5W2.2.oir,1,8,428.4,784.1,934,0.890,362.011,209.324,39.456,7.545,1946,local,37.670,76.442,1493
AD_2026.09.24_AP0.5W2.2.oir,1,9,579.8,799.6,2163,0.820,41.319,42.453,43.682,16.799,2129,local,37.670,76.442,82
AD_2026.09.24_AP0.5W2.2.oir,1,10,657.5,834.0,1437,0.786,60.994,57.871,48.785,12.902,1511,local,37.670,76.442,130
AD_2026.09.24_AP0.5W2.2.oir,1,11,947.6,913.4,980,0.915,2872.002,1988.574,74.749,36.813,2052,local,37.670,76.442,4095
AD_2026.09.24_AP0.5W2.2.oir,1,12,1184.1,1082.7,1333,0.904,129.737,146.118,36.510,6.155,2249,local,37.670,76.442,321
AD_2026.09.24_AP0.5W2.2.oir,1,13,1150.8,1446.6,1027,0.872,143.167,161.764,36.270,6.303,1861,local,37.670,76.442,510
AD_2026.09.24_AP0.5W2.2.oir,1,14,84.0,1479.4,1171,0.849,1613.182,2472.548,45.697,14.226,2097,local,37.670,76.442,4095
AD_2026.09.24_AP0.5W2.2.oir,1,15,140.0,1798.0,1215,0.917,116.351,131.599,38.353,6.676,2184,local,37.670,76.442,240
AD_2026.09.24_AP0.5W2.2.oir,1,16,1668.4,1810.0,989,0.721,2062.126,2425.945,44.980,17.811,2196,local,37.670,76.442,4095
AD_2026.09.24_AP0.5W2.2.oir,1,17,885.9,1817.2,916,0.704,2622.660,3476.000,42.623,9.543,2149,local,37.670,76.442,4095
AD_2026.09.24_AP0.5W2.2.oir,1,18,777.4,1929.3,1191,0.887,2084.871,3390.440,45.498,10.926,2182,local,37.670,76.442,4095
AD_2026.09.24_AP0.5W2.3.oir,1,1,1427.6,323.0,1400,0.896,116.771,120.766,34.502,5.965,2287,local,36.780,6.570,451
AD_2026.09.24_AP0.5W2.3.oir,1,2,438.2,452.4,1169,0.898,2902.500,3948.536,42.710,8.446,2169,local,36.780,6.570,4095
AD_2026.09.24_AP0.5W2.3.oir,1,3,654.7,525.2,1286,0.898,3052.712,3959.926,44.135,9.472,2223,local,36.780,6.570,4095
AD_2026.09.24_AP0.5W2.3.oir,1,4,1386.6,940.4,2051,0.898,1945.143,2494.859,40.547,7.329,2568,local,36.780,6.570,4095
AD_2026.09.24_AP0.5W2.3.oir,1,5,879.2,1042.8,1248,0.910,568.071,868.256,37.082,6.448,2199,local,36.780,6.570,2959
AD_2026.09.24_AP0.5W2.3.oir,1,6,580.6,1157.8,1264,0.897,260.343,358.250,36.929,6.398,2219,local,36.780,6.570,952
AD_2026.09.24_AP0.5W2.3.oir,1,7,1222.8,1180.6,1274,0.904,180.003,211.599,36.398,6.385,2209,local,36.780,6.570,540
AD_2026.09.24_AP0.5W2.3.oir,1,8,978.8,1503.1,1032,0.897,2226.601,3291.431,40.187,7.224,2091,local,36.780,6.570,4095
AD_2026.09.24_AP0.5W2.3.oir,1,9,1380.5,1679.4,2249,0.893,2374.219,584.308,53.820,12.256,2659,local,36.780,6.570,4095
AD_2026.09.24_AP0.5W2.3.oir,1,10,1093.2,1704.7,1186,0.887,229.849,314.966,37.637,6.482,2184,local,36.780,6.570,792
AD_2026.09.24_AP0.5W2.3.oir,1,11,427.2,1739.5,1386,0.891,2320.690,2970.336,43.756,8.178,2282,local,36.780,6.570,4095
AD_2026.09.24_AP0.5W2.3.oir,1,12,1530.2,1780.9,984,0.894,2482.032,3535.302,40.547,7.356,2066,local,36.780,6.570,4095
AD_2026.09.24_AP0.5W2.3.oir,1,13,678.3,1801.1,1562,0.896,206.134,261.353,38.985,6.729,2363,local,36.780,6.570,729
AD_2026.09.24_AP0.5W3.1.oir,1,1,427.7,131.1,1093,0.890,2433.722,3712.771,47.817,11.304,2131,local,44.198,73.721,4095
AD_2026.09.24_AP0.5W3.1.oir,1,2,844.0,162.1,818,0.905,3004.780,3972.391,58.857,30.054,1961,local,44.198,73.721,4095
AD_2026.09.24_AP0.5W3.1.oir,1,3,1014.0,171.6,1077,0.894,273.521,388.004,38.457,6.661,2122,local,44.198,73.721,889
AD_2026.09.24_AP0.5W3.1.oir,1,4,1316.6,261.0,1008,0.894,4094.746,4095.000,82.193,36.955,2075,local,44.198,73.721,4095
AD_2026.09.24_AP0.5W3.1.oir,1,5,881.1,436.0,1159,0.818,1720.781,1828.701,52.600,18.197,1660,local,44.198,73.721,4095
AD_2026.09.24_AP0.5W3.1.oir,1,6,45.2,454.2,1327,0.895,876.121,1519.002,43.420,7.702,2250,local,44.198,73.721,4095
AD_2026.09.24_AP0.5W3.1.oir,1,7,842.1,452.9,983,0.846,2274.517,3055.439,49.903,12.003,1582,local,44.198,73.721,4095
AD_2026.09.24_AP0.5W3.1.oir,1,8,1051.4,474.3,657,0.917,3661.909,4089.321,75.637,49.941,1849,local,44.198,73.721,4095
AD_2026.09.24_AP0.5W3.1.oir,1,9,1915.0,485.3,1987,0.884,67.229,70.147,55.196,28.177,2116,local,44.198,73.721,178
AD_2026.09.24_AP0.5W3.1.oir,1,10,1766.7,498.0,1952,0.846,58.952,56.268,48.264,8.652,2572,local,44.198,73.721,100
AD_2026.09.24_AP0.5W3.1.oir,1,11,1863.9,491.0,985,0.868,2163.771,1279.312,85.996,42.018,1578,local,44.198,73.721,4095
AD_2026.09.24_AP0.5W3.1.oir,1,12,1632.8,606.5,919,0.889,2513.893,3546.669,60.031,28.655,2031,local,44.198,73.721,4095
AD_2026.09.24_AP0.5W3.1.oir,1,13,1418.2,648.2,961,0.885,2450.001,3547.395,64.189,30.619,2052,local,44.198,73.721,4095
AD_2026.09.24_AP0.5W3.1.oir,1,14,1398.2,722.0,704,0.904,2012.224,1157.968,64.480,22.351,1882,local,44.198,73.721,4095
AD_2026.09.24_AP0.5W3.1.oir,1,15,1857.1,750.5,1190,0.895,231.161,344.606,40.772,7.033,2175,local,44.198,73.721,682
AD_2026.09.24_AP0.5W3.1.oir,1,16,1399.2,784.3,865,0.893,107.691,120.832,45.860,15.186,1990,local,44.198,73.721,259
AD_2026.09.24_AP0.5W3.1.oir,1,17,1102.7,847.7,1030,0.883,1605.470,2616.986,49.305,12.207,2099,local,44.198,73.721,4095
AD_2026.09.24_AP0.5W3.1.oir,1,18,777.7,1076.6,1366,0.892,315.440,492.238,43.481,7.461,2272,local,44.198,73.721,903
AD_2026.09.24_AP0.5W3.1.oir,1,19,1497.4,1140.6,738,0.911,4074.022,4061.255,63.143,19.809,1896,local,44.198,73.721,4095
AD_2026.09.24_AP0.5W3.1.oir,1,20,1114.0,1232.2,754,0.825,2310.085,3089.133,55.737,34.300,1961,local,44.198,73.721,4095
AD_2026.09.24_AP0.5W3.1.oir,1,21,1869.3,1263.8,2143,0.867,58.490,55.656,51.051,11.675,2453,local,44.198,73.721,100
AD_2026.09.24_AP0.5W3.1.oir,1,22,1927.8,1351.5,2242,0.844,53.383,52.802,48.461,8.641,2269,local,44.198,73.721,88
AD_2026.09.24_AP0.5W3.1.oir,1,23,299.1,1350.7,1301,0.904,1322.782,2302.168,48.821,8.920,2236,local,44.198,73.721,4095
AD_2026.09.24_AP0.5W3.1.oir,1,24,950.3,1396.1,1922,0.907,376.464,573.293,44.874,7.602,2514,local,44.198,73.721,1422
AD_2026.09.24_AP0.5W3.1.oir,1,25,1868.0,1434.0,1665,0.770,62.637,60.348,50.476,8.556,1866,local,44.198,73.721,99
AD_2026.09.24_AP0.5W3.1.oir,1,26,1450.4,1495.0,1642,0.870,61.250,59.368,51.042,8.454,2156,local,44.198,73.721,95
AD_2026.09.24_AP0.5W3.1.oir,1,27,1350.8,1511.9,1516,0.886,2285.171,3731.103,54.574,14.193,2348,local,44.198,73.721,4095
AD_2026.09.24_AP0.5W3.1.oir,1,28,256.6,1714.6,672,0.835,1861.833,2426.533,69.056,94.802,1887,local,44.198,73.721,4095
AD_2026.09.24_AP0.5W3.1.oir,1,29,226.1,1869.8,800,0.885,824.760,1147.315,51.642,9.356,1955,local,44.198,73.721,3757
AD_2026.09.24_AP0.5W3.1.oir,1,30,1781.2,1928.8,1981,0.810,46.101,46.054,44.964,7.649,2314,local,44.198,73.721,72
AD_2026.09.24_AP0.5W3.1.oir,1,31,1071.3,1957.4,811,0.884,2217.835,3133.261,54.799,15.237,1965,local,44.198,73.721,4095
AD_2026.09.24_AP0.5W3.1.oir,1,32,1309.7,2004.3,1004,0.887,187.800,250.525,45.172,7.644,2084,local,44.198,73.721,574
AD_2026.09.24_AP0.5W3.1.oir,1,33,979.4,2016.3,813,0.886,185.428,239.554,45.126,7.605,1873,local,44.198,73.721,462
AD_2026.09.24_AP0.5W3.2.oir,1,1,1858.3,50.8,1025,0.909,3554.347,4095.000,54.122,13.714,2080,local,45.306,35.841,4095
AD_2026.09.24_AP0.5W3.2.oir,1,2,1655.4,88.6,928,0.885,667.653,998.832,41.876,7.819,1995,local,45.306,35.841,2740
AD_2026.09.24_AP0.5W3.2.oir,1,3,1717.4,482.7,1046,0.887,684.855,913.898,42.655,7.151,2102,local,45.306,35.841,2559
AD_2026.09.24_AP0.5W3.2.oir,1,4,377.6,495.4,1436,0.886,527.504,773.514,45.379,7.896,2285,local,45.306,35.841,2486
AD_2026.09.24_AP0.5W3.2.oir,1,5,1351.5,510.6,1321,0.891,2681.768,3607.859,48.394,10.354,2251,local,45.306,35.841,4095
AD_2026.09.24_AP0.5W3.2.oir,1,6,1693.2,702.6,1345,0.893,1732.813,2656.367,44.713,8.040,2264,local,45.306,35.841,4095
AD_2026.09.24_AP0.5W3.2.oir,1,7,173.2,700.2,1093,0.788,3962.597,4068.040,81.222,34.809,2207,local,45.306,35.841,4095
AD_2026.09.24_AP0.5W3.2.oir,1,8,1902.4,737.6,1539,0.899,546.233,826.050,42.883,7.422,2196,local,45.306,35.841,2022
AD_2026.09.24_AP0.5W3.2.oir,1,9,823.3,1022.9,1447,0.865,354.167,444.188,45.536,8.450,2299,local,45.306,35.841,1849
AD_2026.09.24_AP0.5W3.2.oir,1,10,830.7,1116.1,1410,0.877,3460.538,2814.765,69.970,27.330,2219,local,45.306,35.841,4095
AD_2026.09.24_AP0.5W3.2.oir,1,11,155.7,1120.0,947,0.890,3655.039,3867.104,59.474,13.530,2046,local,45.306,35.841,4095
AD_2026.09.24_AP0.5W3.2.oir,1,12,1162.2,1207.2,1283,0.881,612.379,939.995,44.546,7.530,2240,local,45.306,35.841,2606
AD_2026.09.24_AP0.5W3.2.oir,1,13,656.5,1607.7,1297,0.875,524.578,731.424,47.960,7.869,2248,local,45.306,35.841,1946
AD_2026.09.24_AP0.5W3.2.oir,1,14,1904.0,1640.4,1793,0.836,3443.123,3800.633,62.683,20.820,2354,local,45.306,35.841,4095
AD_2026.09.24_AP0.5W3.2.oir,1,15,535.9,1686.8,1242,0.878,2245.657,1210.489,57.106,13.112,2209,local,45.306,35.841,4095
AD_2026.09.24_AP0.5W3.2.oir,1,16,1904.5,1738.7,1456,0.881,480.198,703.615,44.889,7.391,2322,local,45.306,35.841,2126
AD_2026.09.24_AP0.5W3.2.oir,1,17,1742.5,2017.1,1301,0.876,124.801,136.776,45.918,7.919,1592,local,45.306,35.841,352
AD_2026.09.24_AP0.5W3.3.oir,1,1,1290.5,86.9,1398,0.895,2984.691,4093.755,58.250,23.280,1584,local,36.351,75.462,4095
AD_2026.09.24_AP0.5W3.3.oir,1,2,1300.4,133.7,792,0.856,2267.091,2957.016,52.724,21.978,1085,local,36.351,75.462,4095
AD_2026.09.24_AP0.5W3.3.oir,1,3,1312.0,172.1,1068,0.857,2784.105,3889.888,48.770,18.637,1647,local,36.351,75.462,4095
AD_2026.09.24_AP0.5W3.3.oir,1,4,1611.9,249.6,1061,0.905,316.144,434.898,34.097,6.077,2094,local,36.351,75.462,1291
AD_2026.09.24_AP0.5W3.3.oir,1,5,1461.7,334.0,1215,0.897,2569.509,3932.043,47.206,16.737,2193,local,36.351,75.462,4095
AD_2026.09.24_AP0.5W3.3.oir,1,6,965.2,335.0,1085,0.884,2486.934,3844.167,48.298,17.662,2129,local,36.351,75.462,4095
AD_2026.09.24_AP0.5W3.3.oir,1,7,1631.6,414.4,1005,0.891,3891.253,4095.000,72.725,46.800,2079,local,36.351,75.462,4095
AD_2026.09.24_AP0.5W3.3.oir,1,8,2016.4,531.1,1167,0.885,3214.712,4091.722,58.472,28.132,1950,local,36.351,75.462,4095
AD_2026.09.24_AP0.5W3.3.oir,1,9,1795.5,579.2,1802,0.770,38.530,38.150,38.259,8.266,1887,local,36.351,75.462,64
AD_2026.09.24_AP0.5W3.3.oir,1,10,389.3,616.9,1122,0.902,1805.085,2991.195,41.184,10.163,2136,local,36.351,75.462,4095
AD_2026.09.24_AP0.5W3.3.oir,1,11,1546.9,618.3,1442,0.908,1260.792,2315.544,39.862,9.496,2300,local,36.351,75.462,4095
AD_2026.09.24_AP0.5W3.3.oir,1,12,1723.0,626.3,1329,0.799,52.354,50.813,39.579,7.155,1636,local,36.351,75.462,85
AD_2026.09.24_AP0.5W3.3.oir,1,13,1838.0,669.6,897,0.788,2304.259,1727.112,87.903,37.257,1108,local,36.351,75.462,4095
AD_2026.09.24_AP0.5W3.3.oir,1,14,1832.8,714.6,1226,0.894,53.963,53.458,43.873,15.841,1737,local,36.351,75.462,99
AD_2026.09.24_AP0.5W3.3.oir,1,15,1983.4,831.1,1093,0.880,2667.822,3774.317,47.408,16.522,1643,local,36.351,75.462,4095
AD_2026.09.24_AP0.5W3.3.oir,1,16,1939.9,832.9,1240,0.903,159.699,210.708,36.633,11.586,1704,local,36.351,75.462,577
AD_2026.09.24_AP0.5W3.3.oir,1,17,1004.2,868.2,614,0.737,35.386,35.306,34.932,6.283,983,local,36.351,75.462,69
AD_2026.09.24_AP0.5W3.3.oir,1,18,556.5,915.4,1227,0.898,927.074,1595.840,37.894,7.474,2193,local,36.351,75.462,4095
AD_2026.09.24_AP0.5W3.3.oir,1,19,463.6,922.8,1104,0.891,1450.890,2408.994,42.209,11.156,2137,local,36.351,75.462,4095
AD_2026.09.24_AP0.5W3.3.oir,1,20,289.5,1216.0,2022,0.806,35.826,35.904,35.479,6.099,1116,local,36.351,75.462,59
AD_2026.09.24_AP0.5W3.3.oir,1,21,1868.2,1222.8,999,0.902,2403.818,3708.934,44.132,13.444,2066,local,36.351,75.462,4095
AD_2026.09.24_AP0.5W3.3.oir,1,22,371.0,1471.4,835,0.914,218.278,287.441,35.215,6.283,1969,local,36.351,75.462,736
AD_2026.09.24_AP0.5W3.3.oir,1,23,177.6,1600.7,876,0.900,120.532,148.410,36.320,6.094,1999,local,36.351,75.462,275
AD_2026.09.24_AP0.5W3.3.oir,1,24,268.8,1612.3,943,0.912,3335.376,2645.419,67.550,26.290,1997,local,36.351,75.462,4095
AD_2026.09.24_AP0.5W3.3.oir,1,25,1634.7,1622.4,1102,0.881,276.014,422.142,34.780,6.256,2135,local,36.351,75.462,945
AD_2026.09.24_AP0.5W3.3.oir,1,26,1358.5,1639.0,907,0.899,124.466,152.795,35.330,6.375,2019,local,36.351,75.462,274
AD_2026.09.24_AP0.5W3.3.oir,1,27,1318.3,1701.2,828,0.892,2093.854,3127.913,44.688,13.837,1788,local,36.351,75.462,4095
AD_2026.09.24_AP0.5W3.3.oir,1,28,1032.2,1804.2,1217,0.881,2112.896,3434.366,43.429,11.087,2203,local,36.351,75.462,4095
AD_2026.09.24_AP0.5W4.1.oir,1,1,1588.7,135.6,1421,0.766,29.956,29.896,28.580,4.937,1648,local,28.756,4.905,52
AD_2026.09.24_AP0.5W4.1.oir,1,2,243.6,441.1,1557,0.839,204.825,178.649,28.760,5.022,2400,local,28.756,4.905,448
AD_2026.09.24_AP0.5W4.1.oir,1,3,1856.1,505.1,1044,0.853,78.650,86.214,28.561,4.949,2131,local,28.756,4.905,171
AD_2026.09.24_AP0.5W4.1.oir,1,4,1931.0,661.9,1283,0.843,88.826,82.477,28.803,4.979,2264,local,28.756,4.905,181
AD_2026.09.24_AP0.5W4.1.oir,1,5,690.3,687.4,1473,0.798,203.149,218.346,29.027,5.032,1862,local,28.756,4.905,428
AD_2026.09.24_AP0.5W4.1.oir,1,6,644.6,708.3,1523,0.808,149.363,126.520,28.606,4.821,1836,local,28.756,4.905,356
AD_2026.09.24_AP0.5W4.1.oir,1,7,1992.5,707.2,1559,0.861,35.478,33.130,28.433,4.861,2386,local,28.756,4.905,61
AD_2026.09.24_AP0.5W4.1.oir,1,8,1301.4,760.6,1633,0.860,34.394,32.083,28.957,4.778,2419,local,28.756,4.905,63
AD_2026.09.24_AP0.5W4.1.oir,1,9,1076.5,876.1,1628,0.863,32.344,30.338,28.807,4.940,2407,local,28.756,4.905,55
AD_2026.09.24_AP0.5W4.1.oir,1,10,1564.3,906.1,1161,0.887,33.929,33.273,29.103,5.102,1885,local,28.756,4.905,56
AD_2026.09.24_AP0.5W4.1.oir,1,11,1608.4,985.7,652,0.765,82.397,86.343,29.573,4.908,1281,local,28.756,4.905,129
AD_2026.09.24_AP0.5W4.1.oir,1,12,1968.2,999.7,1924,0.870,45.624,41.524,28.836,4.812,2542,local,28.756,4.905,96
AD_2026.09.24_AP0.5W4.1.oir,1,13,1239.0,1301.2,939,0.846,180.591,201.546,29.084,4.960,2048,local,28.756,4.905,374
AD_2026.09.24_AP0.5W4.1.oir,1,14,111.7,1310.0,1254,0.834,212.390,220.985,29.039,5.103,2251,local,28.756,4.905,424
AD_2026.09.24_AP0.5W4.1.oir,1,15,744.4,1379.1,1263,0.837,118.404,107.051,28.736,5.024,2269,local,28.756,4.905,248
AD_2026.09.24_AP0.5W4.1.oir,1,16,110.5,1384.8,700,0.730,208.031,219.449,29.404,5.233,1686,local,28.756,4.905,360
AD_2026.09.24_AP0.5W4.1.oir,1,17,1953.7,1408.0,1989,0.774,29.001,29.089,28.827,4.969,2330,local,28.756,4.905,48
AD_2026.09.24_AP0.5W4.1.oir,1,18,140.0,1428.3,943,0.871,104.595,96.515,29.424,4.968,1825,local,28.756,4.905,208
AD_2026.09.24_AP0.5W4.1.oir,1,19,1925.6,1487.2,1310,0.856,546.702,499.306,29.994,5.522,2268,local,28.756,4.905,872
AD_2026.09.24_AP0.5W4.1.oir,1,20,2012.5,1606.4,557,0.785,206.068,216.241,29.280,4.819,1270,local,28.756,4.905,397
AD_2026.09.24_AP0.5W4.1.oir,1,21,2010.3,1642.6,1183,0.828,111.092,102.019,29.155,4.884,1630,local,28.756,4.905,317
AD_2026.09.24_AP0.5W4.1.oir,1,22,661.3,1750.6,778,0.815,44.243,45.826,29.404,5.000,1471,local,28.756,4.905,70
AD_2026.09.24_AP0.5W4.1.oir,1,23,625.0,1780.8,574,0.724,47.749,48.992,29.473,5.082,1333,local,28.756,4.905,92
AD_2026.09.24_AP0.5W4.1.oir,1,24,1853.8,1815.2,1482,0.864,32.422,31.033,28.805,4.892,2355,local,28.756,4.905,52
AD_2026.09.24_AP0.5W4.1.oir,1,25,775.0,1914.4,1072,0.839,35.429,33.648,28.854,4.878,2158,local,28.756,4.905,59
AD_2026.09.24_AP0.5W4.1_0001.oir,1,1,983.8,53.8,904,0.844,119.351,130.079,41.845,6.925,2051,local,46.271,30.338,215
AD_2026.09.24_AP0.5W4.1_0001.oir,1,2,1492.2,85.6,1227,0.887,296.640,418.002,42.034,7.100,2203,local,46.271,30.338,935
AD_2026.09.24_AP0.5W4.1_0001.oir,1,3,1354.8,385.8,885,0.883,1771.601,2764.278,44.070,7.907,2015,local,46.271,30.338,4095
AD_2026.09.24_AP0.5W4.1_0001.oir,1,4,1094.7,504.8,969,0.826,3434.594,3580.728,65.498,31.292,1613,local,46.271,30.338,4095
AD_2026.09.24_AP0.5W4.1_0001.oir,1,5,1082.8,548.5,1374,0.822,121.976,127.216,64.530,26.235,1399,local,46.271,30.338,783
AD_2026.09.24_AP0.5W4.1_0001.oir,1,6,1016.8,557.4,2370,0.828,2141.600,1720.177,55.015,18.745,2366,local,46.271,30.338,4095
AD_2026.09.24_AP0.5W4.1_0001.oir,1,7,288.0,604.4,825,0.866,2043.393,2858.183,53.058,11.772,1978,local,46.271,30.338,4095
AD_2026.09.24_AP0.5W4.1_0001.oir,1,8,1283.4,705.8,2350,0.841,49.951,49.411,47.653,8.931,1704,local,46.271,30.338,84
AD_2026.09.24_AP0.5W4.1_0001.oir,1,9,1226.0,721.2,2219,0.766,48.799,48.788,45.612,7.901,1416,local,46.271,30.338,83
AD_2026.09.24_AP0.5W4.1_0001.oir,1,10,1640.9,784.4,1976,0.880,70.799,66.450,54.261,11.999,2465,local,46.271,30.338,124
AD_2026.09.24_AP0.5W4.1_0001.oir,1,11,683.5,1041.5,1148,0.885,3419.458,2779.808,67.576,25.476,1972,local,46.271,30.338,4095
AD_2026.09.24_AP0.5W4.1_0001.oir,1,12,733.9,1073.5,1146,0.897,160.336,208.329,52.706,22.783,1971,local,46.271,30.338,418
AD_2026.09.24_AP0.5W4.1_0001.oir,1,13,1597.4,1282.4,661,0.825,3473.750,3949.139,59.620,25.278,1896,local,46.271,30.338,4095
AD_2026.09.24_AP0.5W4.1_0001.oir,1,14,557.2,1287.3,1027,0.893,142.780,160.088,47.268,7.683,2095,local,46.271,30.338,284
AD_2026.09.24_AP0.5W4.1_0001.oir,1,15,2000.5,1358.1,1296,0.883,229.398,140.579,51.013,9.794,2240,local,46.271,30.338,698
AD_2026.09.24_AP0.5W4.1_0001.oir,1,16,1907.7,1398.0,2111,0.762,48.125,47.918,46.466,7.804,1912,local,46.271,30.338,76
AD_2026.09.24_AP0.5W4.1_0001.oir,1,17,737.6,1508.3,883,0.863,1269.254,1860.357,50.547,9.689,2029,local,46.271,30.338,4095
AD_2026.09.24_AP0.5W4.1_0001.oir,1,18,1077.4,1619.0,1191,0.865,2749.097,3358.951,65.765,29.242,2200,local,46.271,30.338,4095
AD_2026.09.24_AP0.5W4.1_0001.oir,1,19,1424.6,1637.8,1245,0.881,1985.894,2854.582,52.613,10.436,2218,local,46.271,30.338,4095
AD_2026.09.24_AP0.5W4.1_0001.oir,1,20,63.7,1640.2,622,0.773,372.773,418.087,57.199,9.224,1862,local,46.271,30.338,1882
AD_2026.09.24_AP0.5W4.1_0001.oir,1,21,407.6,1651.4,734,0.725,3040.048,3066.660,137.977,471.355,1979,local,46.271,30.338,4095
AD_2026.09.24_AP0.5W4.1_0001.oir,1,22,565.3,1813.8,1016,0.863,830.354,1121.457,53.122,9.004,2105,local,46.271,30.338,3681
AD_2026.09.24_AP0.5W4.1_0001.oir,1,23,39.7,1946.4,752,0.888,370.309,472.059,65.040,9.750,1928,local,46.271,30.338,993
AD_2026.09.24_AP0.5W4.2.oir,1,1,1590.8,233.2,1307,0.861,30.599,29.545,28.533,4.827,2270,local,28.690,5.588,51
AD_2026.09.24_AP0.5W4.2.oir,1,2,1329.6,486.0,1699,0.831,51.401,46.872,28.665,5.061,2477,local,28.690,5.588,103
AD_2026.09.24_AP0.5W4.2.oir,1,3,455.2,508.7,1474,0.858,32.904,31.227,28.491,4.891,2351,local,28.690,5.588,57
AD_2026.09.24_AP0.5W4.2.oir,1,4,1626.7,541.6,1687,0.858,49.059,43.094,28.701,4.872,2443,local,28.690,5.588,102
AD_2026.09.24_AP0.5W4.2.oir,1,5,1832.3,717.2,1336,0.838,79.499,81.492,28.963,4.945,2297,local,28.690,5.588,184
AD_2026.09.24_AP0.5W4.2.oir,1,6,260.1,1015.3,1570,0.856,146.318,166.131,28.877,4.877,2405,local,28.690,5.588,299
AD_2026.09.24_AP0.5W4.2.oir,1,7,1343.1,1115.9,1808,0.846,117.232,107.498,28.950,4.976,2517,local,28.690,5.588,265
AD_2026.09.24_AP0.5W4.2.oir,1,8,273.7,1247.0,1500,0.854,216.585,247.755,28.914,4.866,2368,local,28.690,5.588,464
AD_2026.09.24_AP0.5W4.2.oir,1,9,1047.9,1527.7,1368,0.848,33.023,31.550,28.729,5.010,2310,local,28.690,5.588,55
AD_2026.09.24_AP0.5W4.2.oir,1,10,1875.8,1643.1,817,0.815,30.337,29.631,28.648,4.908,2014,local,28.690,5.588,51
AD_2026.09.24_AP0.5W4.2.oir,1,11,275.0,1766.5,570,0.825,30.807,31.030,28.868,4.876,1794,local,28.690,5.588,48
AD_2026.09.24_AP0.5W4.2.oir,1,12,513.8,1895.5,601,0.757,28.769,28.831,28.973,4.926,901,local,28.690,5.588,45
AD_2026.09.24_AP0.5W4.2_0001.oir,1,1,1590.5,232.9,1302,0.843,30.946,29.813,28.478,4.809,2262,local,28.683,5.588,50
AD_2026.09.24_AP0.5W4.2_0001.oir,1,2,1329.2,485.6,1691,0.845,51.293,47.070,28.636,4.850,2462,local,28.683,5.588,96
AD_2026.09.24_AP0.5W4.2_0001.oir,1,3,454.7,508.6,1467,0.860,33.130,31.925,28.605,4.908,2349,local,28.683,5.588,53
AD_2026.09.24_AP0.5W4.2_0001.oir,1,4,1626.4,541.3,1691,0.845,49.400,43.993,29.032,4.860,2465,local,28.683,5.588,95
AD_2026.09.24_AP0.5W4.2_0001.oir,1,5,1832.3,717.2,1352,0.845,79.691,79.980,28.907,4.967,2301,local,28.683,5.588,167
AD_2026.09.24_AP0.5W4.2_0001.oir,1,6,259.6,1015.5,1592,0.855,148.946,167.234,28.703,4.865,2411,local,28.683,5.588,353
AD_2026.09.24_AP0.5W4.2_0001.oir,1,7,1342.6,1115.5,1795,0.845,120.123,112.219,28.735,4.896,2514,local,28.683,5.588,266
AD_2026.09.24_AP0.5W4.2_0001.oir,1,8,273.3,1247.2,1529,0.856,220.687,247.625,29.204,5.049,2381,local,28.683,5.588,504
AD_2026.09.24_AP0.5W4.2_0001.oir,1,9,1047.4,1527.3,1356,0.841,33.367,32.154,28.828,5.005,2308,local,28.683,5.588,55
AD_2026.09.24_AP0.5W4.2_0001.oir,1,10,1875.5,1642.9,809,0.824,30.283,29.627,28.610,4.828,2002,local,28.683,5.588,50
AD_2026.09.24_AP0.5W4.2_0001.oir,1,11,274.7,1766.3,566,0.814,30.323,30.540,28.521,4.823,1841,local,28.683,5.588,47
AD_2026.09.24_AP0.5W4.2_0001.oir,1,12,469.5,1868.4,1503,0.714,29.600,29.568,28.720,4.876,1259,local,28.683,5.588,47
AD_2026.09.24_AP0.5W4.2_0001.oir,1,13,513.0,1895.1,609,0.742,29.048,29.169,28.968,4.987,931,local,28.683,5.588,51
AD_2026.09.24_AP0.5W4.2_0002.oir,1,1,743.4,68.7,1317,0.896,227.615,322.988,39.048,6.445,2241,local,42.822,50.646,769
AD_2026.09.24_AP0.5W4.2_0002.oir,1,2,1395.4,135.8,1196,0.899,1412.033,2375.831,42.597,8.547,2182,local,42.822,50.646,4095
AD_2026.09.24_AP0.5W4.2_0002.oir,1,3,1599.0,204.5,978,0.901,1045.889,1670.371,40.357,7.075,2061,local,42.822,50.646,3936
AD_2026.09.24_AP0.5W4.2_0002.oir,1,4,938.8,604.2,1100,0.882,1811.989,2949.584,47.007,10.966,2142,local,42.822,50.646,4095
AD_2026.09.24_AP0.5W4.2_0002.oir,1,5,164.3,769.8,779,0.872,3393.372,4009.476,70.678,33.551,1944,local,42.822,50.646,4095
AD_2026.09.24_AP0.5W4.2_0002.oir,1,6,471.4,800.4,920,0.886,1841.934,2762.703,46.936,11.218,2033,local,42.822,50.646,4095
AD_2026.09.24_AP0.5W4.2_0002.oir,1,7,521.0,969.5,870,0.861,916.655,1392.487,44.430,8.276,2018,local,42.822,50.646,4028
AD_2026.09.24_AP0.5W4.2_0002.oir,1,8,342.8,1073.4,878,0.881,212.525,265.058,42.554,6.976,2011,local,42.822,50.646,561
AD_2026.09.24_AP0.5W4.2_0002.oir,1,9,1111.4,1332.9,1125,0.887,655.184,1034.889,43.918,7.735,2154,local,42.822,50.646,2938
AD_2026.09.24_AP0.5W4.2_0002.oir,1,10,489.6,1395.9,1656,0.783,112.217,99.942,66.416,12.411,1419,local,42.822,50.646,195
AD_2026.09.24_AP0.5W4.2_0002.oir,1,11,467.4,1433.0,1136,0.791,63.927,63.687,52.367,10.622,1596,local,42.822,50.646,126
AD_2026.09.24_AP0.5W4.2_0002.oir,1,12,734.0,1517.3,958,0.891,2600.898,3717.623,48.982,9.634,2046,local,42.822,50.646,4095
AD_2026.09.24_AP0.5W4.2_0002.oir,1,13,987.1,1534.4,1050,0.892,3955.911,3832.441,79.029,32.309,2105,local,42.822,50.646,4095
AD_2026.09.24_AP0.5W4.2_0002.oir,1,14,456.8,1597.4,1710,0.870,46.077,46.065,45.605,7.736,2179,local,42.822,50.646,76
AD_2026.09.24_AP0.5W4.2_0002.oir,1,15,1048.5,1630.0,974,0.906,3048.987,3988.896,54.295,12.391,2056,local,42.822,50.646,4095
AD_2026.09.24_AP0.5W4.2_0002.oir,1,16,1692.6,1676.1,1030,0.892,1500.077,2405.886,47.599,9.018,2097,local,42.822,50.646,4095
AD_2026.09.24_AP0.5W4.2_0002.oir,1,17,1221.5,1728.9,2031,0.899,3180.782,2538.819,71.871,23.490,2560,local,42.822,50.646,4095
AD_2026.09.24_AP0.5W4.2_0002.oir,1,18,1568.6,1736.1,1111,0.881,53.343,52.173,46.882,7.787,2146,local,42.822,50.646,86
AD_2026.09.24_AP0.5W4.2_0002.oir,1,19,410.8,1803.0,584,0.736,1547.406,1808.211,86.770,243.886,940,local,42.822,50.646,4095
AD_2026.09.24_AP0.5W4.2_0002.oir,1,20,1825.0,1889.6,657,0.801,2692.307,3230.576,100.133,268.722,1878,local,42.822,50.646,4095
AD_2026.09.24_AP0.5W4.2_0002.oir,1,21,1095.8,1924.8,1031,0.905,2082.215,3276.398,52.148,10.050,2084,local,42.822,50.646,4095
AD_2026.09.24_AP0.5W4.2_0002.oir,1,22,1345.5,1941.7,1152,0.893,495.991,766.022,45.675,7.425,2160,local,42.822,50.646,1877
AD_2026.09.24_AP0.5W4.2_0002.oir,1,23,1856.3,1974.2,1472,0.754,53.666,52.680,49.418,8.091,1088,local,42.822,50.646,110
AD_2026.09.24_AP0.5W4.2_0002.oir,1,24,189.5,1989.9,924,0.824,67.459,66.045,56.949,8.874,1504,local,42.822,50.646,104
AD_2026.09.24_AP0.5W4.2_0002.oir,1,25,492.2,2002.5,1369,0.891,3563.614,3114.258,78.138,25.838,2272,local,42.822,50.646,4095
AD_2026.09.24_AP0.5W4.3.oir,1,1,2006.2,108.7,1281,0.735,375.795,297.259,29.462,5.122,1878,local,28.818,4.901,601
AD_2026.09.24_AP0.5W4.3.oir,1,2,667.3,120.4,1641,0.837,160.997,152.305,28.873,4.961,2318,local,28.818,4.901,363
AD_2026.09.24_AP0.5W4.3.oir,1,3,706.7,377.2,1394,0.845,121.524,111.336,28.863,4.878,1949,local,28.818,4.901,251
AD_2026.09.24_AP0.5W4.3.oir,1,4,859.0,536.9,916,0.821,111.110,125.004,29.630,4.946,1550,local,28.818,4.901,182
AD_2026.09.24_AP0.5W4.3.oir,1,5,1793.9,802.9,1949,0.757,171.736,136.647,28.999,4.990,2656,local,28.818,4.901,415
AD_2026.09.24_AP0.5W4.3.oir,1,6,1430.1,863.9,958,0.831,315.826,269.919,29.284,5.035,1964,local,28.818,4.901,466
AD_2026.09.24_AP0.5W4.3.oir,1,7,364.6,1138.0,1751,0.773,123.423,95.478,28.972,4.966,1714,local,28.818,4.901,278
AD_2026.09.24_AP0.5W4.3.oir,1,8,413.1,1147.0,1176,0.795,42.033,40.360,28.846,4.941,1671,local,28.818,4.901,83
AD_2026.09.24_AP0.5W4.3.oir,1,9,982.9,1151.4,1244,0.740,37.228,35.413,29.080,4.784,1479,local,28.818,4.901,67
AD_2026.09.24_AP0.5W4.3.oir,1,10,1868.1,1229.1,1137,0.828,489.499,358.708,29.495,4.979,1877,local,28.818,4.901,758
AD_2026.09.24_AP0.5W4.3.oir,1,11,615.1,1505.6,1536,0.752,158.573,130.161,28.936,4.841,2277,local,28.818,4.901,363
AD_2026.09.24_AP0.5W4.3.oir,1,12,352.9,1518.6,1101,0.788,62.975,60.505,28.813,5.040,1595,local,28.818,4.901,120
AD_2026.09.24_AP0.5W4.3.oir,1,13,1346.5,1645.6,1291,0.786,120.643,98.238,29.057,4.947,2246,local,28.818,4.901,310
AD_2026.09.24_AP0.5W4.3.oir,1,14,114.1,1931.0,1987,0.766,167.319,142.422,29.026,4.849,2668,local,28.818,4.901,400
AD_2026.09.24_AP0.5W4.3.oir,1,15,962.6,1947.6,1640,0.769,139.259,117.351,29.101,4.902,2499,local,28.818,4.901,344
AD_2026.09.24_AP0.5W4.3.oir,1,16,341.4,1949.5,1742,0.797,46.742,43.620,28.863,4.909,2257,local,28.818,4.901,97
AD_2026.09.24_AP0.5W4.3.oir,1,17,754.3,1993.4,1179,0.707,279.925,222.025,29.339,5.021,2319,local,28.818,4.901,572
AD_2026.09.24_AP0.5W4.3_0001.oir,1,1,1540.3,169.0,1173,0.905,109.902,134.898,35.787,6.044,2161,local,42.472,113.647,240
AD_2026.09.24_AP0.5W4.3_0001.oir,1,2,1702.4,384.5,1139,0.903,1808.279,3109.937,44.354,13.140,2150,local,42.472,113.647,4095
AD_2026.09.24_AP0.5W4.3_0001.oir,1,3,1385.2,394.6,1228,0.895,204.432,127.004,43.665,9.893,1814,local,42.472,113.647,652
AD_2026.09.24_AP0.5W4.3_0001.oir,1,4,557.1,435.4,887,0.894,847.851,1324.473,39.775,7.359,2008,local,42.472,113.647,3310
AD_2026.09.24_AP0.5W4.3_0001.oir,1,5,1365.2,441.7,1195,0.817,65.574,62.356,46.101,10.345,1216,local,42.472,113.647,108
AD_2026.09.24_AP0.5W4.3_0001.oir,1,6,1431.4,467.2,703,0.762,1620.686,2153.528,47.646,16.938,1370,local,42.472,113.647,4095
AD_2026.09.24_AP0.5W4.3_0001.oir,1,7,528.9,535.1,1677,0.844,213.679,178.443,52.494,15.473,1900,local,42.472,113.647,582
AD_2026.09.24_AP0.5W4.3_0001.oir,1,8,547.7,577.7,1155,0.853,3399.874,2815.729,71.209,24.070,1580,local,42.472,113.647,4095
AD_2026.09.24_AP0.5W4.3_0001.oir,1,9,627.7,791.9,880,0.891,1007.194,1555.037,42.529,9.838,1999,local,42.472,113.647,3923
AD_2026.09.24_AP0.5W4.3_0001.oir,1,10,1799.1,1072.6,1272,0.892,829.432,1433.515,39.537,7.066,2224,local,42.472,113.647,3266
AD_2026.09.24_AP0.5W4.3_0001.oir,1,11,349.2,1081.5,688,0.899,321.004,421.077,39.955,6.899,1881,local,42.472,113.647,1225
AD_2026.09.24_AP0.5W4.3_0001.oir,1,12,605.2,1089.7,1255,0.888,157.433,216.395,38.887,6.637,2219,local,42.472,113.647,380
AD_2026.09.24_AP0.5W4.3_0001.oir,1,13,503.6,1113.3,830,0.837,2909.347,3747.976,61.708,35.123,2005,local,42.472,113.647,4095
AD_2026.09.24_AP0.5W4.3_0001.oir,1,14,377.1,1333.9,852,0.881,2279.453,3193.972,52.535,21.630,1994,local,42.472,113.647,4095
AD_2026.09.24_AP0.5W4.3_0001.oir,1,15,525.5,1549.6,761,0.897,1195.139,1741.804,44.332,8.754,1922,local,42.472,113.647,4095
AD_2026.09.24_AP0.5W4.3_0001.oir,1,16,1034.5,1567.3,1036,0.901,459.011,268.656,52.110,12.351,2097,local,42.472,113.647,1216
AD_2026.09.24_AP0.5W4.3_0001.oir,1,17,167.3,1625.3,1994,0.864,349.786,169.878,55.427,11.892,2069,local,42.472,113.647,1102
AD_2026.09.24_AP0.5W4.3_0001.oir,1,18,1324.8,1651.8,2100,0.814,44.292,44.639,43.700,7.353,1342,local,42.472,113.647,72
AD_2026.09.24_AP0.5W4.3_0001.oir,1,19,1379.9,1724.1,1394,0.802,126.969,108.514,57.452,11.323,1542,local,42.472,113.647,233
AD_2026.09.24_AP0.5W4.3_0001.oir,1,20,156.2,1746.5,1901,0.846,45.393,44.822,44.367,7.488,2032,local,42.472,113.647,75
AD_2026.09.24_AP0.5W4.3_0001.oir,1,21,182.7,1920.1,872,0.835,2303.112,3134.835,60.435,28.564,2027,local,42.472,113.647,4095
AD_2026.09.24_AP0.5W4.3_0001.oir,1,22,1908.2,1975.1,865,0.899,1774.813,920.826,59.131,16.108,1992,local,42.472,113.647,4095
AD_2026.09.24_AP1W5.1.oir,1,1,1250.3,90.3,1417,0.899,1964.986,3115.640,61.699,10.647,2293,local,71.809,43.126,4095
AD_2026.09.24_AP1W5.1.oir,1,2,395.0,108.0,907,0.907,3978.940,3939.771,90.007,22.499,1553,local,71.809,43.126,4095
AD_2026.09.24_AP1W5.1.oir,1,3,1000.4,132.1,734,0.725,378.940,465.000,71.145,91.488,1981,local,71.809,43.126,1177
AD_2026.09.24_AP1W5.1.oir,1,4,394.6,149.2,942,0.906,1403.124,2090.895,76.274,17.648,1584,local,71.809,43.126,4095
AD_2026.09.24_AP1W5.1.oir,1,5,709.2,260.2,927,0.862,429.431,592.680,59.784,9.238,2050,local,71.809,43.126,1186
AD_2026.09.24_AP1W5.1.oir,1,6,655.8,327.2,1411,0.903,334.086,493.515,61.452,9.153,2289,local,71.809,43.126,984
AD_2026.09.24_AP1W5.1.oir,1,7,1814.3,351.3,868,0.796,318.302,233.800,60.519,12.596,898,local,71.809,43.126,772
AD_2026.09.24_AP1W5.1.oir,1,8,1775.6,382.3,1905,0.851,55.218,56.734,55.441,13.311,1905,local,71.809,43.126,113
AD_2026.09.24_AP1W5.1.oir,1,9,818.1,383.0,833,0.908,220.267,280.727,59.070,8.951,1965,local,71.809,43.126,630
AD_2026.09.24_AP1W5.1.oir,1,10,1048.0,387.9,2038,0.761,67.591,67.149,64.738,9.735,2313,local,71.809,43.126,102
AD_2026.09.24_AP1W5.1.oir,1,11,728.5,431.3,696,0.905,3584.226,4084.707,75.739,18.859,1878,local,71.809,43.126,4095
AD_2026.09.24_AP1W5.1.oir,1,12,852.9,648.3,1211,0.894,1794.846,2758.458,66.691,10.566,2191,local,71.809,43.126,4095
AD_2026.09.24_AP1W5.1.oir,1,13,1252.7,713.3,1008,0.910,341.332,477.317,63.522,9.992,2068,local,71.809,43.126,912
AD_2026.09.24_AP1W5.1.oir,1,14,1304.1,943.3,605,0.887,306.074,375.473,62.645,9.584,1824,local,71.809,43.126,804
AD_2026.09.24_AP1W5.1.oir,1,15,38.9,968.3,1093,0.898,266.091,338.646,78.766,10.941,2078,local,71.809,43.126,573
AD_2026.09.24_AP1W5.1.oir,1,16,151.1,1021.2,2464,0.845,102.012,96.978,88.435,13.737,2331,local,71.809,43.126,159
AD_2026.09.24_AP1W5.1.oir,1,17,1726.0,1107.3,819,0.896,3998.062,4095.000,88.546,23.361,1965,local,71.809,43.126,4095
AD_2026.09.24_AP1W5.1.oir,1,18,143.0,1160.5,778,0.862,3124.640,3567.333,91.369,14.290,1668,local,71.809,43.126,4095
AD_2026.09.24_AP1W5.1.oir,1,19,603.3,1198.6,1422,0.882,113.719,107.021,88.273,12.996,2166,local,71.809,43.126,176
AD_2026.09.24_AP1W5.1.oir,1,20,92.5,1220.0,1572,0.780,90.275,90.263,90.898,13.682,1748,local,71.809,43.126,131
AD_2026.09.24_AP1W5.1.oir,1,21,625.3,1263.9,1565,0.886,81.690,81.029,78.704,11.536,2090,local,71.809,43.126,146
AD_2026.09.24_AP1W5.1.oir,1,22,620.7,1352.4,1526,0.823,78.179,77.432,76.765,10.860,2405,local,71.809,43.126,113
AD_2026.09.24_AP1W5.1.oir,1,23,740.0,1349.0,996,0.895,3730.949,3864.251,95.110,20.465,2076,local,71.809,43.126,4095
AD_2026.09.24_AP1W5.1.oir,1,24,653.2,1471.2,1044,0.904,3544.332,3009.307,113.300,29.989,2091,local,71.809,43.126,4095
AD_2026.09.24_AP1W5.1.oir,1,25,101.6,1581.5,2123,0.720,272.860,247.220,101.423,12.615,1886,local,71.809,43.126,923
AD_2026.09.24_AP1W5.1.oir,1,26,654.2,1594.2,1106,0.769,105.307,104.636,94.280,13.785,1034,local,71.809,43.126,156
AD_2026.09.24_AP1W5.1.oir,1,27,1998.0,1605.3,1231,0.886,3855.285,3606.859,111.863,27.080,2207,local,71.809,43.126,4095
AD_2026.09.24_AP1W5.1.oir,1,28,557.0,1625.1,1894,0.729,120.805,115.933,98.743,14.273,1781,local,71.809,43.126,174
AD_2026.09.24_AP1W5.1.oir,1,29,1902.5,1629.0,1006,0.917,528.637,719.681,76.352,10.767,2057,local,71.809,43.126,1176
AD_2026.09.24_AP1W5.1.oir,1,30,166.4,1652.3,2044,0.843,102.453,103.582,102.753,13.307,1956,local,71.809,43.126,151
AD_2026.09.24_AP1W5.1.oir,1,31,208.0,1680.6,1323,0.848,104.480,103.842,101.012,13.104,1681,local,71.809,43.126,164
AD_2026.09.24_AP1W5.1.oir,1,32,1781.2,1853.8,786,0.893,417.656,531.995,84.615,11.665,1947,local,71.809,43.126,958
AD_2026.09.24_AP1W5.1.oir,1,33,1319.7,1916.2,1149,0.880,2796.755,1975.019,108.952,20.421,2165,local,71.809,43.126,4095
AD_2026.09.24_AP1W5.1_0001.oir,1,1,1969.6,98.3,2267,0.839,587.191,340.713,55.248,15.824,2233,local,47.509,73.509,3703
AD_2026.09.24_AP1W5.1_0001.oir,1,2,1919.4,113.1,1069,0.800,49.713,50.298,47.327,8.617,1657,local,47.509,73.509,114
AD_2026.09.24_AP1W5.1_0001.oir,1,3,1219.5,277.7,838,0.893,3250.591,4049.960,82.855,51.240,1972,local,47.509,73.509,4095
AD_2026.09.24_AP1W5.1_0001.oir,1,4,39.2,384.2,1495,0.873,51.594,51.052,49.698,8.383,2083,local,47.509,73.509,83
AD_2026.09.24_AP1W5.1_0001.oir,1,5,430.1,386.3,1213,0.881,278.129,418.877,44.165,7.324,2014,local,47.509,73.509,819
AD_2026.09.24_AP1W5.1_0001.oir,1,6,98.9,457.7,793,0.736,91.267,90.541,64.892,12.377,934,local,47.509,73.509,151
AD_2026.09.24_AP1W5.1_0001.oir,1,7,139.2,475.3,1379,0.824,82.223,79.916,57.575,11.657,1556,local,47.509,73.509,155
AD_2026.09.24_AP1W5.1_0001.oir,1,8,1462.3,614.7,939,0.918,759.262,1130.759,46.151,9.093,2025,local,47.509,73.509,2545
AD_2026.09.24_AP1W5.1_0001.oir,1,9,1077.3,738.9,1079,0.900,260.786,369.802,45.380,7.665,2111,local,47.509,73.509,739
AD_2026.09.24_AP1W5.1_0001.oir,1,10,437.2,969.7,1083,0.825,69.109,67.524,52.226,9.981,2162,local,47.509,73.509,161
AD_2026.09.24_AP1W5.1_0001.oir,1,11,1958.0,1007.8,1062,0.911,2703.769,3828.765,61.751,24.326,2103,local,47.509,73.509,4095
AD_2026.09.24_AP1W5.1_0001.oir,1,12,162.3,1050.4,1064,0.856,53.523,53.778,55.025,11.432,1506,local,47.509,73.509,81
AD_2026.09.24_AP1W5.1_0001.oir,1,13,1140.9,1066.4,717,0.701,48.077,47.693,48.895,8.909,1380,local,47.509,73.509,74
AD_2026.09.24_AP1W5.1_0001.oir,1,14,184.3,1093.4,1465,0.768,73.372,71.982,60.570,11.393,1225,local,47.509,73.509,113
AD_2026.09.24_AP1W5.1_0001.oir,1,15,1201.9,1096.4,1267,0.822,64.504,63.184,55.949,9.006,1557,local,47.509,73.509,100
AD_2026.09.24_AP1W5.1_0001.oir,1,16,905.9,1151.7,1556,0.881,61.247,59.631,54.615,10.168,2368,local,47.509,73.509,101
AD_2026.09.24_AP1W5.1_0001.oir,1,17,814.1,1194.2,1589,0.801,57.816,55.811,55.427,16.316,1948,local,47.509,73.509,169
AD_2026.09.24_AP1W5.1_0001.oir,1,18,1882.8,1225.4,1154,0.887,237.487,191.157,75.900,26.703,1556,local,47.509,73.509,468
AD_2026.09.24_AP1W5.1_0001.oir,1,19,1852.8,1265.1,1041,0.881,3848.185,4042.841,80.488,35.102,1723,local,47.509,73.509,4095
AD_2026.09.24_AP1W5.1_0001.oir,1,20,1639.4,1269.1,669,0.895,3192.870,3842.974,74.605,35.474,1864,local,47.509,73.509,4095
AD_2026.09.24_AP1W5.1_0001.oir,1,21,868.1,1290.2,1380,0.891,304.167,222.801,75.367,19.756,2281,local,47.509,73.509,644
AD_2026.09.24_AP1W5.1_0001.oir,1,22,472.8,1359.0,1209,0.849,1106.998,683.038,55.982,14.407,1685,local,47.509,73.509,3760
AD_2026.09.24_AP1W5.1_0001.oir,1,23,505.9,1386.3,996,0.820,1805.898,2675.996,58.224,16.114,1587,local,47.509,73.509,4095
AD_2026.09.24_AP1W5.1_0001.oir,1,24,34.3,1548.9,1047,0.889,3931.492,4044.225,87.819,30.698,2020,local,47.509,73.509,4095
AD_2026.09.24_AP1W5.1_0001.oir,1,25,563.1,1770.3,1073,0.814,385.727,336.679,129.464,33.066,1680,local,47.509,73.509,628
AD_2026.09.24_AP1W5.1_0001.oir,1,26,574.9,1812.4,584,0.780,242.795,258.631,80.272,41.554,979,local,47.509,73.509,544
AD_2026.09.24_AP1W5.2.oir,1,1,617.6,300.8,1322,0.893,319.483,493.081,43.029,7.421,2246,local,47.626,54.074,1100
AD_2026.09.24_AP1W5.2.oir,1,2,1098.4,511.5,1160,0.891,88.296,81.709,53.722,10.538,2071,local,47.626,54.074,155
AD_2026.09.24_AP1W5.2.oir,1,3,1992.1,559.4,1147,0.901,2867.081,4048.757,52.519,14.908,2157,local,47.626,54.074,4095
AD_2026.09.24_AP1W5.2.oir,1,4,1692.3,636.7,805,0.793,55.827,55.639,47.362,8.360,1132,local,47.626,54.074,108
AD_2026.09.24_AP1W5.2.oir,1,5,2000.1,685.5,961,0.907,3439.444,4095.000,61.656,26.390,2048,local,47.626,54.074,4095
AD_2026.09.24_AP1W5.2.oir,1,6,1670.7,739.3,1681,0.862,48.844,48.596,47.063,8.267,1629,local,47.626,54.074,74
AD_2026.09.24_AP1W5.2.oir,1,7,742.8,946.7,1841,0.844,55.370,55.048,52.456,8.709,1661,local,47.626,54.074,92
AD_2026.09.24_AP1W5.2.oir,1,8,538.9,962.7,1247,0.711,64.825,66.177,59.051,14.056,604,local,47.626,54.074,134
AD_2026.09.24_AP1W5.2.oir,1,9,730.3,1020.2,1450,0.834,65.297,58.355,54.809,9.351,1704,local,47.626,54.074,324
AD_2026.09.24_AP1W5.2.oir,1,10,472.9,1030.1,1961,0.856,58.014,56.946,53.597,8.751,2099,local,47.626,54.074,100
AD_2026.09.24_AP1W5.2.oir,1,11,1570.8,1037.0,1395,0.875,2737.867,3872.543,61.017,21.959,2301,local,47.626,54.074,4095
AD_2026.09.24_AP1W5.2.oir,1,12,1800.2,1041.1,949,0.896,298.270,404.061,44.122,7.457,2047,local,47.626,54.074,884
AD_2026.09.24_AP1W5.2.oir,1,13,574.3,1081.5,1942,0.781,55.937,55.010,53.575,9.045,1075,local,47.626,54.074,91
AD_2026.09.24_AP1W5.2.oir,1,14,934.9,1105.2,1071,0.880,2251.436,3445.540,58.782,17.648,2122,local,47.626,54.074,4095
AD_2026.09.24_AP1W5.2.oir,1,15,1014.8,1109.9,1309,0.888,181.483,144.319,64.062,15.337,2208,local,47.626,54.074,372
AD_2026.09.24_AP1W5.2.oir,1,16,847.0,1320.0,935,0.865,2320.242,3406.031,57.034,14.249,2054,local,47.626,54.074,4095
AD_2026.09.24_AP1W5.2.oir,1,17,94.3,1324.2,1225,0.888,3510.786,3780.925,69.630,17.837,2204,local,47.626,54.074,4095
AD_2026.09.24_AP1W5.2.oir,1,18,1871.0,1355.4,1157,0.897,216.614,302.649,45.768,7.522,2156,local,47.626,54.074,596
AD_2026.09.24_AP1W5.2.oir,1,19,1083.5,1575.7,840,0.892,3995.925,3963.857,69.191,23.501,1982,local,47.626,54.074,4095
AD_2026.09.24_AP1W5.2.oir,1,20,582.3,1670.8,969,0.896,320.144,453.723,51.474,8.226,2061,local,47.626,54.074,2035
AD_2026.09.24_AP1W5.2.oir,1,21,1876.2,1721.6,901,0.815,3542.415,3857.168,124.168,242.199,2046,local,47.626,54.074,4095
AD_2026.09.24_AP1W5.2.oir,1,22,843.5,1924.5,844,0.877,198.389,253.672,50.725,8.129,1984,local,47.626,54.074,584
AD_2026.09.24_AP1W5.2.oir,1,23,1579.8,1950.2,969,0.739,3525.907,3850.990,144.300,396.197,2126,local,47.626,54.074,4095
AD_2026.09.24_AP1W5.2.oir,1,24,1387.1,1986.9,836,0.841,2930.480,3778.681,64.709,20.021,1578,local,47.626,54.074,4095
AD_2026.09.24_AP1W5.2.oir,1,25,917.5,1989.3,964,0.884,1533.668,2388.705,56.068,10.424,2060,local,47.626,54.074,4095
AD_2026.09.24_AP1W5.3.oir,1,1,407.8,189.6,1445,0.881,348.152,467.766,48.198,7.637,1810,local,50.108,31.666,1078
AD_2026.09.24_AP1W5.3.oir,1,2,1861.3,262.5,1395,0.890,1675.993,2531.649,46.867,8.024,2288,local,50.108,31.666,4095
AD_2026.09.24_AP1W5.3.oir,1,3,571.8,278.6,1416,0.888,589.612,851.847,48.618,7.901,2292,local,50.108,31.666,2621
AD_2026.09.24_AP1W5.3.oir,1,4,922.4,380.3,941,0.897,1598.982,2240.295,49.075,8.690,2038,local,50.108,31.666,4095
AD_2026.09.24_AP1W5.3.oir,1,5,1028.7,451.1,1208,0.845,2934.280,3615.058,51.613,9.598,2230,local,50.108,31.666,4095
AD_2026.09.24_AP1W5.3.oir,1,6,633.5,454.9,1395,0.897,168.075,165.283,49.332,8.128,2284,local,50.108,31.666,494
AD_2026.09.24_AP1W5.3.oir,1,7,1107.4,470.2,1326,0.878,3865.904,4069.366,69.811,22.363,2266,local,50.108,31.666,4095
AD_2026.09.24_AP1W5.3.oir,1,8,1529.1,510.9,1056,0.897,162.245,173.707,45.169,7.594,2107,local,50.108,31.666,501
AD_2026.09.24_AP1W5.3.oir,1,9,232.6,532.5,991,0.896,3730.300,3970.877,68.270,18.090,2066,local,50.108,31.666,4095
AD_2026.09.24_AP1W5.3.oir,1,10,1849.8,609.4,1474,0.852,3321.151,3926.383,54.779,11.258,2077,local,50.108,31.666,4095
AD_2026.09.24_AP1W5.3.oir,1,11,57.3,632.7,1605,0.850,424.825,576.857,52.036,8.169,1906,local,50.108,31.666,1863
AD_2026.09.24_AP1W5.3.oir,1,12,1413.1,825.1,1423,0.893,1045.780,1579.489,47.713,7.813,2301,local,50.108,31.666,4095
AD_2026.09.24_AP1W5.3.oir,1,13,1428.6,1047.6,789,0.883,3687.616,4073.329,60.171,19.820,1955,local,50.108,31.666,4095
AD_2026.09.24_AP1W5.3.oir,1,14,509.8,1135.6,1429,0.893,2140.518,3137.647,55.488,9.124,2302,local,50.108,31.666,4095
AD_2026.09.24_AP1W5.3.oir,1,15,856.7,1277.6,1176,0.884,2821.909,3599.823,55.716,10.230,2179,local,50.108,31.666,4095
AD_2026.09.24_AP1W5.3.oir,1,16,1377.6,1300.7,1577,0.893,525.582,695.020,49.451,8.153,2361,local,50.108,31.666,2435
AD_2026.09.24_AP1W5.3.oir,1,17,1073.2,1412.6,1351,0.879,1676.516,2524.562,51.980,8.348,2272,local,50.108,31.666,4095
AD_2026.09.24_AP1W5.3.oir,1,18,1411.8,1505.2,1363,0.880,3258.880,3847.821,61.156,14.693,2275,local,50.108,31.666,4095
AD_2026.09.24_AP1W5.3.oir,1,19,895.9,1576.2,875,0.864,4094.699,4094.454,85.344,40.216,2024,local,50.108,31.666,4095
AD_2026.09.24_AP1W5.3.oir,1,20,964.4,1657.1,1262,0.853,328.956,208.188,64.111,12.504,2086,local,50.108,31.666,803
AD_2026.09.24_AP1W5.3.oir,1,21,1487.0,1774.2,1068,0.875,2116.718,3048.208,53.157,8.683,2123,local,50.108,31.666,4095
AD_2026.09.24_AP1W5.3.oir,1,22,1236.9,1799.5,1279,0.890,1278.158,1924.726,53.071,8.843,2230,local,50.108,31.666,4095
AD_2026.09.24_AP1W6.2.oir,1,1,2009.0,39.4,956,0.873,3347.892,4086.462,56.929,14.969,2013,local,49.681,39.047,4095
AD_2026.09.24_AP1W6.2.oir,1,2,1711.5,83.5,1144,0.911,248.865,345.077,43.171,7.247,2148,local,49.681,39.047,629
AD_2026.09.24_AP1W6.2.oir,1,3,258.6,125.4,669,0.884,1780.834,2476.571,52.733,9.093,1870,local,49.681,39.047,4095
AD_2026.09.24_AP1W6.2.oir,1,4,143.5,293.6,985,0.873,2314.343,3334.048,57.617,11.604,2081,local,49.681,39.047,4095
AD_2026.09.24_AP1W6.2.oir,1,5,1662.6,639.7,1161,0.868,3475.486,4089.413,62.727,24.655,2185,local,49.681,39.047,4095
AD_2026.09.24_AP1W6.2.oir,1,6,516.5,740.8,1058,0.866,422.781,630.628,47.746,7.858,2126,local,49.681,39.047,1269
AD_2026.09.24_AP1W6.2.oir,1,7,1141.2,773.9,982,0.871,2861.080,3879.096,59.674,17.746,2071,local,49.681,39.047,4095
AD_2026.09.24_AP1W6.2.oir,1,8,1680.7,793.6,1465,0.787,51.644,52.452,48.640,9.031,1913,local,49.681,39.047,91
AD_2026.09.24_AP1W6.2.oir,1,9,1806.0,800.0,1061,0.872,205.958,265.915,45.149,7.698,2123,local,49.681,39.047,527
AD_2026.09.24_AP1W6.2.oir,1,10,1691.7,843.7,1112,0.845,123.907,110.235,64.334,11.725,1435,local,49.681,39.047,203
AD_2026.09.24_AP1W6.2.oir,1,11,1886.6,863.5,1245,0.900,165.345,207.052,45.384,7.549,2203,local,49.681,39.047,370
AD_2026.09.24_AP1W6.2.oir,1,12,1600.7,882.2,1036,0.850,45.857,45.861,45.928,7.577,2057,local,49.681,39.047,70
AD_2026.09.24_AP1W6.2.oir,1,13,1693.8,911.5,1558,0.829,66.222,65.728,57.708,11.362,1563,local,49.681,39.047,107
AD_2026.09.24_AP1W6.2.oir,1,14,1737.8,909.6,1525,0.849,85.660,82.072,61.698,10.343,1671,local,49.681,39.047,145
AD_2026.09.24_AP1W6.2.oir,1,15,581.1,957.1,1014,0.890,3177.166,3969.822,67.258,28.299,2091,local,49.681,39.047,4095
AD_2026.09.24_AP1W6.2.oir,1,16,439.8,967.1,753,0.861,2941.189,3693.793,60.525,16.117,1946,local,49.681,39.047,4095
AD_2026.09.24_AP1W6.2.oir,1,17,1227.5,1183.8,1110,0.872,2608.920,3639.980,57.275,14.388,2153,local,49.681,39.047,4095
AD_2026.09.24_AP1W6.2.oir,1,18,1410.9,1301.7,1487,0.879,58.085,57.815,53.860,10.183,1254,local,49.681,39.047,90
AD_2026.09.24_AP1W6.2.oir,1,19,1457.5,1328.8,1617,0.754,57.320,57.342,53.118,9.741,731,local,49.681,39.047,99
AD_2026.09.24_AP1W6.2.oir,1,20,1761.3,1336.2,861,0.885,3838.151,4062.925,62.369,14.132,1996,local,49.681,39.047,4095
AD_2026.09.24_AP1W6.2.oir,1,21,1521.3,1362.5,1712,0.831,50.311,50.315,50.602,8.377,2486,local,49.681,39.047,84
AD_2026.09.24_AP1W6.2.oir,1,22,140.8,1367.8,1013,0.886,255.865,341.310,55.071,8.895,2090,local,49.681,39.047,612
AD_2026.09.24_AP1W6.2.oir,1,23,1529.7,1526.2,1041,0.870,2536.672,3663.362,60.437,12.487,1814,local,49.681,39.047,4095
AD_2026.09.24_AP1W6.2.oir,1,24,1534.9,1828.7,1088,0.832,1253.098,776.624,105.464,32.221,2026,local,49.681,39.047,3033
AD_2026.09.24_AP1W6.2.oir,1,25,1977.8,1885.5,1727,0.802,55.962,56.071,55.489,8.932,1755,local,49.681,39.047,87
AD_2026.09.24_AP1W6.2.oir,1,26,681.6,1981.2,1174,0.792,75.322,74.409,63.956,9.846,1448,local,49.681,39.047,118
AD_2026.09.24_AP1W6.3.oir,1,1,1402.0,56.9,1424,0.908,3840.379,3579.000,69.542,28.087,2255,local,39.180,31.424,4095
AD_2026.09.24_AP1W6.3.oir,1,2,669.9,144.0,1124,0.900,374.991,548.941,37.291,6.374,2143,local,39.180,31.424,1153
AD_2026.09.24_AP1W6.3.oir,1,3,258.5,164.2,1140,0.896,1609.983,2603.772,40.032,7.125,2154,local,39.180,31.424,4095
AD_2026.09.24_AP1W6.3.oir,1,4,1319.6,195.1,991,0.882,4002.350,4095.000,69.736,48.532,2082,local,39.180,31.424,4095
AD_2026.09.24_AP1W6.3.oir,1,5,1125.0,475.2,1190,0.886,161.498,226.273,37.171,6.432,2188,local,39.180,31.424,498
AD_2026.09.24_AP1W6.3.oir,1,6,961.7,879.1,1058,0.837,47.030,47.070,44.403,8.499,1377,local,39.180,31.424,74
AD_2026.09.24_AP1W6.3.oir,1,7,421.2,893.0,824,0.827,39.097,38.872,39.271,6.641,663,local,39.180,31.424,68
AD_2026.09.24_AP1W6.3.oir,1,8,1471.4,971.8,976,0.853,1686.403,2663.496,41.690,9.108,2088,local,39.180,31.424,4095
AD_2026.09.24_AP1W6.3.oir,1,9,1360.5,995.3,2307,0.749,465.936,262.445,63.358,16.059,2788,local,39.180,31.424,1818
AD_2026.09.24_AP1W6.3.oir,1,10,1591.7,1021.3,821,0.814,2812.944,3665.104,426.721,1045.852,1732,local,39.180,31.424,4095
AD_2026.09.24_AP1W6.3.oir,1,11,1666.5,1237.7,1424,0.893,164.409,226.841,37.952,6.547,2301,local,39.180,31.424,452
AD_2026.09.24_AP1W6.3.oir,1,12,1281.6,1263.8,1189,0.853,2520.400,3411.509,60.609,31.248,1869,local,39.180,31.424,4095
AD_2026.09.24_AP1W6.3.oir,1,13,2016.3,1285.6,1303,0.851,81.842,72.199,45.179,9.086,1922,local,39.180,31.424,157
AD_2026.09.24_AP1W6.3.oir,1,14,1215.0,1325.7,908,0.869,135.663,165.946,38.764,6.675,2029,local,39.180,31.424,336
AD_2026.09.24_AP1W6.3.oir,1,15,613.2,1406.2,916,0.760,2772.097,3371.330,62.980,55.634,2065,local,39.180,31.424,4095
AD_2026.09.24_AP1W6.3.oir,1,16,881.7,1508.6,1496,0.800,45.720,45.676,42.932,7.893,1816,local,39.180,31.424,71
AD_2026.09.24_AP1W6.3.oir,1,17,917.5,1537.3,1402,0.761,62.911,72.561,50.900,15.112,857,local,39.180,31.424,342
AD_2026.09.24_AP1W6.3.oir,1,18,955.8,1536.2,753,0.723,161.531,183.450,45.821,7.760,871,local,39.180,31.424,475
AD_2026.09.24_AP1W6.3.oir,1,19,1040.8,1547.5,1110,0.821,149.869,129.404,58.107,14.905,2166,local,39.180,31.424,275
AD_2026.09.24_AP1W6.3.oir,1,20,866.6,1665.2,1060,0.888,3541.601,3872.613,59.393,21.215,2108,local,39.180,31.424,4095
AD_2026.09.24_AP1W6.3.oir,1,21,1176.1,1838.1,988,0.888,147.107,181.587,40.573,6.916,2068,local,39.180,31.424,524
AD_2026.09.24_AP1W6.3.oir,1,22,283.7,2016.6,633,0.894,2155.107,2837.368,51.075,10.581,1801,local,39.180,31.424,4095
AD_2026.09.24_AP1W7.1.oir,1,1,1272.5,55.4,997,0.842,3443.865,3740.704,56.293,16.176,1504,local,48.039,41.531,4095
AD_2026.09.24_AP1W7.1.oir,1,2,1804.8,84.6,1550,0.892,249.629,369.643,44.631,7.307,2360,local,48.039,41.531,752
AD_2026.09.24_AP1W7.1.oir,1,3,1741.1,168.4,1269,0.886,121.363,127.771,44.201,7.188,2225,local,48.039,41.531,588
AD_2026.09.24_AP1W7.1.oir,1,4,1250.6,247.1,961,0.869,2018.734,2898.819,47.876,10.093,2021,local,48.039,41.531,4095
AD_2026.09.24_AP1W7.1.oir,1,5,697.0,316.2,1270,0.898,356.105,544.391,44.885,7.567,2204,local,48.039,41.531,2322
AD_2026.09.24_AP1W7.1.oir,1,6,1221.2,337.3,1228,0.887,1652.787,2687.205,47.693,8.409,2205,local,48.039,41.531,4095
AD_2026.09.24_AP1W7.1.oir,1,7,628.3,398.0,1037,0.902,145.837,173.382,44.314,7.591,2096,local,48.039,41.531,356
AD_2026.09.24_AP1W7.1.oir,1,8,1800.3,398.8,655,0.887,558.427,754.034,45.672,7.646,1855,local,48.039,41.531,3297
AD_2026.09.24_AP1W7.1.oir,1,9,1129.7,536.4,1138,0.894,111.286,119.751,45.278,7.918,2150,local,48.039,41.531,223
AD_2026.09.24_AP1W7.1.oir,1,10,1332.0,615.9,975,0.864,813.630,1261.094,45.413,7.724,1842,local,48.039,41.531,3069
AD_2026.09.24_AP1W7.1.oir,1,11,1743.8,634.1,934,0.873,1971.004,2975.004,47.814,8.051,2048,local,48.039,41.531,4095
AD_2026.09.24_AP1W7.1.oir,1,12,1592.5,716.8,1259,0.869,2954.798,3988.328,55.384,12.006,2232,local,48.039,41.531,4095
AD_2026.09.24_AP1W7.1.oir,1,13,1093.6,740.0,1053,0.891,189.154,227.890,46.465,7.959,2109,local,48.039,41.531,813
AD_2026.09.24_AP1W7.1.oir,1,14,1741.1,749.7,1328,0.885,3244.774,3949.322,59.480,14.535,2254,local,48.039,41.531,4095
AD_2026.09.24_AP1W7.1.oir,1,15,1663.2,844.9,627,0.758,2763.952,3119.199,70.092,85.066,1865,local,48.039,41.531,4095
AD_2026.09.24_AP1W7.1.oir,1,16,1923.7,893.2,982,0.850,3059.942,3972.691,54.061,10.785,2092,local,48.039,41.531,4095
AD_2026.09.24_AP1W7.1.oir,1,17,1510.5,928.4,1268,0.886,187.624,241.809,47.158,7.945,2226,local,48.039,41.531,489
AD_2026.09.24_AP1W7.1.oir,1,18,217.4,1041.9,1231,0.886,194.922,261.064,48.191,8.106,2209,local,48.039,41.531,567
AD_2026.09.24_AP1W7.1.oir,1,19,927.5,1100.7,1391,0.887,350.211,522.421,48.443,7.970,2290,local,48.039,41.531,1356
AD_2026.09.24_AP1W7.1.oir,1,20,1502.2,1181.6,769,0.874,3458.462,4045.908,59.550,15.674,1937,local,48.039,41.531,4095
AD_2026.09.24_AP1W7.1.oir,1,21,1141.0,1185.4,747,0.858,2962.539,3923.364,59.731,17.538,1499,local,48.039,41.531,4095
AD_2026.09.24_AP1W7.1.oir,1,22,1021.8,1205.3,896,0.867,3019.248,3930.363,58.251,12.881,2029,local,48.039,41.531,4095
AD_2026.09.24_AP1W7.1.oir,1,23,1124.1,1221.8,869,0.828,3659.687,4062.126,65.996,21.722,1602,local,48.039,41.531,4095
AD_2026.09.24_AP1W7.1.oir,1,24,574.4,1245.9,1359,0.895,190.453,246.147,48.504,8.295,2271,local,48.039,41.531,566
AD_2026.09.24_AP1W7.1.oir,1,25,1376.6,1335.9,1071,0.869,2219.317,3447.354,52.288,9.452,2127,local,48.039,41.531,4095
AD_2026.09.24_AP1W7.1.oir,1,26,581.3,1338.3,999,0.882,1401.413,2252.904,52.417,8.872,1816,local,48.039,41.531,4095
AD_2026.09.24_AP1W7.1.oir,1,27,565.3,1391.0,1343,0.885,366.574,491.697,51.689,9.257,1997,local,48.039,41.531,1166
AD_2026.09.24_AP1W7.1.oir,1,28,1723.1,1555.3,890,0.892,201.424,240.062,50.342,8.771,1867,local,48.039,41.531,666
AD_2026.09.24_AP1W7.1.oir,1,29,84.3,1595.5,1981,0.885,3769.952,3324.160,115.638,66.730,2553,local,48.039,41.531,4095
AD_2026.09.24_AP1W7.1.oir,1,30,468.2,1642.8,999,0.889,315.152,433.335,50.208,8.028,2076,local,48.039,41.531,971
AD_2026.09.24_AP1W7.1.oir,1,31,911.6,1804.7,1712,0.881,157.766,161.535,51.076,8.485,2446,local,48.039,41.531,428
AD_2026.09.24_AP1W7.2.oir,1,1,1668.1,75.3,789,0.792,3309.066,3440.716,133.076,458.382,2011,local,57.858,86.051,4095
AD_2026.09.24_AP1W7.2.oir,1,2,363.2,112.2,1013,0.877,3546.153,3044.085,84.337,24.157,2093,local,57.858,86.051,4095
AD_2026.09.24_AP1W7.2.oir,1,3,1461.8,195.5,1337,0.881,2293.995,3685.869,57.453,11.591,2265,local,57.858,86.051,4095
AD_2026.09.24_AP1W7.2.oir,1,4,181.7,516.5,1345,0.915,3794.615,3903.516,210.592,595.476,2250,local,57.858,86.051,4095
AD_2026.09.24_AP1W7.2.oir,1,5,396.9,558.9,966,0.890,3977.522,3904.705,78.387,21.985,2054,local,57.858,86.051,4095
AD_2026.09.24_AP1W7.2.oir,1,6,43.0,674.7,896,0.881,171.253,205.694,56.390,8.798,2023,local,57.858,86.051,433
AD_2026.09.24_AP1W7.2.oir,1,7,2000.2,840.1,687,0.889,145.033,164.780,51.229,8.493,1883,local,57.858,86.051,288
AD_2026.09.24_AP1W7.2.oir,1,8,567.9,977.8,1141,0.879,312.780,263.118,65.230,17.976,1416,local,57.858,86.051,637
AD_2026.09.24_AP1W7.2.oir,1,9,1737.7,1151.4,1229,0.896,283.037,390.761,57.091,9.846,2195,local,57.858,86.051,859
AD_2026.09.24_AP1W7.2.oir,1,10,963.5,1217.5,622,0.826,3755.966,3931.011,142.751,416.228,1859,local,57.858,86.051,4095
AD_2026.09.24_AP1W7.2.oir,1,11,1847.2,1239.8,1020,0.725,61.435,61.165,57.363,9.999,1518,local,57.858,86.051,101
AD_2026.09.24_AP1W7.2.oir,1,12,915.1,1277.5,1176,0.904,1526.776,2509.810,60.307,9.963,2172,local,57.858,86.051,4095
AD_2026.09.24_AP1W7.2.oir,1,13,1502.0,1289.8,834,0.913,1609.466,2375.224,59.094,10.742,1963,local,57.858,86.051,4095
AD_2026.09.24_AP1W7.2.oir,1,14,294.8,1298.4,897,0.895,3839.899,4095.000,84.769,22.845,2011,local,57.858,86.051,4095
AD_2026.09.24_AP1W7.2.oir,1,15,574.9,1334.6,1600,0.777,61.522,61.418,60.459,9.922,1647,local,57.858,86.051,104
AD_2026.09.24_AP1W7.2.oir,1,16,266.5,1489.6,1005,0.891,3332.780,3908.022,77.186,16.051,2076,local,57.858,86.051,4095
AD_2026.09.24_AP1W7.2.oir,1,17,1360.7,1508.6,1319,0.905,1485.978,2478.059,60.893,10.050,2241,local,57.858,86.051,4095
AD_2026.09.24_AP1W7.2.oir,1,18,758.0,1545.2,1575,0.763,1073.770,469.242,79.157,19.590,1628,local,57.858,86.051,4095
AD_2026.09.24_AP1W7.2.oir,1,19,1574.2,1541.5,756,0.869,236.665,297.867,55.790,8.836,1939,local,57.858,86.051,633
AD_2026.09.24_AP1W7.2.oir,1,20,1745.2,1588.4,865,0.885,294.591,395.017,56.167,9.114,1995,local,57.858,86.051,1105
AD_2026.09.24_AP1W7.2.oir,1,21,856.1,1694.1,1287,0.891,3701.017,3250.984,98.025,29.742,2185,local,57.858,86.051,4095
AD_2026.09.24_AP1W7.2.oir,1,22,234.8,1733.1,1279,0.905,3931.260,3784.469,102.377,27.932,2222,local,57.858,86.051,4095
AD_2026.09.24_AP1W7.2.oir,1,23,105.1,1893.2,897,0.868,3737.175,3517.363,97.304,18.384,1942,local,57.858,86.051,4095
AD_2026.09.24_AP1W7.2.oir,1,24,623.7,1966.0,794,0.879,235.180,287.870,66.203,10.140,1957,local,57.858,86.051,572
AD_2026.09.24_AP1W7.2.oir,1,25,164.5,2004.0,1437,0.781,85.035,84.756,86.785,14.917,1891,local,57.858,86.051,131
AD_2026.09.24_AP1W7.2.oir,1,26,231.7,2007.9,1091,0.869,3847.198,3647.253,101.855,21.281,2030,local,57.858,86.051,4095
AD_2026.09.24_AP1W7.2.oir,1,27,1124.7,2005.9,893,0.895,4090.384,4087.138,106.650,40.066,2007,local,57.858,86.051,4095
AD_2026.09.24_AP1W7.3.oir,1,1,1150.4,29.6,1300,0.877,137.048,109.738,56.870,12.888,1854,local,46.227,38.669,273
AD_2026.09.24_AP1W7.3.oir,1,2,944.4,201.9,1420,0.855,192.287,208.653,43.538,7.514,2323,local,46.227,38.669,556
AD_2026.09.24_AP1W7.3.oir,1,3,1275.2,260.4,1060,0.880,3766.217,3764.383,104.106,69.238,2117,local,46.227,38.669,4095
AD_2026.09.24_AP1W7.3.oir,1,4,400.2,323.6,963,0.883,4055.437,4077.986,103.793,85.089,2058,local,46.227,38.669,4095
AD_2026.09.24_AP1W7.3.oir,1,5,143.0,433.9,1343,0.885,185.720,225.726,44.504,7.789,2265,local,46.227,38.669,475
AD_2026.09.24_AP1W7.3.oir,1,6,305.7,494.4,1229,0.899,185.771,210.904,44.548,7.448,2199,local,46.227,38.669,452
AD_2026.09.24_AP1W7.3.oir,1,7,1967.0,591.2,997,0.896,2700.449,2771.297,75.573,36.699,2068,local,46.227,38.669,4095
AD_2026.09.24_AP1W7.3.oir,1,8,1044.5,618.0,1247,0.882,3407.064,4089.885,83.549,55.390,2218,local,46.227,38.669,4095
AD_2026.09.24_AP1W7.3.oir,1,9,1353.8,669.3,905,0.897,3601.650,3823.724,94.319,51.986,2018,local,46.227,38.669,4095
AD_2026.09.24_AP1W7.3.oir,1,10,1234.8,775.7,1182,0.880,3362.908,4085.002,89.535,55.618,2190,local,46.227,38.669,4095
AD_2026.09.24_AP1W7.3.oir,1,11,890.2,839.2,1269,0.890,189.231,228.389,45.134,7.526,2223,local,46.227,38.669,500
AD_2026.09.24_AP1W7.3.oir,1,12,1010.7,920.3,1129,0.882,3312.864,4001.310,98.066,85.031,2150,local,46.227,38.669,4095
AD_2026.09.24_AP1W7.3.oir,1,13,264.9,1001.1,848,0.894,3969.471,4095.000,87.620,67.428,1981,local,46.227,38.669,4095
AD_2026.09.24_AP1W7.3.oir,1,14,691.6,1013.6,1138,0.898,3955.994,4070.665,93.460,53.932,2146,local,46.227,38.669,4095
AD_2026.09.24_AP1W7.3.oir,1,15,1028.3,1227.1,1196,0.891,1953.339,3120.796,72.154,39.444,2189,local,46.227,38.669,4095
AD_2026.09.24_AP1W7.3.oir,1,16,525.0,1346.5,1486,0.875,54.142,53.861,50.583,8.670,1711,local,46.227,38.669,86
AD_2026.09.24_AP1W7.3.oir,1,17,411.3,1382.2,1261,0.778,350.403,316.700,158.723,58.070,1426,local,46.227,38.669,521
AD_2026.09.24_AP1W7.3.oir,1,18,1226.7,1394.2,1258,0.893,236.467,305.622,48.445,8.136,2210,local,46.227,38.669,657
AD_2026.09.24_AP1W7.3.oir,1,19,1647.6,1437.9,1107,0.910,804.863,1123.606,50.790,9.799,2123,local,46.227,38.669,2841
AD_2026.09.24_AP1W7.3.oir,1,20,1236.4,1464.2,848,0.894,3858.890,3668.551,76.773,33.527,1888,local,46.227,38.669,4095
AD_2026.09.24_AP1W7.3.oir,1,21,231.8,1472.1,1356,0.901,3333.085,4092.668,71.205,25.536,2156,local,46.227,38.669,4095
AD_2026.09.24_AP1W7.3.oir,1,22,1294.9,1489.4,1357,0.740,103.426,111.076,68.785,33.860,1649,local,46.227,38.669,368
AD_2026.09.24_AP1W7.3.oir,1,23,1347.2,1486.6,1516,0.885,3515.516,4065.406,68.875,21.130,1906,local,46.227,38.669,4095
AD_2026.09.24_AP1W7.3.oir,1,24,1741.1,1509.2,1324,0.883,379.009,514.411,47.790,8.201,2256,local,46.227,38.669,2186
AD_2026.09.24_AP1W7.3.oir,1,25,1067.6,1533.5,1072,0.893,3096.984,4022.481,76.578,36.319,2114,local,46.227,38.669,4095
AD_2026.09.24_AP1W7.3.oir,1,26,1235.8,1727.4,801,0.896,1345.446,1678.900,51.986,11.166,1954,local,46.227,38.669,4095
AD_2026.09.24_AP1W7.3.oir,1,27,543.3,1759.1,1048,0.902,1646.343,2587.676,55.721,17.021,2092,local,46.227,38.669,4095
AD_2026.09.24_AP1W7.3.oir,1,28,247.0,1824.8,1135,0.872,3522.840,4089.199,68.579,24.011,2166,local,46.227,38.669,4095
AD_2026.09.24_AP1W7.3.oir,1,29,1678.0,1876.1,1260,0.869,184.397,130.449,55.638,10.467,2174,local,46.227,38.669,457
AD_2026.09.24_AP1W7.3.oir,1,30,641.3,1976.7,1011,0.888,3909.055,3748.538,81.043,35.307,2089,local,46.227,38.669,4095
AD_2026.09.24_AP2W8.1.oir,1,1,66.0,41.8,855,0.748,64.503,64.071,65.512,10.552,1351,local,78.442,227.475,103
AD_2026.09.24_AP2W8.1.oir,1,2,179.3,143.4,841,0.753,60.677,60.791,59.994,9.684,2024,local,78.442,227.475,86
AD_2026.09.24_AP2W8.1.oir,1,3,1906.3,175.6,1996,0.750,1088.271,1093.720,80.483,37.193,2087,local,78.442,227.475,4095
AD_2026.09.24_AP2W8.1.oir,1,4,1878.0,205.4,1008,0.760,4095.000,4095.000,125.491,54.621,1485,local,78.442,227.475,4095
AD_2026.09.24_AP2W8.1.oir,1,5,1675.4,320.0,778,0.908,541.802,354.293,68.261,14.818,1935,local,78.442,227.475,1390
AD_2026.09.24_AP2W8.1.oir,1,6,1052.2,393.2,820,0.865,338.643,464.756,59.539,10.288,1956,local,78.442,227.475,1709
AD_2026.09.24_AP2W8.1.oir,1,7,1626.7,422.4,1742,0.870,61.749,61.153,60.697,9.885,2464,local,78.442,227.475,97
AD_2026.09.24_AP2W8.1.oir,1,8,1486.5,458.3,998,0.892,220.928,172.142,70.797,12.792,2063,local,78.442,227.475,456
AD_2026.09.24_AP2W8.1.oir,1,9,969.2,464.7,828,0.906,236.818,316.632,58.873,9.566,1961,local,78.442,227.475,652
AD_2026.09.24_AP2W8.1.oir,1,10,1811.4,499.7,1984,0.802,68.188,67.874,67.794,11.757,1825,local,78.442,227.475,108
AD_2026.09.24_AP2W8.1.oir,1,11,340.3,508.6,1598,0.734,1789.071,1810.416,97.430,54.610,2337,local,78.442,227.475,4095
AD_2026.09.24_AP2W8.1.oir,1,12,1743.4,549.4,1533,0.871,120.516,109.830,80.825,12.716,1803,local,78.442,227.475,177
AD_2026.09.24_AP2W8.1.oir,1,13,1448.9,639.8,631,0.880,4095.000,4095.000,186.143,114.336,1846,local,78.442,227.475,4095
AD_2026.09.24_AP2W8.1.oir,1,14,849.8,683.5,1449,0.830,255.285,196.022,95.906,15.889,1802,local,78.442,227.475,503
AD_2026.09.24_AP2W8.1.oir,1,15,1252.1,694.8,1083,0.686,69.371,71.157,66.818,13.667,1689,local,78.442,227.475,144
AD_2026.09.24_AP2W8.1.oir,1,16,144.2,735.2,729,0.767,90.915,91.396,79.340,17.703,900,local,78.442,227.475,154
AD_2026.09.24_AP2W8.1.oir,1,17,1920.3,739.2,525,0.713,131.230,130.254,111.576,30.907,422,local,78.442,227.475,183
AD_2026.09.24_AP2W8.1.oir,1,18,751.3,827.3,1398,0.892,77.874,76.997,76.298,21.404,1825,local,78.442,227.475,119
AD_2026.09.24_AP2W8.1.oir,1,19,551.3,834.5,1096,0.910,3057.598,3645.873,76.351,16.512,2112,local,78.442,227.475,4095
AD_2026.09.24_AP2W8.1.oir,1,20,819.7,842.4,1290,0.797,74.062,73.998,68.011,11.215,1655,local,78.442,227.475,114
AD_2026.09.24_AP2W8.1.oir,1,21,262.3,849.6,1268,0.874,557.683,346.824,92.923,19.167,1862,local,78.442,227.475,1197
AD_2026.09.24_AP2W8.1.oir,1,22,1830.7,883.7,1161,0.892,70.307,70.321,64.939,10.095,2095,local,78.442,227.475,109
AD_2026.09.24_AP2W8.1.oir,1,23,138.9,943.3,553,0.724,934.027,891.183,263.547,186.813,1034,local,78.442,227.475,1528
AD_2026.09.24_AP2W8.1.oir,1,24,1743.8,971.7,1011,0.875,616.515,908.754,63.949,11.625,2022,local,78.442,227.475,2662
AD_2026.09.24_AP2W8.1.oir,1,25,144.6,979.2,787,0.841,410.156,374.195,128.316,81.114,1514,local,78.442,227.475,714
AD_2026.09.24_AP2W8.1.oir,1,26,765.6,999.7,778,0.884,235.450,203.614,85.774,15.373,1946,local,78.442,227.475,410
AD_2026.09.24_AP2W8.1.oir,1,27,1529.5,1017.8,1487,0.892,78.137,75.759,66.349,10.270,2332,local,78.442,227.475,121
AD_2026.09.24_AP2W8.1.oir,1,28,1395.9,1062.6,1225,0.871,951.867,462.075,86.606,22.127,2212,local,78.442,227.475,2554
AD_2026.09.24_AP2W8.1.oir,1,29,1078.3,1237.1,1350,0.830,78.313,80.511,71.090,15.514,1653,local,78.442,227.475,134
AD_2026.09.24_AP2W8.1.oir,1,30,1017.0,1236.6,1070,0.905,170.080,144.054,88.689,33.553,1845,local,78.442,227.475,421
AD_2026.09.24_AP2W8.1.oir,1,31,1061.2,1279.4,990,0.751,1511.938,1495.812,99.223,81.663,1455,local,78.442,227.475,2888
AD_2026.09.24_AP2W8.1.oir,1,32,881.3,1318.9,738,0.882,202.444,242.508,63.745,10.199,1917,local,78.442,227.475,667
AD_2026.09.24_AP2W8.1.oir,1,33,1666.0,1398.4,642,0.783,60.752,60.831,60.697,10.007,1905,local,78.442,227.475,94
AD_2026.09.24_AP2W8.1.oir,1,34,1946.9,1610.7,1192,0.744,86.759,87.463,83.764,13.833,1294,local,78.442,227.475,139
AD_2026.09.24_AP2W8.1.oir,1,35,1034.9,1600.0,892,0.735,127.068,125.996,112.858,42.422,1427,local,78.442,227.475,193
AD_2026.09.24_AP2W8.1.oir,1,36,1087.5,1641.4,873,0.884,4095.000,4095.000,340.834,201.681,2000,local,78.442,227.475,4095
AD_2026.09.24_AP2W8.1.oir,1,37,1889.7,1660.4,1042,0.702,96.765,95.590,86.364,13.385,2097,local,78.442,227.475,136
AD_2026.09.24_AP2W8.1.oir,1,38,1997.7,1682.4,631,0.765,70.737,70.690,71.170,12.514,1125,local,78.442,227.475,103
AD_2026.09.24_AP2W8.1.oir,1,39,634.4,1693.3,1304,0.877,204.616,177.506,95.691,15.082,2251,local,78.442,227.475,319
AD_2026.09.24_AP2W8.1.oir,1,40,140.0,1726.8,701,0.900,147.240,131.229,74.299,11.304,1885,local,78.442,227.475,241
AD_2026.09.24_AP2W8.1.oir,1,41,341.6,1751.7,766,0.900,147.560,137.659,85.362,13.913,1930,local,78.442,227.475,203
AD_2026.09.24_AP2W8.1.oir,1,42,571.3,1799.3,1132,0.859,90.294,90.139,78.295,11.855,1677,local,78.442,227.475,136
AD_2026.09.24_AP2W8.1.oir,1,43,571.5,1840.7,890,0.777,83.900,84.681,76.809,12.187,1311,local,78.442,227.475,138
AD_2026.09.24_AP2W8.1.oir,1,44,1602.3,1851.8,610,0.927,334.585,421.864,66.196,10.832,1812,local,78.442,227.475,1643
AD_2026.09.24_AP2W8.1.oir,1,45,450.5,1888.9,1056,0.845,212.850,278.425,68.881,10.674,2128,local,78.442,227.475,596
AD_2026.09.24_AP2W8.1.oir,1,46,716.0,1918.6,1120,0.795,99.499,99.304,86.018,12.872,1582,local,78.442,227.475,150
AD_2026.09.24_AP2W8.1.oir,1,47,807.1,1928.6,995,0.886,96.875,89.833,76.100,12.721,2076,local,78.442,227.475,154
AD_2026.09.24_AP2W8.1.oir,1,48,737.9,1955.3,1368,0.813,90.442,90.677,82.898,13.105,1310,local,78.442,227.475,143
AD_2026.09.24_AP2W8.1_0001.oir,1,1,509.2,57.2,1922,0.754,71.908,72.316,72.148,10.886,1869,local,81.644,143.265,112
AD_2026.09.24_AP2W8.1_0001.oir,1,2,522.3,105.7,1047,0.856,78.275,77.715,73.227,10.772,1636,local,81.644,143.265,118
AD_2026.09.24_AP2W8.1_0001.oir,1,3,1663.5,236.8,915,0.898,2951.058,3979.421,86.319,25.445,1613,local,81.644,143.265,4095
AD_2026.09.24_AP2W8.1_0001.oir,1,4,1654.5,279.0,905,0.897,3346.697,4080.406,87.079,23.433,1598,local,81.644,143.265,4095
AD_2026.09.24_AP2W8.1_0001.oir,1,5,1816.7,307.9,832,0.883,3205.528,4072.122,87.465,27.527,1979,local,81.644,143.265,4095
AD_2026.09.24_AP2W8.1_0001.oir,1,6,1153.1,328.4,1048,0.902,771.781,467.670,84.390,19.128,1644,local,81.644,143.265,2235
AD_2026.09.24_AP2W8.1_0001.oir,1,7,1335.5,346.2,998,0.910,277.056,385.339,70.165,10.588,2062,local,81.644,143.265,875
AD_2026.09.24_AP2W8.1_0001.oir,1,8,1155.5,367.5,722,0.900,1127.501,857.691,86.166,19.593,1401,local,81.644,143.265,2870
AD_2026.09.24_AP2W8.1_0001.oir,1,9,1727.7,449.3,1945,0.863,75.647,74.533,73.699,10.985,2308,local,81.644,143.265,113
AD_2026.09.24_AP2W8.1_0001.oir,1,10,1636.7,536.6,1587,0.864,425.292,303.316,109.559,26.815,2372,local,81.644,143.265,864
AD_2026.09.24_AP2W8.1_0001.oir,1,11,1046.7,540.6,1007,0.884,3902.489,3990.600,99.809,28.614,2085,local,81.644,143.265,4095
AD_2026.09.24_AP2W8.1_0001.oir,1,12,1720.3,565.8,1141,0.861,82.883,82.725,81.845,13.180,1746,local,81.644,143.265,130
AD_2026.09.24_AP2W8.1_0001.oir,1,13,1706.1,612.1,1341,0.851,137.004,126.576,92.319,15.120,1834,local,81.644,143.265,212
AD_2026.09.24_AP2W8.1_0001.oir,1,14,1548.7,618.0,682,0.882,2407.952,3285.712,82.308,18.676,1881,local,81.644,143.265,4095
AD_2026.09.24_AP2W8.1_0001.oir,1,15,758.4,721.4,1530,0.773,79.782,79.392,77.515,11.623,2030,local,81.644,143.265,122
AD_2026.09.24_AP2W8.1_0001.oir,1,16,924.0,727.0,1752,0.871,90.229,88.257,82.648,12.374,2119,local,81.644,143.265,137
AD_2026.09.24_AP2W8.1_0001.oir,1,17,1009.5,802.3,1437,0.876,88.038,86.481,80.670,11.809,2316,local,81.644,143.265,136
AD_2026.09.24_AP2W8.1_0001.oir,1,18,570.1,821.5,1639,0.891,4087.663,4085.277,175.995,79.364,2402,local,81.644,143.265,4095
AD_2026.09.24_AP2W8.1_0001.oir,1,19,47.5,831.0,922,0.739,90.896,92.165,86.963,21.119,1421,local,81.644,143.265,143
AD_2026.09.24_AP2W8.1_0001.oir,1,20,691.2,1043.9,797,0.876,262.966,338.414,78.422,11.735,1965,local,81.644,143.265,981
AD_2026.09.24_AP2W8.1_0001.oir,1,21,1898.1,1208.3,988,0.901,1627.033,2485.315,84.515,17.499,2063,local,81.644,143.265,4095
AD_2026.09.24_AP2W8.1_0001.oir,1,22,919.5,1263.6,1047,0.894,205.491,259.427,79.809,12.293,2092,local,81.644,143.265,584
AD_2026.09.24_AP2W8.1_0001.oir,1,23,311.0,1274.0,1604,0.850,82.282,81.954,82.400,12.850,2400,local,81.644,143.265,139
AD_2026.09.24_AP2W8.1_0001.oir,1,24,970.3,1339.4,1727,0.872,78.422,78.289,78.201,11.746,2221,local,81.644,143.265,121
AD_2026.09.24_AP2W8.1_0001.oir,1,25,245.1,1345.1,1098,0.874,1042.895,593.581,114.019,24.215,1781,local,81.644,143.265,2644
AD_2026.09.24_AP2W8.1_0001.oir,1,26,295.1,1356.5,681,0.779,85.372,85.222,94.414,24.799,1295,local,81.644,143.265,140
AD_2026.09.24_AP2W8.1_0001.oir,1,27,234.5,1407.8,1700,0.878,110.182,104.803,95.015,19.789,2301,local,81.644,143.265,170
AD_2026.09.24_AP2W8.1_0001.oir,1,28,698.7,1447.8,827,0.880,1228.866,749.181,99.881,20.769,1980,local,81.644,143.265,2828
AD_2026.09.24_AP2W8.1_0001.oir,1,29,1323.9,1531.1,721,0.885,489.250,646.225,80.145,12.291,1907,local,81.644,143.265,2090
AD_2026.09.24_AP2W8.1_0001.oir,1,30,852.0,1818.2,1405,0.907,3623.512,4056.286,112.427,29.405,2277,local,81.644,143.265,4095
AD_2026.09.24_AP2W8.1_0001.oir,1,31,1718.8,1867.5,1279,0.905,4095.000,4095.000,151.798,65.297,2215,local,81.644,143.265,4095
AD_2026.09.24_AP2W8.1_0001.oir,1,32,903.4,1874.1,729,0.867,364.630,463.086,81.475,12.279,1919,local,81.644,143.265,1386
AD_2026.09.24_AP2W8.1_0001.oir,1,33,410.1,1997.5,1673,0.891,349.234,283.047,131.985,23.307,1858,local,81.644,143.265,599
AD_2026.09.24_AP2W8.2.oir,1,1,1843.3,39.3,1225,0.896,345.531,432.663,57.336,9.180,2193,local,62.032,39.059,873
AD_2026.09.24_AP2W8.2.oir,1,2,626.9,48.4,1399,0.823,1813.993,2958.662,79.358,48.985,2346,local,62.032,39.059,4095
AD_2026.09.24_AP2W8.2.oir,1,3,548.3,69.1,1452,0.908,392.102,633.984,63.250,21.185,1939,local,62.032,39.059,1676
AD_2026.09.24_AP2W8.2.oir,1,4,542.2,120.9,1022,0.886,3553.872,4090.132,79.872,27.826,1680,local,62.032,39.059,4095
AD_2026.09.24_AP2W8.2.oir,1,5,287.1,167.0,1031,0.893,158.744,126.561,67.597,18.499,2012,local,62.032,39.059,315
AD_2026.09.24_AP2W8.2.oir,1,6,707.8,208.5,1263,0.901,308.614,461.460,57.965,9.105,2213,local,62.032,39.059,1497
AD_2026.09.24_AP2W8.2.oir,1,7,1481.9,300.1,1164,0.898,448.937,648.719,58.401,9.378,2167,local,62.032,39.059,1417
AD_2026.09.24_AP2W8.2.oir,1,8,1714.5,530.2,2226,0.864,67.894,67.347,63.632,10.751,2111,local,62.032,39.059,112
AD_2026.09.24_AP2W8.2.oir,1,9,1894.1,539.6,989,0.784,2639.482,1850.750,77.976,16.613,1536,local,62.032,39.059,4095
AD_2026.09.24_AP2W8.2.oir,1,10,1304.0,562.1,1277,0.874,3713.696,4095.000,96.783,45.317,2243,local,62.032,39.059,4095
AD_2026.09.24_AP2W8.2.oir,1,11,1921.9,573.7,1718,0.828,129.495,163.702,72.404,15.411,1641,local,62.032,39.059,933
AD_2026.09.24_AP2W8.2.oir,1,12,921.4,664.5,1715,0.822,60.489,60.368,60.418,9.872,1860,local,62.032,39.059,99
AD_2026.09.24_AP2W8.2.oir,1,13,730.8,773.9,1125,0.876,3021.677,4013.609,78.925,25.490,2159,local,62.032,39.059,4095
AD_2026.09.24_AP2W8.2.oir,1,14,1501.1,787.6,1132,0.906,530.047,826.006,60.684,9.714,2145,local,62.032,39.059,2985
AD_2026.09.24_AP2W8.2.oir,1,15,1685.3,866.1,946,0.880,141.681,131.035,76.609,27.981,1588,local,62.032,39.059,297
AD_2026.09.24_AP2W8.2.oir,1,16,1662.1,906.5,1260,0.806,3663.390,4056.741,94.773,30.705,1782,local,62.032,39.059,4095
AD_2026.09.24_AP2W8.2.oir,1,17,914.9,917.2,987,0.905,203.745,268.004,61.162,9.867,2065,local,62.032,39.059,536
AD_2026.09.24_AP2W8.2.oir,1,18,1773.6,988.5,1688,0.887,3820.348,3430.877,91.587,23.997,2426,local,62.032,39.059,4095
AD_2026.09.24_AP2W8.2.oir,1,19,466.0,1035.7,1212,0.891,237.644,348.700,61.554,9.860,2184,local,62.032,39.059,642
AD_2026.09.24_AP2W8.2.oir,1,20,405.3,1058.6,884,0.882,752.603,1154.340,65.242,12.482,1600,local,62.032,39.059,2791
AD_2026.09.24_AP2W8.2.oir,1,21,391.8,1101.9,898,0.860,3539.033,4082.243,86.433,28.937,1625,local,62.032,39.059,4095
AD_2026.09.24_AP2W8.2.oir,1,22,120.2,1131.9,1498,0.879,2386.391,3135.830,76.633,19.475,2346,local,62.032,39.059,4095
AD_2026.09.24_AP2W8.2.oir,1,23,1918.7,1133.8,590,0.827,1411.780,1780.872,65.807,11.429,1833,local,62.032,39.059,4095
AD_2026.09.24_AP2W8.2.oir,1,24,1315.4,1169.9,1352,0.851,3515.939,4090.186,89.247,34.634,2287,local,62.032,39.059,4095
AD_2026.09.24_AP2W8.2.oir,1,25,413.8,1178.2,999,0.860,3605.639,4093.128,81.855,25.227,2098,local,62.032,39.059,4095
AD_2026.09.24_AP2W8.2.oir,1,26,702.6,1326.4,939,0.891,2325.561,3470.375,69.178,13.171,2038,local,62.032,39.059,4095
AD_2026.09.24_AP2W8.2.oir,1,27,1977.0,1397.2,1170,0.892,2841.786,3947.573,73.870,15.919,2175,local,62.032,39.059,4095
AD_2026.09.24_AP2W8.2.oir,1,28,904.6,1513.1,1166,0.880,2913.382,3990.218,72.936,14.902,2181,local,62.032,39.059,4095
AD_2026.09.24_AP2W8.2.oir,1,29,1487.8,1565.3,1191,0.802,671.071,357.131,77.177,19.835,2075,local,62.032,39.059,2010
AD_2026.09.24_AP2W8.2.oir,1,30,621.3,1630.0,810,0.841,3791.816,4085.269,87.698,28.887,1998,local,62.032,39.059,4095
AD_2026.09.24_AP2W8.2.oir,1,31,1540.9,1681.6,893,0.853,3816.890,4089.710,92.726,33.572,1695,local,62.032,39.059,4095
AD_2026.09.24_AP2W8.2.oir,1,32,1534.2,1739.3,1628,0.812,119.496,110.386,81.540,12.851,1951,local,62.032,39.059,179
AD_2026.09.24_AP2W8.2.oir,1,33,1820.4,1762.6,963,0.861,3836.708,4093.665,88.690,31.092,1970,local,62.032,39.059,4095
AD_2026.09.24_AP2W8.2.oir,1,34,990.2,1776.0,1256,0.893,3920.802,3802.135,89.842,21.923,2212,local,62.032,39.059,4095
AD_2026.09.24_AP2W8.2.oir,1,35,1600.7,1810.1,1079,0.890,3377.368,2742.735,79.422,16.378,1702,local,62.032,39.059,4095
AD_2026.09.24_AP2W8.2.oir,1,36,1640.2,1812.6,599,0.859,2505.775,3118.943,75.754,17.993,1341,local,62.032,39.059,4095
AD_2026.09.24_AP2W8.2.oir,1,37,580.5,1837.0,1055,0.900,700.919,1120.791,64.396,10.221,2105,local,62.032,39.059,4095
AD_2026.09.24_AP2W8.2.oir,1,38,737.5,1971.0,962,0.881,1044.394,1604.091,65.692,10.385,1668,local,62.032,39.059,3543
AD_2026.09.24_AP2W8.2.oir,1,39,779.7,1999.0,1293,0.872,957.345,1570.189,66.228,10.387,1888,local,62.032,39.059,3404
AD_2026.09.24_AP2W8.3.oir,1,1,1127.3,43.9,1218,0.899,383.454,448.578,64.250,10.675,2188,local,65.727,25.981,945
AD_2026.09.24_AP2W8.3.oir,1,2,96.9,73.0,1454,0.819,552.339,573.080,175.186,282.760,1729,local,65.727,25.981,4083
AD_2026.09.24_AP2W8.3.oir,1,3,68.4,144.1,1263,0.861,1335.962,721.402,236.917,301.206,1654,local,65.727,25.981,3698
AD_2026.09.24_AP2W8.3.oir,1,4,1007.6,347.6,1201,0.810,69.682,67.041,64.856,10.700,1288,local,65.727,25.981,133
AD_2026.09.24_AP2W8.3.oir,1,5,442.3,353.4,1619,0.863,297.005,299.955,72.759,14.843,2428,local,65.727,25.981,1094
AD_2026.09.24_AP2W8.3.oir,1,6,1102.2,387.1,1599,0.856,155.138,141.772,93.119,17.644,1875,local,65.727,25.981,244
AD_2026.09.24_AP2W8.3.oir,1,7,1775.8,428.1,1099,0.903,4090.587,4085.883,172.915,138.889,2128,local,65.727,25.981,4095
AD_2026.09.24_AP2W8.3.oir,1,8,1147.9,477.2,1049,0.894,1494.918,2154.580,74.411,15.611,2048,local,65.727,25.981,4095
AD_2026.09.24_AP2W8.3.oir,1,9,638.1,587.0,1089,0.892,3780.580,4094.981,123.136,68.196,2127,local,65.727,25.981,4095
AD_2026.09.24_AP2W8.3.oir,1,10,808.0,754.1,1234,0.895,263.656,362.244,65.534,10.141,2198,local,65.727,25.981,694
AD_2026.09.24_AP2W8.3.oir,1,11,575.8,816.8,1384,0.874,3663.509,4095.000,113.905,60.593,2297,local,65.727,25.981,4095
AD_2026.09.24_AP2W8.3.oir,1,12,427.9,882.1,1296,0.897,253.570,360.990,66.107,10.492,2234,local,65.727,25.981,756
AD_2026.09.24_AP2W8.3.oir,1,13,823.1,986.4,824,0.867,3781.351,4093.773,128.184,67.013,1490,local,65.727,25.981,4095
AD_2026.09.24_AP2W8.3.oir,1,14,822.6,1023.1,835,0.870,3914.734,4066.000,110.476,52.477,1488,local,65.727,25.981,4095
AD_2026.09.24_AP2W8.3.oir,1,15,1161.3,1037.3,1532,0.889,1828.849,3250.692,72.074,12.240,2349,local,65.727,25.981,4095
AD_2026.09.24_AP2W8.3.oir,1,16,670.6,1035.4,1172,0.878,2642.733,3944.193,74.321,13.021,2182,local,65.727,25.981,4095
AD_2026.09.24_AP2W8.3.oir,1,17,1500.0,1134.3,886,0.901,4068.003,4088.135,137.720,80.402,2007,local,65.727,25.981,4095
AD_2026.09.24_AP2W8.3.oir,1,18,2011.3,1251.1,857,0.904,2887.555,3298.204,85.750,28.633,1982,local,65.727,25.981,4095
AD_2026.09.24_AP2W8.3.oir,1,19,419.1,1308.9,1112,0.830,162.698,155.361,93.732,27.133,1360,local,65.727,25.981,279
AD_2026.09.24_AP2W8.3.oir,1,20,425.2,1357.5,2220,0.756,446.179,338.244,119.730,31.245,2054,local,65.727,25.981,1499
AD_2026.09.24_AP2W8.3.oir,1,21,1339.5,1381.7,808,0.818,1110.365,1501.911,70.671,12.044,1961,local,65.727,25.981,4000
AD_2026.09.24_AP2W8.3.oir,1,22,1091.5,1388.2,1025,0.874,3640.679,4089.463,120.673,87.561,2104,local,65.727,25.981,4095
AD_2026.09.24_AP2W8.3.oir,1,23,747.2,1439.2,1363,0.881,3381.365,4095.000,106.340,48.112,2280,local,65.727,25.981,4095
AD_2026.09.24_AP2W8.3.oir,1,24,1663.9,1443.0,1150,0.912,3102.243,4030.989,102.304,45.273,2151,local,65.727,25.981,4095
AD_2026.09.24_AP2W8.3.oir,1,25,912.4,1644.2,1363,0.842,97.204,95.140,80.655,22.583,1713,local,65.727,25.981,234
AD_2026.09.24_AP2W8.3.oir,1,26,686.7,1746.0,931,0.900,3239.524,4032.605,91.559,31.831,2034,local,65.727,25.981,4095
AD_2026.09.24_AP2W8.3.oir,1,27,1472.5,1836.6,1106,0.897,207.780,279.799,66.421,10.536,2135,local,65.727,25.981,568
AD_2026.09.24_AP2W8.3.oir,1,28,205.0,1953.3,798,0.897,3458.866,4056.528,84.026,24.609,1948,local,65.727,25.981,4095
AD_2026.09.24_AP2W8.3.oir,1,29,1037.9,1999.2,622,0.744,74.196,74.284,77.119,11.987,758,local,65.727,25.981,108
AD_2026.09.24_AP2W9.1.oir,1,1,400.9,90.6,719,0.815,4010.124,4093.473,92.668,80.654,1449,local,49.868,154.409,4095
AD_2026.09.24_AP2W9.1.oir,1,2,428.5,113.9,821,0.886,249.381,332.117,47.113,25.838,1475,local,49.868,154.409,961
AD_2026.09.24_AP2W9.1.oir,1,3,554.9,178.6,959,0.807,48.043,48.131,44.132,9.467,1608,local,49.868,154.409,88
AD_2026.09.24_AP2W9.1.oir,1,4,567.9,220.7,1231,0.851,125.218,107.157,59.099,12.842,1720,local,49.868,154.409,215
AD_2026.09.24_AP2W9.1.oir,1,5,368.4,291.6,1118,0.895,284.064,225.412,74.803,19.995,2142,local,49.868,154.409,507
AD_2026.09.24_AP2W9.1.oir,1,6,1471.7,297.9,1057,0.882,44.810,43.655,42.119,7.991,2117,local,49.868,154.409,74
AD_2026.09.24_AP2W9.1.oir,1,7,2008.6,307.2,1117,0.849,216.746,283.648,44.166,7.685,1624,local,49.868,154.409,660
AD_2026.09.24_AP2W9.1.oir,1,8,486.3,320.5,1035,0.879,3027.381,4006.521,90.066,65.571,2024,local,49.868,154.409,4095
AD_2026.09.24_AP2W9.1.oir,1,9,1820.5,322.9,883,0.894,971.561,1291.379,46.793,12.676,2001,local,49.868,154.409,2982
AD_2026.09.24_AP2W9.1.oir,1,10,861.2,444.0,971,0.891,2336.564,1295.695,89.410,31.119,2061,local,49.868,154.409,4095
AD_2026.09.24_AP2W9.1.oir,1,11,961.3,453.3,2013,0.842,1036.327,1239.861,448.486,1124.259,1888,local,49.868,154.409,4095
AD_2026.09.24_AP2W9.1.oir,1,12,1594.5,489.1,963,0.900,189.552,253.516,41.414,7.122,2053,local,49.868,154.409,538
AD_2026.09.24_AP2W9.1.oir,1,13,2012.9,511.3,927,0.897,2224.724,3290.236,46.518,10.348,2006,local,49.868,154.409,4095
AD_2026.09.24_AP2W9.1.oir,1,14,1346.4,520.4,863,0.887,3604.762,4095.000,109.599,92.806,1998,local,49.868,154.409,4095
AD_2026.09.24_AP2W9.1.oir,1,15,1931.1,574.1,1018,0.905,1556.145,2468.608,61.484,32.888,1608,local,49.868,154.409,4095
AD_2026.09.24_AP2W9.1.oir,1,16,1939.1,620.2,1407,0.900,101.719,91.630,57.968,10.562,1829,local,49.868,154.409,164
AD_2026.09.24_AP2W9.1.oir,1,17,88.6,671.7,1411,0.731,81.517,76.174,51.513,10.216,1747,local,49.868,154.409,138
AD_2026.09.24_AP2W9.1.oir,1,18,341.4,683.9,830,0.908,112.067,129.769,40.478,6.757,1961,local,49.868,154.409,247
AD_2026.09.24_AP2W9.1.oir,1,19,2002.8,699.5,1218,0.877,138.119,117.444,59.489,11.105,2200,local,49.868,154.409,223
AD_2026.09.24_AP2W9.1.oir,1,20,33.5,705.4,844,0.861,3951.710,3888.004,73.261,21.789,1372,local,49.868,154.409,4095
AD_2026.09.24_AP2W9.1.oir,1,21,75.8,715.4,1251,0.810,99.205,97.417,61.830,15.005,1217,local,49.868,154.409,243
AD_2026.09.24_AP2W9.1.oir,1,22,1012.9,707.2,639,0.876,2381.178,1559.526,69.519,20.265,1421,local,49.868,154.409,4095
AD_2026.09.24_AP2W9.1.oir,1,23,1422.1,808.0,737,0.905,2746.769,3728.317,69.352,41.011,1905,local,49.868,154.409,4095
AD_2026.09.24_AP2W9.1.oir,1,24,1329.9,832.4,894,0.741,43.536,43.642,42.666,7.575,1498,local,49.868,154.409,65
AD_2026.09.24_AP2W9.1.oir,1,25,426.2,867.6,893,0.895,1363.656,2128.851,50.555,15.173,2012,local,49.868,154.409,4095
AD_2026.09.24_AP2W9.1.oir,1,26,1341.2,870.5,1296,0.755,65.450,64.458,48.701,8.883,1046,local,49.868,154.409,133
AD_2026.09.24_AP2W9.1.oir,1,27,1316.1,902.9,1340,0.783,49.652,49.466,45.531,7.760,1119,local,49.868,154.409,85
AD_2026.09.24_AP2W9.1.oir,1,28,1202.9,962.0,869,0.899,1733.589,2645.463,57.309,21.825,1997,local,49.868,154.409,4095
AD_2026.09.24_AP2W9.1.oir,1,29,376.0,975.0,1142,0.897,1200.137,1983.249,48.547,12.235,2153,local,49.868,154.409,4095
AD_2026.09.24_AP2W9.1.oir,1,30,122.0,1022.4,799,0.894,1442.200,2038.975,45.761,8.737,1948,local,49.868,154.409,4095
AD_2026.09.24_AP2W9.1.oir,1,31,651.7,1054.2,1226,0.886,749.672,1232.821,48.382,11.218,2198,local,49.868,154.409,3551
AD_2026.09.24_AP2W9.1.oir,1,32,197.6,1082.1,1183,0.850,47.487,46.947,44.226,7.247,2196,local,49.868,154.409,80
AD_2026.09.24_AP2W9.1.oir,1,33,1779.4,1099.3,931,0.914,717.633,1090.216,44.845,8.469,2017,local,49.868,154.409,2602
AD_2026.09.24_AP2W9.1.oir,1,34,1468.5,1123.9,941,0.884,201.808,155.617,62.365,21.776,2042,local,49.868,154.409,397
AD_2026.09.24_AP2W9.1.oir,1,35,76.8,1180.1,964,0.884,548.638,844.393,43.937,7.758,2060,local,49.868,154.409,3190
AD_2026.09.24_AP2W9.1.oir,1,36,1915.7,1189.3,1390,0.849,124.168,117.243,59.555,11.516,1810,local,49.868,154.409,234
AD_2026.09.24_AP2W9.1.oir,1,37,169.3,1216.9,763,0.901,3249.402,3992.799,71.250,37.794,1927,local,49.868,154.409,4095
AD_2026.09.24_AP2W9.1.oir,1,38,422.0,1260.1,984,0.894,1835.136,2697.453,277.677,774.555,1961,local,49.868,154.409,4095
AD_2026.09.24_AP2W9.1.oir,1,39,314.2,1280.6,1297,0.876,104.138,88.147,51.935,10.614,2246,local,49.868,154.409,189
AD_2026.09.24_AP2W9.1.oir,1,40,272.0,1378.0,810,0.896,3022.925,3819.664,98.113,69.741,1696,local,49.868,154.409,4095
AD_2026.09.24_AP2W9.1.oir,1,41,287.8,1423.8,705,0.891,3567.013,4039.023,91.523,73.090,1622,local,49.868,154.409,4095
AD_2026.09.24_AP2W9.1.oir,1,42,1523.7,1440.5,1230,0.905,602.539,959.093,44.471,7.699,2197,local,49.868,154.409,2847
AD_2026.09.24_AP2W9.1.oir,1,43,27.7,1474.1,830,0.872,322.789,444.164,43.615,7.294,1724,local,49.868,154.409,960
AD_2026.09.24_AP2W9.1.oir,1,44,887.7,1614.0,1036,0.768,2076.853,2541.387,75.128,41.726,1467,local,49.868,154.409,4095
AD_2026.09.24_AP2W9.1.oir,1,45,1820.6,1646.1,891,0.844,2543.846,3473.564,60.963,24.108,1006,local,49.868,154.409,4095
AD_2026.09.24_AP2W9.1.oir,1,46,1859.7,1665.8,1162,0.877,1495.090,2401.602,52.830,15.644,1712,local,49.868,154.409,4095
AD_2026.09.24_AP2W9.1.oir,1,47,1142.4,1778.8,588,0.899,2835.480,3562.378,58.572,22.710,1801,local,49.868,154.409,4095
AD_2026.09.24_AP2W9.1.oir,1,48,1253.2,1898.5,1570,0.864,48.809,49.884,46.188,9.318,1688,local,49.868,154.409,135
AD_2026.09.24_AP2W9.1.oir,1,49,248.5,1910.1,945,0.758,89.694,83.931,51.663,8.818,1512,local,49.868,154.409,143
AD_2026.09.24_AP2W9.1.oir,1,50,1634.9,1928.9,555,0.709,377.007,434.893,45.027,7.436,1266,local,49.868,154.409,1335
AD_2026.09.24_AP2W9.1.oir,1,51,910.1,1929.8,795,0.914,339.809,467.149,44.284,7.581,1912,local,49.868,154.409,1182
AD_2026.09.24_AP2W9.1.oir,1,52,1510.4,1968.9,552,0.704,55.514,55.901,50.642,8.612,1120,local,49.868,154.409,89
AD_2026.09.24_AP2W9.1.oir,1,53,476.6,1989.0,560,0.879,3374.650,3863.241,72.912,59.653,1791,local,49.868,154.409,4095
AD_2026.09.24_AP2W9.2.oir,1,1,1180.2,84.6,1019,0.895,2050.438,3246.486,52.038,17.122,2086,local,53.805,131.924,4095
AD_2026.09.24_AP2W9.2.oir,1,2,307.4,112.6,1045,0.841,60.153,59.253,52.755,8.738,2138,local,53.805,131.924,96
AD_2026.09.24_AP2W9.2.oir,1,3,1106.7,125.6,1003,0.889,3490.877,4094.838,79.479,50.173,2081,local,53.805,131.924,4095
AD_2026.09.24_AP2W9.2.oir,1,4,1392.4,126.1,1050,0.883,618.198,992.386,47.148,10.045,2110,local,53.805,131.924,2655
AD_2026.09.24_AP2W9.2.oir,1,5,819.8,217.0,965,0.894,917.029,1451.437,56.001,46.059,1813,local,53.805,131.924,4095
AD_2026.09.24_AP2W9.2.oir,1,6,870.1,234.0,1016,0.904,3058.450,4005.640,79.115,55.291,1840,local,53.805,131.924,4095
AD_2026.09.24_AP2W9.2.oir,1,7,162.1,248.3,858,0.891,3711.071,3429.236,66.403,18.468,1992,local,53.805,131.924,4095
AD_2026.09.24_AP2W9.2.oir,1,8,1898.3,260.7,967,0.896,3287.366,4090.513,62.348,25.745,2057,local,53.805,131.924,4095
AD_2026.09.24_AP2W9.2.oir,1,9,1446.0,307.7,597,0.896,603.514,798.691,48.130,8.992,1813,local,53.805,131.924,2715
AD_2026.09.24_AP2W9.2.oir,1,10,1258.3,329.4,1191,0.903,2233.739,3522.311,63.299,25.250,2174,local,53.805,131.924,4095
AD_2026.09.24_AP2W9.2.oir,1,11,724.5,502.0,896,0.907,227.546,321.293,45.355,7.635,2003,local,53.805,131.924,625
AD_2026.09.24_AP2W9.2.oir,1,12,990.1,528.0,1577,0.712,49.774,49.515,48.722,8.111,2125,local,53.805,131.924,83
AD_2026.09.24_AP2W9.2.oir,1,13,450.5,588.0,1090,0.888,239.442,334.491,44.671,7.201,2130,local,53.805,131.924,680
AD_2026.09.24_AP2W9.2.oir,1,14,1728.1,786.0,1446,0.865,55.707,55.684,52.864,9.678,1869,local,53.805,131.924,108
AD_2026.09.24_AP2W9.2.oir,1,15,1699.4,827.7,970,0.886,147.705,128.294,64.349,12.246,1651,local,53.805,131.924,232
AD_2026.09.24_AP2W9.2.oir,1,16,1987.4,962.6,1051,0.893,2900.403,3939.414,61.378,17.169,2103,local,53.805,131.924,4095
AD_2026.09.24_AP2W9.2.oir,1,17,1777.7,1018.8,833,0.916,1928.076,1171.682,93.221,33.710,1964,local,53.805,131.924,4095
AD_2026.09.24_AP2W9.2.oir,1,18,445.2,1126.2,1415,0.822,58.743,58.265,55.092,8.675,1791,local,53.805,131.924,92
AD_2026.09.24_AP2W9.2.oir,1,19,983.6,1135.1,1218,0.904,323.029,477.300,52.497,8.524,2190,local,53.805,131.924,1112
AD_2026.09.24_AP2W9.2.oir,1,20,1384.9,1140.3,1039,0.903,4022.214,4095.000,94.757,41.529,2096,local,53.805,131.924,4095
AD_2026.09.24_AP2W9.2.oir,1,21,322.4,1158.3,1526,0.812,65.071,63.656,57.682,9.414,2132,local,53.805,131.924,129
AD_2026.09.24_AP2W9.2.oir,1,22,300.7,1214.9,898,0.900,164.347,207.423,54.368,9.036,1892,local,53.805,131.924,414
AD_2026.09.24_AP2W9.2.oir,1,23,383.0,1267.0,1459,0.750,65.308,64.914,59.288,9.219,2420,local,53.805,131.924,106
AD_2026.09.24_AP2W9.2.oir,1,24,1874.2,1463.9,1015,0.891,3131.914,3989.798,78.722,47.597,2080,local,53.805,131.924,4095
AD_2026.09.24_AP2W9.2.oir,1,25,892.5,1612.6,909,0.875,4095.000,4095.000,99.657,38.349,2025,local,53.805,131.924,4095
AD_2026.09.24_AP2W9.2.oir,1,26,526.4,1681.4,1150,0.890,3254.742,3696.543,78.844,21.052,2164,local,53.805,131.924,4095
AD_2026.09.24_AP2W9.2.oir,1,27,442.5,1754.7,869,0.724,60.951,61.622,58.987,9.367,1162,local,53.805,131.924,97
AD_2026.09.24_AP2W9.2.oir,1,28,1446.2,1777.2,968,0.879,470.102,687.533,48.701,8.717,2064,local,53.805,131.924,2634
AD_2026.09.24_AP2W9.2.oir,1,29,481.9,1847.9,725,0.870,226.447,263.517,58.920,9.094,1919,local,53.805,131.924,684
AD_2026.09.24_AP2W9.2.oir,1,30,631.7,1865.1,947,0.903,138.285,163.324,56.343,8.948,2035,local,53.805,131.924,336
AD_2026.09.24_AP2W9.2.oir,1,31,704.6,1900.2,950,0.834,3381.988,4017.621,73.796,18.059,2060,local,53.805,131.924,4095
AD_2026.09.24_AP2W9.2.oir,1,32,1096.4,1905.4,672,0.915,2483.390,3273.511,64.394,25.022,1849,local,53.805,131.924,4095
AD_2026.09.24_AP2W9.3.oir,1,1,1902.2,46.8,1183,0.896,914.478,1467.365,43.946,11.433,1839,local,54.638,197.229,3939
AD_2026.09.24_AP2W9.3.oir,1,2,1340.7,48.3,1114,0.904,117.381,143.679,38.663,6.730,2129,local,54.638,197.229,254
AD_2026.09.24_AP2W9.3.oir,1,3,495.4,46.0,806,0.882,3031.282,3911.843,54.178,17.290,1922,local,54.638,197.229,4095
AD_2026.09.24_AP2W9.3.oir,1,4,740.8,189.4,1749,0.830,44.325,43.751,42.819,7.209,2507,local,54.638,197.229,75
AD_2026.09.24_AP2W9.3.oir,1,5,210.6,208.3,1562,0.801,53.445,53.897,46.399,10.048,1853,local,54.638,197.229,98
AD_2026.09.24_AP2W9.3.oir,1,6,1929.4,209.8,912,0.700,41.140,40.848,41.040,6.805,1437,local,54.638,197.229,66
AD_2026.09.24_AP2W9.3.oir,1,7,1288.0,233.1,1158,0.886,49.631,49.207,41.933,7.146,2165,local,54.638,197.229,88
AD_2026.09.24_AP2W9.3.oir,1,8,235.8,244.2,990,0.737,206.397,186.127,74.889,21.110,848,local,54.638,197.229,348
AD_2026.09.24_AP2W9.3.oir,1,9,1879.4,258.0,1127,0.823,53.911,52.884,44.712,7.681,1560,local,54.638,197.229,118
AD_2026.09.24_AP2W9.3.oir,1,10,1615.2,265.4,1006,0.896,3460.225,4093.988,89.710,72.071,2078,local,54.638,197.229,4095
AD_2026.09.24_AP2W9.3.oir,1,11,1218.7,266.2,760,0.877,3397.186,3949.045,155.229,141.034,1495,local,54.638,197.229,4095
AD_2026.09.24_AP2W9.3.oir,1,12,1177.5,273.0,965,0.873,2150.711,3196.043,85.601,71.552,1179,local,54.638,197.229,4095
AD_2026.09.24_AP2W9.3.oir,1,13,1711.7,311.7,1142,0.889,2962.267,4016.074,81.469,57.121,2153,local,54.638,197.229,4095
AD_2026.09.24_AP2W9.3.oir,1,14,1174.5,310.4,648,0.865,3072.892,3717.867,80.245,58.759,1390,local,54.638,197.229,4095
AD_2026.09.24_AP2W9.3.oir,1,15,1032.5,318.9,868,0.866,3371.304,4079.256,107.086,86.523,2010,local,54.638,197.229,4095
AD_2026.09.24_AP2W9.3.oir,1,16,1323.7,324.5,862,0.896,126.542,109.159,51.410,11.741,1990,local,54.638,197.229,206
AD_2026.09.24_AP2W9.3.oir,1,17,1986.7,330.7,1157,0.901,114.895,99.863,55.768,9.537,2155,local,54.638,197.229,188
AD_2026.09.24_AP2W9.3.oir,1,18,234.2,346.8,622,0.762,2054.391,2547.072,51.570,14.953,1244,local,54.638,197.229,4095
AD_2026.09.24_AP2W9.3.oir,1,19,504.5,350.3,770,0.856,3071.423,3943.899,69.225,38.950,1895,local,54.638,197.229,4095
AD_2026.09.24_AP2W9.3.oir,1,20,1644.2,361.1,1361,0.828,229.478,322.018,45.286,10.305,1639,local,54.638,197.229,711
AD_2026.09.24_AP2W9.3.oir,1,21,306.9,363.3,730,0.897,431.093,564.297,44.903,10.900,1737,local,54.638,197.229,978
AD_2026.09.24_AP2W9.3.oir,1,22,1680.7,385.7,1230,0.774,213.543,186.982,61.840,11.546,1106,local,54.638,197.229,437
AD_2026.09.24_AP2W9.3.oir,1,23,615.9,395.1,665,0.879,1889.695,2642.353,52.989,21.115,1425,local,54.638,197.229,4095
AD_2026.09.24_AP2W9.3.oir,1,24,1663.8,434.4,631,0.770,51.997,52.360,52.537,10.919,930,local,54.638,197.229,73
AD_2026.09.24_AP2W9.3.oir,1,25,1637.2,486.5,2452,0.754,161.310,125.869,57.767,12.017,1355,local,54.638,197.229,328
AD_2026.09.24_AP2W9.3.oir,1,26,1588.2,478.0,1827,0.828,70.502,69.738,76.325,62.810,1398,local,54.638,197.229,115
AD_2026.09.24_AP2W9.3.oir,1,27,1527.6,480.3,852,0.804,3660.467,4095.000,475.491,1065.303,1694,local,54.638,197.229,4095
AD_2026.09.24_AP2W9.3.oir,1,28,1683.4,495.6,818,0.874,1009.507,606.764,53.998,11.856,1432,local,54.638,197.229,3229
AD_2026.09.24_AP2W9.3.oir,1,29,467.9,541.4,1467,0.852,39.518,39.118,39.716,6.642,2356,local,54.638,197.229,64
AD_2026.09.24_AP2W9.3.oir,1,30,1388.1,543.4,960,0.875,3144.765,4001.124,101.246,73.931,1670,local,54.638,197.229,4095
AD_2026.09.24_AP2W9.3.oir,1,31,1062.0,572.3,964,0.906,2329.899,3405.430,73.432,44.136,2050,local,54.638,197.229,4095
AD_2026.09.24_AP2W9.3.oir,1,32,1408.8,585.3,1052,0.888,1958.725,3073.464,65.510,41.246,1707,local,54.638,197.229,4095
AD_2026.09.24_AP2W9.3.oir,1,33,1907.4,596.7,899,0.884,1022.043,1520.486,48.161,12.186,1666,local,54.638,197.229,3464
AD_2026.09.24_AP2W9.3.oir,1,34,1249.5,612.4,612,0.896,403.809,545.046,41.638,7.930,1827,local,54.638,197.229,1645
AD_2026.09.24_AP2W9.3.oir,1,35,1573.8,650.1,1090,0.897,474.123,719.708,65.174,29.896,818,local,54.638,197.229,1800
AD_2026.09.24_AP2W9.3.oir,1,36,785.8,649.3,808,0.884,3358.110,4045.950,100.057,80.740,1447,local,54.638,197.229,4095
AD_2026.09.24_AP2W9.3.oir,1,37,1532.4,658.4,740,0.800,286.389,269.061,101.438,30.101,1357,local,54.638,197.229,427
AD_2026.09.24_AP2W9.3.oir,1,38,982.9,675.2,1159,0.891,174.831,144.956,65.949,22.290,1873,local,54.638,197.229,308
AD_2026.09.24_AP2W9.3.oir,1,39,791.8,708.2,2298,0.805,43.529,43.762,45.601,16.620,2240,local,54.638,197.229,77
AD_2026.09.24_AP2W9.3.oir,1,40,559.6,707.3,1251,0.854,60.771,58.310,46.496,7.728,1914,local,54.638,197.229,100
AD_2026.09.24_AP2W9.3.oir,1,41,947.2,720.1,1730,0.835,1153.284,604.115,67.171,27.682,2220,local,54.638,197.229,4095
AD_2026.09.24_AP2W9.3.oir,1,42,1779.1,733.2,1356,0.896,732.310,1298.516,43.934,8.183,2259,local,54.638,197.229,3924
AD_2026.09.24_AP2W9.3.oir,1,43,1309.0,750.6,870,0.881,1553.630,2377.885,51.399,16.167,2004,local,54.638,197.229,4095
AD_2026.09.24_AP2W9.3.oir,1,44,1970.8,760.5,948,0.838,2826.277,3891.865,67.415,37.887,1983,local,54.638,197.229,4095
AD_2026.09.24_AP2W9.3.oir,1,45,1840.9,799.9,956,0.902,380.186,552.813,41.200,7.264,2047,local,54.638,197.229,1456
AD_2026.09.24_AP2W9.3.oir,1,46,939.8,800.0,744,0.893,145.230,177.100,40.872,7.055,1918,local,54.638,197.229,300
AD_2026.09.24_AP2W9.3.oir,1,47,323.1,859.1,1411,0.841,89.637,85.434,65.310,14.563,940,local,54.638,197.229,141
AD_2026.09.24_AP2W9.3.oir,1,48,1856.6,888.1,1004,0.894,993.641,951.741,46.570,9.991,2075,local,54.638,197.229,2467
AD_2026.09.24_AP2W9.3.oir,1,49,308.4,910.2,1507,0.830,113.237,104.437,67.348,14.769,1900,local,54.638,197.229,182
AD_2026.09.24_AP2W9.3.oir,1,50,1374.2,926.8,1046,0.887,1092.060,608.403,77.034,23.032,1076,local,54.638,197.229,2608
AD_2026.09.24_AP2W9.3.oir,1,51,1367.7,971.2,1145,0.867,194.506,167.671,68.946,14.918,1642,local,54.638,197.229,308
AD_2026.09.24_AP2W9.3.oir,1,52,1292.2,980.6,989,0.797,3090.780,2312.277,69.856,20.001,1502,local,54.638,197.229,4095
AD_2026.09.24_AP2W9.3.oir,1,53,2017.7,977.7,487,0.739,42.312,42.086,41.457,7.120,1113,local,54.638,197.229,67
AD_2026.09.24_AP2W9.3.oir,1,54,102.8,1134.4,1331,0.895,385.902,265.423,72.315,18.125,2243,local,54.638,197.229,781
AD_2026.09.24_AP2W9.3.oir,1,55,1416.4,1150.3,1085,0.913,326.180,482.877,41.794,7.323,2112,local,54.638,197.229,1635
AD_2026.09.24_AP2W9.3.oir,1,56,1218.3,1162.4,867,0.891,264.646,364.412,41.724,7.372,1997,local,54.638,197.229,1112
AD_2026.09.24_AP2W9.3.oir,1,57,1291.0,1191.3,1080,0.905,458.035,712.458,43.178,7.983,2111,local,54.638,197.229,2675
AD_2026.09.24_AP2W9.3.oir,1,58,1728.8,1248.9,736,0.844,397.698,338.002,87.046,21.479,1300,local,54.638,197.229,676
AD_2026.09.24_AP2W9.3.oir,1,59,828.4,1250.4,872,0.883,703.308,1056.351,44.508,9.004,2004,local,54.638,197.229,3420
AD_2026.09.24_AP2W9.3.oir,1,60,1195.9,1291.7,1162,0.905,381.695,574.805,44.317,8.658,2160,local,54.638,197.229,1574
AD_2026.09.24_AP2W9.3.oir,1,61,618.6,1301.9,959,0.901,103.117,113.283,40.568,6.907,2049,local,54.638,197.229,202
AD_2026.09.24_AP2W9.3.oir,1,62,952.0,1355.3,1413,0.830,389.235,268.490,88.230,43.718,1623,local,54.638,197.229,811
AD_2026.09.24_AP2W9.3.oir,1,63,965.1,1393.6,653,0.706,91.172,91.080,57.253,19.742,1381,local,54.638,197.229,257
AD_2026.09.24_AP2W9.3.oir,1,64,443.5,1424.6,920,0.895,252.472,347.996,43.064,7.952,2027,local,54.638,197.229,866
AD_2026.09.24_AP2W9.3.oir,1,65,1682.8,1434.7,839,0.904,607.027,890.264,45.042,7.912,1977,local,54.638,197.229,3569
AD_2026.09.24_AP2W9.3.oir,1,66,875.4,1458.3,958,0.913,1540.907,2348.112,55.687,20.623,2036,local,54.638,197.229,4095
AD_2026.09.24_AP2W9.3.oir,1,67,1135.9,1508.9,1032,0.873,180.473,154.806,69.002,16.198,1971,local,54.638,197.229,295
AD_2026.09.24_AP2W9.3.oir,1,68,678.0,1529.4,2032,0.877,330.038,223.756,78.003,20.119,2250,local,54.638,197.229,809
AD_2026.09.24_AP2W9.3.oir,1,69,604.0,1545.7,2071,0.871,45.620,46.143,51.196,17.619,2552,local,54.638,197.229,78
AD_2026.09.24_AP2W9.3.oir,1,70,1767.7,1534.7,744,0.889,3919.300,4095.000,98.731,70.273,1920,local,54.638,197.229,4095
AD_2026.09.24_AP2W9.3.oir,1,71,1866.9,1553.0,1101,0.885,290.098,422.743,42.703,7.155,2138,local,54.638,197.229,1109
AD_2026.09.24_AP2W9.3.oir,1,72,942.1,1578.6,1152,0.824,93.619,88.901,58.046,10.912,1651,local,54.638,197.229,282
AD_2026.09.24_AP2W9.3.oir,1,73,1418.8,1586.2,760,0.898,2973.349,3797.457,80.222,49.114,1927,local,54.638,197.229,4095
AD_2026.09.24_AP2W9.3.oir,1,74,921.7,1616.9,1171,0.771,94.691,88.982,59.144,13.227,1687,local,54.638,197.229,330
AD_2026.09.24_AP2W9.3.oir,1,75,1282.4,1645.7,713,0.890,1792.216,2449.781,66.856,39.315,1789,local,54.638,197.229,4095
AD_2026.09.24_AP2W9.3.oir,1,76,312.9,1651.7,887,0.902,272.399,352.268,44.959,10.194,2002,local,54.638,197.229,898
AD_2026.09.24_AP2W9.3.oir,1,77,1135.5,1691.9,1409,0.715,53.327,52.027,47.808,8.471,1885,local,54.638,197.229,91
AD_2026.09.24_AP2W9.3.oir,1,78,1272.8,1762.4,1068,0.693,42.992,43.422,43.384,7.686,1149,local,54.638,197.229,67
AD_2026.09.24_AP2W9.3.oir,1,79,1990.7,1769.5,963,0.751,117.040,139.309,59.522,10.542,1359,local,54.638,197.229,725
AD_2026.09.24_AP2W9.3.oir,1,80,1657.1,1769.4,1009,0.907,1079.232,1671.877,46.820,9.513,2077,local,54.638,197.229,4095
AD_2026.09.24_AP2W9.3.oir,1,81,2024.0,1771.3,619,0.757,292.725,342.751,54.063,9.694,962,local,54.638,197.229,857
AD_2026.09.24_AP2W9.3.oir,1,82,1750.3,1834.2,1200,0.883,219.102,309.255,42.443,7.189,2190,local,54.638,197.229,674
AD_2026.09.24_AP2W9.3.oir,1,83,1159.9,1844.3,1321,0.904,110.421,97.944,58.958,11.032,2240,local,54.638,197.229,176
AD_2026.09.24_AP2W9.3.oir,1,84,1439.4,1860.0,605,0.903,4095.000,4095.000,91.453,38.840,1813,local,54.638,197.229,4095
AD_2026.09.24_AP2W9.3.oir,1,85,1909.9,1995.8,1116,0.885,1043.463,457.892,55.078,11.053,2146,local,54.638,197.229,3028
AD_2026.09.24_AP2W9.3_0001.oir,1,1,299.2,32.5,853,0.886,3705.137,3979.757,100.723,120.456,1918,local,47.976,126.416,4095
AD_2026.09.24_AP2W9.3_0001.oir,1,2,1415.7,103.7,1121,0.897,3106.221,3834.824,94.914,92.075,2142,local,47.976,126.416,4095
AD_2026.09.24_AP2W9.3_0001.oir,1,3,753.5,157.4,1492,0.868,90.629,83.659,56.173,17.450,2100,local,47.976,126.416,180
AD_2026.09.24_AP2W9.3_0001.oir,1,4,323.8,165.8,766,0.884,4014.918,3966.358,64.785,21.614,1939,local,47.976,126.416,4095
AD_2026.09.24_AP2W9.3_0001.oir,1,5,586.3,186.0,1105,0.888,412.865,619.922,45.500,12.552,2139,local,47.976,126.416,1424
AD_2026.09.24_AP2W9.3_0001.oir,1,6,765.5,214.8,935,0.891,799.026,1022.703,55.868,17.530,1687,local,47.976,126.416,3014
AD_2026.09.24_AP2W9.3_0001.oir,1,7,1459.4,241.3,821,0.899,4094.616,4095.000,202.564,264.064,1966,local,47.976,126.416,4095
AD_2026.09.24_AP2W9.3_0001.oir,1,8,559.1,251.6,1291,0.886,2600.794,3746.639,72.980,53.308,2237,local,47.976,126.416,4095
AD_2026.09.24_AP2W9.3_0001.oir,1,9,783.0,270.7,1188,0.893,919.576,1449.178,46.867,11.837,2062,local,47.976,126.416,3004
AD_2026.09.24_AP2W9.3_0001.oir,1,10,695.4,290.8,1309,0.899,2195.827,1608.332,54.038,12.873,2232,local,47.976,126.416,4095
AD_2026.09.24_AP2W9.3_0001.oir,1,11,1505.4,446.3,1395,0.900,1686.654,2802.863,54.298,23.848,2281,local,47.976,126.416,4095
AD_2026.09.24_AP2W9.3_0001.oir,1,12,262.2,494.2,1260,0.871,3725.048,4093.085,78.148,40.101,2232,local,47.976,126.416,4095
AD_2026.09.24_AP2W9.3_0001.oir,1,13,934.5,497.8,934,0.913,2720.242,1741.951,69.317,25.882,2029,local,47.976,126.416,4095
AD_2026.09.24_AP2W9.3_0001.oir,1,14,910.6,599.1,946,0.893,2817.947,3603.545,77.448,50.375,2040,local,47.976,126.416,4095
AD_2026.09.24_AP2W9.3_0001.oir,1,15,1536.6,622.9,1190,0.898,312.882,442.228,43.132,7.645,2179,local,47.976,126.416,1044
AD_2026.09.24_AP2W9.3_0001.oir,1,16,1158.4,687.9,1211,0.902,1386.712,2263.532,52.198,18.007,1948,local,47.976,126.416,4095
AD_2026.09.24_AP2W9.3_0001.oir,1,17,1602.3,692.6,896,0.898,3077.173,3719.222,74.785,50.522,2013,local,47.976,126.416,4095
AD_2026.09.24_AP2W9.3_0001.oir,1,18,1880.8,726.8,818,0.742,384.413,488.654,59.046,53.286,1040,local,47.976,126.416,1564
AD_2026.09.24_AP2W9.3_0001.oir,1,19,1823.2,733.4,833,0.783,2604.515,3173.327,49.555,10.628,1482,local,47.976,126.416,4095
AD_2026.09.24_AP2W9.3_0001.oir,1,20,1900.1,763.0,833,0.858,3844.274,3994.900,102.687,97.741,1498,local,47.976,126.416,4095
AD_2026.09.24_AP2W9.3_0001.oir,1,21,668.6,782.7,1168,0.897,185.592,247.305,42.584,7.133,2167,local,47.976,126.416,822
AD_2026.09.24_AP2W9.3_0001.oir,1,22,1983.9,789.5,1032,0.876,1334.229,1946.166,48.181,14.732,2105,local,47.976,126.416,4095
AD_2026.09.24_AP2W9.3_0001.oir,1,23,301.7,1059.9,948,0.891,477.698,682.104,43.779,7.540,2047,local,47.976,126.416,4095
AD_2026.09.24_AP2W9.3_0001.oir,1,24,1334.3,1108.2,1027,0.893,3285.256,3938.894,117.926,163.377,2090,local,47.976,126.416,4095
AD_2026.09.24_AP2W9.3_0001.oir,1,25,763.4,1213.7,861,0.891,3340.490,2981.668,65.182,20.425,1980,local,47.976,126.416,4095
AD_2026.09.24_AP2W9.3_0001.oir,1,26,811.9,1291.0,1703,0.857,79.244,65.115,50.729,10.690,2448,local,47.976,126.416,290
AD_2026.09.24_AP2W9.3_0001.oir,1,27,765.6,1370.9,1064,0.866,2252.178,3294.206,54.105,20.860,2127,local,47.976,126.416,4095
AD_2026.09.24_AP2W9.3_0001.oir,1,28,1905.3,1424.1,1161,0.868,3051.170,3829.430,72.592,69.987,2151,local,47.976,126.416,4095
AD_2026.09.24_AP2W9.3_0001.oir,1,29,181.3,1438.2,749,0.920,1218.453,1672.106,46.248,8.500,1565,local,47.976,126.416,4095
AD_2026.09.24_AP2W9.3_0001.oir,1,30,136.7,1446.6,916,0.891,249.594,318.202,45.690,7.739,1680,local,47.976,126.416,585
AD_2026.09.24_AP2W9.3_0001.oir,1,31,50.3,1463.1,878,0.889,3893.174,4095.000,77.777,45.263,2000,local,47.976,126.416,4095
AD_2026.09.24_AP2W9.3_0001.oir,1,32,644.7,1576.4,657,0.890,3889.560,4092.300,94.937,76.874,1859,local,47.976,126.416,4095
AD_2026.09.24_AP2W9.3_0001.oir,1,33,1568.5,1793.6,1267,0.896,360.021,525.407,44.503,7.172,2220,local,47.976,126.416,1640
AD_2026.09.24_AP2W9.3_0001.oir,1,34,330.1,1994.9,931,0.888,1249.171,809.525,55.461,11.343,2033,local,47.976,126.416,3119
